7,Bottleneck,Full-Contraction,1.0,3063.632358616614,150,0,1.0
7,Bottleneck,Full-Contraction,1.0,2853.795074127464,145,0,1.0
7,Bottleneck,Full-Contraction,1.0,2439.4390255153876,136,0,1.0
7,Bottleneck,Full-Contraction,1.0,2354.639666146636,129,0,1.0
7,Bottleneck,Full-Contraction,1.0,3554.981703797709,174,0,1.0
7,Bottleneck,Full-Contraction,1.0,1878.7532343250439,101,0,1.0
7,Bottleneck,Full-Contraction,1.0,1646.0462232256396,93,0,1.0
7,Bottleneck,Full-Contraction,1.0,3378.960939266759,166,0,1.0
7,Bottleneck,Full-Contraction,1.0,2195.4566883502976,108,0,1.0
7,Bottleneck,Full-Contraction,1.0,3660.415979204716,178,0,1.0
7,Bottleneck,Full-Contraction,1.0,2552.9417186044548,138,0,1.0
7,Bottleneck,Full-Contraction,1.0,2295.642022884326,118,0,1.0
7,Bottleneck,Full-Contraction,1.0,1653.9654560633671,88,0,1.0
7,Bottleneck,Full-Contraction,1.0,2474.4613929541183,135,0,1.0
7,Bottleneck,Full-Contraction,1.0,3596.535589139252,176,0,1.0
7,Bottleneck,Full-Contraction,1.0,2977.794601092293,157,0,1.0
7,Bottleneck,Full-Contraction,1.0,1970.552844816622,119,0,1.0
7,Bottleneck,Full-Contraction,1.0,2276.4727526005227,120,0,1.0
7,Bottleneck,Full-Contraction,1.0,2583.4108883694616,127,0,1.0
7,Bottleneck,Full-Contraction,1.0,1294.007638816083,72,0,1.0
7,Bottleneck,Full-Contraction,1.0,1988.8919633355943,99,0,1.0
7,Bottleneck,Full-Contraction,1.0,1501.6237793519513,79,0,1.0
7,Bottleneck,Full-Contraction,1.0,2021.164104926731,100,0,1.0
7,Bottleneck,Full-Contraction,1.0,3384.5146550353656,178,0,1.0
7,Bottleneck,Full-Contraction,1.0,2087.390747402764,106,0,1.0
7,Bottleneck,Full-Contraction,1.0,1964.3131075609967,97,0,1.0
7,Bottleneck,Full-Contraction,1.0,1973.409306422895,109,0,1.0
7,Bottleneck,Full-Contraction,1.0,2011.5580323578492,114,0,1.0
7,Bottleneck,Full-Contraction,1.0,1789.0625376757016,89,0,1.0
7,Bottleneck,Full-Contraction,1.0,1419.7172112556668,84,0,1.0
7,Bottleneck,Full-Contraction,1.0,2320.893202938557,120,0,1.0
7,Bottleneck,Full-Contraction,1.0,2493.194937364621,123,0,1.0
7,Bottleneck,Full-Contraction,1.0,2911.2079691473086,148,0,1.0
7,Bottleneck,Full-Contraction,1.0,2650.2991502100917,132,0,1.0
7,Bottleneck,Full-Contraction,1.0,3916.307501141753,191,0,1.0
7,Bottleneck,Full-Contraction,1.0,2963.861271512959,150,0,1.0
7,Bottleneck,Full-Contraction,1.0,2796.5300809976243,138,0,1.0
7,Bottleneck,Full-Contraction,1.0,3000.2737496791415,149,0,1.0
7,Bottleneck,Full-Contraction,1.0,2395.165513497725,127,0,1.0
7,Bottleneck,Full-Contraction,1.0,2654.518305249792,134,0,1.0
7,Bottleneck,Full-Contraction,1.0,1490.96479338582,79,0,1.0
7,Bottleneck,Full-Contraction,1.0,2616.413071749896,129,0,1.0
7,Bottleneck,Full-Contraction,1.0,2267.4088874847184,128,0,1.0
7,Bottleneck,Full-Contraction,1.0,3595.1266978392105,187,0,1.0
7,Bottleneck,Full-Contraction,1.0,2770.1283289217813,136,0,1.0
7,Bottleneck,Full-Contraction,1.0,4068.37595601863,199,0,1.0
7,Bottleneck,Full-Contraction,1.0,1732.7006797696768,87,0,1.0
7,Bottleneck,Full-Contraction,1.0,3429.7070128025885,168,0,1.0
7,Bottleneck,Full-Contraction,1.0,2288.085567442169,128,0,1.0
7,Bottleneck,Full-Contraction,1.0,3711.3557306663824,181,0,1.0
7,Bottleneck,Full-Contraction,1.0,2670.2402775631435,135,0,1.0
7,Bottleneck,Full-Contraction,1.0,3043.236718043054,149,0,1.0
7,Bottleneck,Full-Contraction,1.0,1565.4208786955946,89,0,1.0
7,Bottleneck,Full-Contraction,1.0,3172.072139382999,156,0,1.0
7,Bottleneck,Full-Contraction,1.0,2023.589591420236,101,0,1.0
7,Bottleneck,Full-Contraction,1.0,1416.7397820158103,83,0,1.0
7,Bottleneck,Full-Contraction,1.0,3390.704845015337,167,0,1.0
7,Bottleneck,Full-Contraction,1.0,1970.3960136716469,103,0,1.0
7,Bottleneck,Full-Contraction,1.0,2587.9336504281073,135,0,1.0
7,Bottleneck,Full-Contraction,1.0,2699.7331711482834,139,0,1.0
7,Bottleneck,Full-Contraction,1.0,2872.746288088744,154,0,1.0
7,Bottleneck,Full-Contraction,1.0,3486.036051551548,174,0,1.0
7,Bottleneck,Full-Contraction,1.0,3540.383150275439,173,0,1.0
7,Bottleneck,Full-Contraction,1.0,1559.0271410464352,96,0,1.0
7,Bottleneck,Full-Contraction,1.0,2421.1276998518724,122,0,1.0
7,Bottleneck,Full-Contraction,1.0,2251.3924693047725,116,0,1.0
7,Bottleneck,Full-Contraction,1.0,2122.714903372977,105,0,1.0
7,Bottleneck,Full-Contraction,1.0,1605.6968543710632,82,0,1.0
7,Bottleneck,Full-Contraction,1.0,3090.9345300888217,153,0,1.0
7,Bottleneck,Full-Contraction,1.0,2013.3660390303417,100,0,1.0
7,Bottleneck,Full-Contraction,1.0,2410.5051954296605,119,0,1.0
7,Bottleneck,Full-Contraction,1.0,2084.426972295572,103,0,1.0
7,Bottleneck,Full-Contraction,1.0,3304.99900837881,161,0,1.0
7,Bottleneck,Full-Contraction,1.0,2744.349961574082,140,0,1.0
7,Bottleneck,Full-Contraction,1.0,3834.447716429109,187,0,1.0
7,Bottleneck,Full-Contraction,1.0,2436.9312244619236,123,0,1.0
7,Bottleneck,Full-Contraction,1.0,2335.5097834802446,115,0,1.0
7,Bottleneck,Full-Contraction,1.0,3048.758318779377,149,0,1.0
7,Bottleneck,Full-Contraction,1.0,2028.0733539556556,100,0,1.0
7,Bottleneck,Full-Contraction,1.0,1640.8412938795195,105,0,1.0
7,Bottleneck,Full-Contraction,1.0,1968.8703204238495,113,0,1.0
7,Bottleneck,Full-Contraction,1.0,3334.1077622151715,163,0,1.0
7,Bottleneck,Full-Contraction,1.0,2510.7032410758325,124,0,1.0
7,Bottleneck,Full-Contraction,1.0,2987.840300720155,149,0,1.0
7,Bottleneck,Full-Contraction,1.0,2417.2433743959086,126,0,1.0
7,Bottleneck,Full-Contraction,1.0,2859.296628368084,141,0,1.0
7,Bottleneck,Full-Contraction,1.0,1325.0800071606318,85,0,1.0
7,Bottleneck,Full-Contraction,1.0,2267.368346638104,118,0,1.0
7,Bottleneck,Full-Contraction,1.0,3630.75148135772,178,0,1.0
7,Bottleneck,Full-Contraction,1.0,2776.012139339259,145,0,1.0
7,Bottleneck,Full-Contraction,1.0,1911.665945670923,95,0,1.0
7,Bottleneck,Full-Contraction,1.0,2439.5574795890916,122,0,1.0
7,Bottleneck,Full-Contraction,1.0,1458.9378781920984,86,0,1.0
7,Bottleneck,Full-Contraction,1.0,3100.8434875352086,158,0,1.0
7,Bottleneck,Full-Contraction,1.0,2936.710059518954,156,0,1.0
7,Bottleneck,Full-Contraction,1.0,3045.797852569096,149,0,1.0
7,Bottleneck,Full-Contraction,1.0,2216.172508768327,123,0,1.0
7,Bottleneck,Full-Contraction,1.0,3103.6909939479974,152,0,1.0
7,Bottleneck,Full-Contraction,1.0,3245.0853587397028,175,0,1.0
7,Bottleneck,Full-Contraction,1.0,2528.607392157441,136,0,1.0
7,Bottleneck,Full-Contraction,1.0,1741.1447007966976,86,0,1.0
7,Bottleneck,Full-Contraction,1.0,1677.5554187888474,85,0,1.0
7,Bottleneck,Full-Contraction,1.0,3027.9332732289436,151,0,1.0
7,Bottleneck,Full-Contraction,1.0,1671.292046778406,90,0,1.0
7,Bottleneck,Full-Contraction,1.0,2323.2449389942485,115,0,1.0
7,Bottleneck,Full-Contraction,1.0,2525.0114116766817,136,0,1.0
7,Bottleneck,Full-Contraction,1.0,1752.5839397511586,95,0,1.0
7,Bottleneck,Full-Contraction,1.0,2209.5491238214336,119,0,1.0
7,Bottleneck,Full-Contraction,1.0,1405.0471785443654,79,0,1.0
7,Bottleneck,Full-Contraction,1.0,1919.8861822940044,105,0,1.0
7,Bottleneck,Full-Contraction,1.0,1479.2913369708829,78,0,1.0
7,Bottleneck,Full-Contraction,1.0,2861.7251177201615,159,0,1.0
7,Bottleneck,Full-Contraction,1.0,1858.879270428266,92,0,1.0
7,Bottleneck,Full-Contraction,1.0,1988.1962015082652,100,0,1.0
7,Bottleneck,Full-Contraction,1.0,2158.415616468457,112,0,1.0
7,Bottleneck,Full-Contraction,1.0,3632.762082315421,185,0,1.0
7,Bottleneck,Full-Contraction,1.0,2642.016657939147,147,0,1.0
7,Bottleneck,Full-Contraction,1.0,3030.6466062170693,148,0,1.0
7,Bottleneck,Full-Contraction,1.0,2069.3456029557165,111,0,1.0
7,Bottleneck,Full-Contraction,1.0,2231.2849830333726,121,0,1.0
7,Bottleneck,Full-Contraction,1.0,1887.0693904635712,94,0,1.0
7,Bottleneck,Full-Contraction,1.0,1983.6160674117461,114,0,1.0
7,Bottleneck,Full-Contraction,1.0,1747.7470810325754,94,0,1.0
7,Bottleneck,Full-Contraction,1.0,2086.7559248048524,113,0,1.0
7,Bottleneck,Full-Contraction,1.0,1892.9913946339245,105,0,1.0
7,Bottleneck,Full-Contraction,1.0,2652.0217719104667,140,0,1.0
7,Bottleneck,Full-Contraction,1.0,2145.5587176186555,111,0,1.0
7,Bottleneck,Full-Contraction,1.0,2926.3862012382706,143,0,1.0
7,Bottleneck,Full-Contraction,1.0,1695.280835421417,84,0,1.0
7,Bottleneck,Full-Contraction,1.0,2341.5529301637725,115,0,1.0
7,Bottleneck,Full-Contraction,1.0,2878.442835504922,147,0,1.0
7,Bottleneck,Full-Contraction,1.0,4254.7582612964725,207,0,1.0
7,Bottleneck,Full-Contraction,1.0,3977.068447255316,194,0,1.0
7,Bottleneck,Full-Contraction,1.0,1737.537511206533,86,0,1.0
7,Bottleneck,Full-Contraction,1.0,1462.3626732681087,77,0,1.0
7,Bottleneck,Full-Contraction,1.0,3092.4835605322105,157,0,1.0
7,Bottleneck,Full-Contraction,1.0,2761.184702558283,135,0,1.0
7,Bottleneck,Full-Contraction,1.0,1183.932071503408,80,0,1.0
7,Bottleneck,Full-Contraction,1.0,1660.4519433160235,95,0,1.0
7,Bottleneck,Full-Contraction,1.0,1804.047096694933,90,0,1.0
7,Bottleneck,Full-Contraction,1.0,1791.6956638435286,91,0,1.0
7,Bottleneck,Full-Contraction,1.0,1636.6307214234944,82,0,1.0
7,Bottleneck,Full-Contraction,1.0,2674.371107009799,133,0,1.0
7,Bottleneck,Full-Contraction,1.0,2340.6136116521934,119,0,1.0
7,Bottleneck,Full-Contraction,1.0,2246.0707021929024,110,0,1.0
7,Bottleneck,Full-Contraction,1.0,3105.046958395973,152,0,1.0
7,Bottleneck,Full-Contraction,1.0,2116.5738809208347,109,0,1.0
7,Bottleneck,Full-Contraction,1.0,3438.738388998036,169,0,1.0
7,Bottleneck,Full-Contraction,1.0,3169.725956806832,155,0,1.0
7,Bottleneck,Full-Contraction,1.0,3214.195696455915,160,0,1.0
7,Bottleneck,Full-Contraction,1.0,2522.758397971338,124,0,1.0
7,Bottleneck,Full-Contraction,1.0,3027.056185461826,148,0,1.0
7,Bottleneck,Full-Contraction,1.0,2801.812683066778,146,0,1.0
7,Bottleneck,Full-Contraction,1.0,1546.8895015942107,87,0,1.0
7,Bottleneck,Full-Contraction,1.0,1426.05845988509,73,0,1.0
7,Bottleneck,Full-Contraction,1.0,1761.7217939841994,88,0,1.0
7,Bottleneck,Full-Contraction,1.0,3026.4403399130624,150,0,1.0
7,Bottleneck,Full-Contraction,1.0,2259.5278675540326,112,0,1.0
7,Bottleneck,Full-Contraction,1.0,2849.6810982214656,149,0,1.0
7,Bottleneck,Full-Contraction,1.0,4287.278599129137,209,0,1.0
7,Bottleneck,Full-Contraction,1.0,2126.4066499854293,109,0,1.0
7,Bottleneck,Full-Contraction,1.0,2544.5032502870745,125,0,1.0
7,Bottleneck,Full-Contraction,1.0,2580.0410943242105,131,0,1.0
7,Bottleneck,Full-Contraction,1.0,3287.8030879458724,161,0,1.0
7,Bottleneck,Full-Contraction,1.0,2550.5993095712015,125,0,1.0
7,Bottleneck,Full-Contraction,1.0,3104.6889578300443,153,0,1.0
7,Bottleneck,Full-Contraction,1.0,2480.271804714549,122,0,1.0
7,Bottleneck,Full-Contraction,1.0,2569.498278503781,126,0,1.0
7,Bottleneck,Full-Contraction,1.0,3921.524911820147,198,0,1.0
7,Bottleneck,Full-Contraction,1.0,2582.2144714655296,127,0,1.0
7,Bottleneck,Full-Contraction,1.0,3118.1615994482436,156,0,1.0
7,Bottleneck,Full-Contraction,1.0,3429.5638176184952,168,0,1.0
7,Bottleneck,Full-Contraction,1.0,2218.2036121235114,116,0,1.0
7,Bottleneck,Full-Contraction,1.0,3125.0071303390782,155,0,1.0
7,Bottleneck,Full-Contraction,1.0,1651.2190364440119,91,0,1.0
7,Bottleneck,Full-Contraction,1.0,2446.704956186843,126,0,1.0
7,Bottleneck,Full-Contraction,1.0,2161.1394962247177,109,0,1.0
7,Bottleneck,Full-Contraction,1.0,3060.229474494226,153,0,1.0
7,Bottleneck,Full-Contraction,1.0,2494.729394133755,130,0,1.0
7,Bottleneck,Full-Contraction,1.0,3625.2571651810595,177,0,1.0
7,Bottleneck,Full-Contraction,1.0,2166.064475439129,125,0,1.0
7,Bottleneck,Full-Contraction,1.0,1908.694374109542,104,0,1.0
7,Bottleneck,Full-Contraction,1.0,3237.7211222478672,165,0,1.0
7,Bottleneck,Full-Contraction,1.0,2691.645828726737,135,0,1.0
7,Bottleneck,Full-Contraction,1.0,2782.10016390076,137,0,1.0
7,Bottleneck,Full-Contraction,1.0,2445.8777086702275,141,0,1.0
7,Bottleneck,Full-Contraction,1.0,2071.477831958288,117,0,1.0
7,Bottleneck,Full-Contraction,1.0,1818.0179485448184,102,0,1.0
7,Bottleneck,Full-Contraction,1.0,3540.4863931652094,173,0,1.0
7,Bottleneck,Full-Contraction,1.0,3336.160089630757,163,0,1.0
7,Bottleneck,Full-Contraction,1.0,1647.6490291130526,91,0,1.0
7,Bottleneck,Full-Contraction,1.0,2354.282496802288,116,0,1.0
7,Bottleneck,Full-Contraction,1.0,3126.424738707333,153,0,1.0
7,Bottleneck,Full-Contraction,1.0,2797.577525047349,142,0,1.0
7,Bottleneck,Full-Contraction,1.0,3622.95994563942,177,0,1.0
7,Bottleneck,Full-Contraction,1.0,1982.129447088415,98,0,1.0
7,Bottleneck,Full-Contraction,1.0,3235.7214690107003,158,0,1.0
7,Bottleneck,Full-Contraction,1.0,3712.896766005131,181,0,1.0
7,Bottleneck,Full-Contraction,1.0,2985.0516843000496,152,0,1.0
7,Bottleneck,Full-Contraction,1.0,2435.948767862808,126,0,1.0
7,Bottleneck,Full-Contraction,1.0,2753.530158999876,135,0,1.0
7,Bottleneck,Full-Contraction,1.0,2448.7062087668296,130,0,1.0
7,Bottleneck,Full-Contraction,1.0,2704.7272867180013,134,0,1.0
7,Bottleneck,Full-Contraction,1.0,1776.1924137504939,98,0,1.0
7,Bottleneck,Full-Contraction,1.0,3008.688471733862,152,0,1.0
7,Bottleneck,Full-Contraction,1.0,1522.1570689272207,79,0,1.0
7,Bottleneck,Full-Contraction,1.0,1789.25122440912,94,0,1.0
7,Bottleneck,Full-Contraction,1.0,1894.0291377437165,97,0,1.0
7,Bottleneck,Full-Contraction,1.0,2902.452485898857,142,0,1.0
7,Bottleneck,Full-Contraction,1.0,3009.290589172122,147,0,1.0
7,Bottleneck,Full-Contraction,1.0,2176.1806534344014,107,0,1.0
7,Bottleneck,Full-Contraction,1.0,1532.4644637196734,90,0,1.0
7,Bottleneck,Full-Contraction,1.0,2377.7524231031084,128,0,1.0
7,Bottleneck,Full-Contraction,1.0,3336.353959882882,163,0,1.0
7,Bottleneck,Full-Contraction,1.0,2441.3747177965306,120,0,1.0
7,Bottleneck,Full-Contraction,1.0,3240.656774294648,163,0,1.0
7,Bottleneck,Full-Contraction,1.0,1351.6118136286987,82,0,1.0
7,Bottleneck,Full-Contraction,1.0,2068.176540273161,111,0,1.0
7,Bottleneck,Full-Contraction,1.0,3191.145103979811,156,0,1.0
7,Bottleneck,Full-Contraction,1.0,3271.303632937854,166,0,1.0
7,Bottleneck,Full-Contraction,1.0,1737.6113965498253,97,0,1.0
7,Bottleneck,Full-Contraction,1.0,2654.861019281274,131,0,1.0
7,Bottleneck,Full-Contraction,1.0,3097.178438278706,152,0,1.0
7,Bottleneck,Full-Contraction,1.0,2471.992556535487,122,0,1.0
7,Bottleneck,Full-Contraction,1.0,2728.857959344712,134,0,1.0
7,Bottleneck,Full-Contraction,1.0,3189.2358688404493,160,0,1.0
7,Bottleneck,Full-Contraction,1.0,1462.7437103371967,73,0,1.0
7,Bottleneck,Full-Contraction,1.0,1123.4495659588438,62,0,1.0
7,Bottleneck,Full-Contraction,1.0,2061.050302350768,108,0,1.0
7,Bottleneck,Full-Contraction,1.0,2713.0319194834856,138,0,1.0
7,Bottleneck,Full-Contraction,1.0,2091.4961455498888,103,0,1.0
7,Bottleneck,Full-Contraction,1.0,2605.0583361184854,128,0,1.0
7,Bottleneck,Full-Contraction,1.0,2560.6967018698715,126,0,1.0
7,Bottleneck,Full-Contraction,1.0,2068.033127259959,105,0,1.0
7,Bottleneck,Full-Contraction,1.0,1266.0315825949997,72,0,1.0
7,Bottleneck,Full-Contraction,1.0,2169.318764075243,112,0,1.0
7,Bottleneck,Full-Contraction,1.0,1742.0453086666612,100,0,1.0
7,Bottleneck,Full-Contraction,1.0,3512.16439353674,172,0,1.0
7,Bottleneck,Full-Contraction,1.0,1669.5425271687336,83,0,1.0
7,Bottleneck,Full-Contraction,1.0,2859.6755342428814,145,0,1.0
7,Bottleneck,Full-Contraction,1.0,2974.343482699268,147,0,1.0
7,Bottleneck,Full-Contraction,1.0,2646.3288212353073,130,0,1.0
7,Bottleneck,Full-Contraction,1.0,2572.171424418577,138,0,1.0
7,Bottleneck,Full-Contraction,1.0,2569.974784371452,133,0,1.0
7,Bottleneck,Full-Contraction,1.0,3080.2233789730562,153,0,1.0
7,Bottleneck,Full-Contraction,1.0,1825.6968779994754,93,0,1.0
7,Bottleneck,Full-Contraction,1.0,2180.5839013327186,109,0,1.0
7,Bottleneck,Full-Contraction,1.0,2402.9954959967954,122,0,1.0
7,Bottleneck,Full-Contraction,1.0,2283.307304703191,116,0,1.0
7,Bottleneck,Full-Contraction,1.0,2910.088777008171,145,0,1.0
7,Bottleneck,Full-Contraction,1.0,3884.5659240471114,190,0,1.0
7,Bottleneck,Full-Contraction,1.0,2559.763611508778,126,0,1.0
7,Bottleneck,Full-Contraction,1.0,2840.8445091377744,140,0,1.0
7,Bottleneck,Full-Contraction,1.0,2536.8209086079078,125,0,1.0
7,Bottleneck,Full-Contraction,1.0,1523.364319137792,85,0,1.0
7,Bottleneck,Full-Contraction,1.0,2911.567863867832,154,0,1.0
7,Bottleneck,Full-Contraction,1.0,3296.0666923047825,166,0,1.0
7,Bottleneck,Full-Contraction,1.0,2084.4450129883016,103,0,1.0
7,Bottleneck,Full-Contraction,1.0,984.1256736834541,58,0,1.0
7,Bottleneck,Full-Contraction,1.0,2769.5380429694037,136,0,1.0
7,Bottleneck,Full-Contraction,1.0,3349.5532182352254,164,0,1.0
7,Bottleneck,Full-Contraction,1.0,2225.320376185141,112,0,1.0
7,Bottleneck,Full-Contraction,1.0,2863.7333203217668,141,0,1.0
7,Bottleneck,Full-Contraction,1.0,1776.710933082865,106,0,1.0
7,Bottleneck,Full-Contraction,1.0,2531.542398283437,136,0,1.0
7,Bottleneck,Full-Contraction,1.0,1664.8686836421973,84,0,1.0
7,Bottleneck,Full-Contraction,1.0,3070.719082118796,150,0,1.0
7,Bottleneck,Full-Contraction,1.0,3486.8988073787245,170,0,1.0
7,Bottleneck,Full-Contraction,1.0,1635.7839771670067,92,0,1.0
7,Bottleneck,Full-Contraction,1.0,1947.3617548935595,106,0,1.0
7,Bottleneck,Full-Contraction,1.0,1853.49600057644,100,0,1.0
7,Bottleneck,Full-Contraction,1.0,2406.397955157651,122,0,1.0
7,Bottleneck,Full-Contraction,1.0,1934.0094687155874,102,0,1.0
7,Bottleneck,Full-Contraction,1.0,2591.129065998717,127,0,1.0
7,Bottleneck,Full-Contraction,1.0,2168.2628887082546,114,0,1.0
7,Bottleneck,Full-Contraction,1.0,2759.4875790782653,140,0,1.0
7,Bottleneck,Full-Contraction,1.0,2560.029227149419,125,0,1.0
7,Bottleneck,Full-Contraction,1.0,2173.2924852553583,120,0,1.0
7,Bottleneck,Full-Contraction,1.0,2578.173596729436,127,0,1.0
7,Bottleneck,Full-Contraction,1.0,2138.978858359512,106,0,1.0
7,Bottleneck,Full-Contraction,1.0,2079.870126446615,110,0,1.0
7,Bottleneck,Full-Contraction,1.0,2122.4560133687955,117,0,1.0
7,Bottleneck,Full-Contraction,1.0,2327.295189565317,118,0,1.0
7,Bottleneck,Full-Contraction,1.0,2765.518724295701,135,0,1.0
7,Bottleneck,Full-Contraction,1.0,3420.5158908505637,170,0,1.0
7,Bottleneck,Full-Contraction,1.0,988.1627802964549,51,0,1.0
7,Bottleneck,Full-Contraction,1.0,1633.6447286637763,91,0,1.0
7,Bottleneck,Full-Contraction,1.0,2355.0574335760775,116,0,1.0
7,Bottleneck,Full-Contraction,1.0,2066.8441029195724,110,0,1.0
7,Bottleneck,Full-Contraction,1.0,2892.7546427871503,151,0,1.0
7,Bottleneck,Full-Contraction,1.0,1604.4614316691534,80,0,1.0
7,Bottleneck,Full-Contraction,1.0,2933.0198779486554,150,0,1.0
7,Bottleneck,Full-Contraction,1.0,2468.5018876955082,127,0,1.0
7,Bottleneck,Full-Contraction,1.0,3207.232559432028,157,0,1.0
7,Bottleneck,Full-Contraction,1.0,2458.657263138589,121,0,1.0
7,Bottleneck,Full-Contraction,1.0,2603.9964534356077,128,0,1.0
7,Bottleneck,Full-Contraction,1.0,1423.8116860357773,71,0,1.0
7,Bottleneck,Full-Contraction,1.0,3486.8777234856684,171,0,1.0
7,Bottleneck,Full-Contraction,1.0,2179.652152041385,117,0,1.0
7,Bottleneck,Full-Contraction,1.0,2668.817848574305,136,0,1.0
7,Bottleneck,Full-Contraction,1.0,2104.7383946760374,112,0,1.0
7,Bottleneck,Full-Contraction,1.0,3783.1609402596255,184,0,1.0
7,Bottleneck,Full-Contraction,1.0,3605.4810057062305,176,0,1.0
7,Bottleneck,Full-Contraction,1.0,1641.726465712749,84,0,1.0
7,Bottleneck,Full-Contraction,1.0,2079.5089267508183,103,0,1.0
7,Bottleneck,Full-Contraction,1.0,1442.5974911467383,72,0,1.0
7,Bottleneck,Full-Contraction,1.0,4055.9260884851465,198,0,1.0
7,Bottleneck,Full-Contraction,1.0,3218.0791349200654,157,0,1.0
7,Bottleneck,Full-Contraction,1.0,1094.7457528106581,61,0,1.0
7,Bottleneck,Full-Contraction,1.0,2502.359941680139,123,0,1.0
7,Bottleneck,Full-Contraction,1.0,1450.184567223664,79,0,1.0
7,Bottleneck,Full-Contraction,1.0,3662.1648471415447,181,0,1.0
7,Bottleneck,Full-Contraction,1.0,2287.9907811728885,113,0,1.0
7,Bottleneck,Full-Contraction,1.0,2397.130257128403,118,0,1.0
7,Bottleneck,Full-Contraction,1.0,2835.99634870135,139,0,1.0
7,Bottleneck,Full-Contraction,1.0,2227.8357570403846,110,0,1.0
7,Bottleneck,Full-Contraction,1.0,1548.7237277449112,89,0,1.0
7,Bottleneck,Full-Contraction,1.0,1440.8461902057488,74,0,1.0
7,Bottleneck,Full-Contraction,1.0,1277.1002049754388,73,0,1.0
7,Bottleneck,Full-Contraction,1.0,1568.8278593425891,86,0,1.0
7,Bottleneck,Full-Contraction,1.0,1825.125451964077,90,0,1.0
7,Bottleneck,Full-Contraction,1.0,1137.7819665789802,63,0,1.0
7,Bottleneck,Full-Contraction,1.0,2078.9526871630533,111,0,1.0
7,Bottleneck,Full-Contraction,1.0,1557.2369164086713,78,0,1.0
7,Bottleneck,Full-Contraction,1.0,3580.687834925301,175,0,1.0
7,Bottleneck,Full-Contraction,1.0,2545.443673463001,141,0,1.0
7,Bottleneck,Full-Contraction,1.0,2440.680344535891,120,0,1.0
7,Bottleneck,Full-Contraction,1.0,1093.2458593189235,55,0,1.0
7,Bottleneck,Full-Contraction,1.0,1594.9933526017824,87,0,1.0
7,Bottleneck,Full-Contraction,1.0,2150.56073740757,108,0,1.0
7,Bottleneck,Full-Contraction,1.0,3346.1078308624865,166,0,1.0
7,Bottleneck,Full-Contraction,1.0,3325.9040595778215,169,0,1.0
7,Bottleneck,Full-Contraction,1.0,1241.8107544849572,63,0,1.0
7,Bottleneck,Full-Contraction,1.0,3955.8713848631196,193,0,1.0
7,Bottleneck,Full-Contraction,1.0,2525.473811644866,136,0,1.0
7,Bottleneck,Full-Contraction,1.0,1009.6810998710228,60,0,1.0
7,Bottleneck,Full-Contraction,1.0,2446.119811909987,131,0,1.0
7,Bottleneck,Full-Contraction,1.0,3287.2901404703316,161,0,1.0
7,Bottleneck,Full-Contraction,1.0,980.8714142878698,51,0,1.0
7,Bottleneck,Full-Contraction,1.0,2058.4287582762054,102,0,1.0
7,Bottleneck,Full-Contraction,1.0,1494.41935526702,84,0,1.0
7,Bottleneck,Full-Contraction,1.0,2602.2015264526217,128,0,1.0
7,Bottleneck,Full-Contraction,1.0,2197.516777750929,117,0,1.0
7,Bottleneck,Full-Contraction,1.0,2724.410472914775,141,0,1.0
7,Bottleneck,Full-Contraction,1.0,2189.6564795346103,114,0,1.0
7,Bottleneck,Full-Contraction,1.0,2353.1036623841937,116,0,1.0
7,Bottleneck,Full-Contraction,1.0,2850.820185108287,144,0,1.0
7,Bottleneck,Full-Contraction,1.0,1897.4342021303933,102,0,1.0
7,Bottleneck,Full-Contraction,1.0,2912.312591494502,143,0,1.0
7,Bottleneck,Full-Contraction,1.0,4001.736798590382,195,0,1.0
7,Bottleneck,Full-Contraction,1.0,1895.9376981923097,94,0,1.0
7,Bottleneck,Full-Contraction,1.0,1837.5847544728972,95,0,1.0
7,Bottleneck,Full-Contraction,1.0,2329.7609909278153,116,0,1.0
7,Bottleneck,Full-Contraction,1.0,1633.4193663456178,97,0,1.0
7,Bottleneck,Full-Contraction,1.0,3489.4586014157835,170,0,1.0
7,Bottleneck,Full-Contraction,1.0,3273.163450240373,160,0,1.0
7,Bottleneck,Full-Contraction,1.0,1320.921215131876,70,0,1.0
7,Bottleneck,Full-Contraction,1.0,2846.114425891422,139,0,1.0
7,Bottleneck,Full-Contraction,1.0,2954.636380565783,154,0,1.0
7,Bottleneck,Full-Contraction,1.0,2693.4267392298916,136,0,1.0
7,Bottleneck,Full-Contraction,1.0,2999.355038306835,155,0,1.0
7,Bottleneck,Full-Contraction,1.0,1441.7489873724533,81,0,1.0
7,Bottleneck,Full-Contraction,1.0,2097.868607057432,110,0,1.0
7,Bottleneck,Full-Contraction,1.0,2251.4229032564963,128,0,1.0
7,Bottleneck,Full-Contraction,1.0,2221.7412916560743,121,0,1.0
7,Bottleneck,Full-Contraction,1.0,2912.24504021332,142,0,1.0
7,Bottleneck,Full-Contraction,1.0,2834.204817690197,146,0,1.0
7,Bottleneck,Full-Contraction,1.0,1904.8019110982395,95,0,1.0
7,Bottleneck,Full-Contraction,1.0,1822.7816774288688,94,0,1.0
7,Bottleneck,Full-Contraction,1.0,1887.1629342702365,94,0,1.0
7,Bottleneck,Full-Contraction,1.0,3492.9361678353725,171,0,1.0
7,Bottleneck,Full-Contraction,1.0,1815.0271508981275,97,0,1.0
7,Bottleneck,Full-Contraction,1.0,3093.557399990046,158,0,1.0
7,Bottleneck,Full-Contraction,1.0,3096.916296365369,155,0,1.0
7,Bottleneck,Full-Contraction,1.0,2669.057847806515,134,0,1.0
7,Bottleneck,Full-Contraction,1.0,1794.4118677826984,93,0,1.0
7,Bottleneck,Full-Contraction,1.0,2456.3327161444904,124,0,1.0
7,Bottleneck,Full-Contraction,1.0,2729.362631364016,143,0,1.0
7,Bottleneck,Full-Contraction,1.0,2639.709697193436,139,0,1.0
7,Bottleneck,Full-Contraction,1.0,2951.5461372529167,149,0,1.0
7,Bottleneck,Full-Contraction,1.0,1850.977996001614,95,0,1.0
7,Bottleneck,Full-Contraction,1.0,1689.2458184280185,89,0,1.0
7,Bottleneck,Full-Contraction,1.0,1979.6773739398045,98,0,1.0
7,Bottleneck,Full-Contraction,1.0,1547.678603314585,79,0,1.0
7,Bottleneck,Full-Contraction,1.0,2037.7302492451408,100,0,1.0
7,Bottleneck,Full-Contraction,1.0,1715.8241452276193,86,0,1.0
7,Bottleneck,Full-Contraction,1.0,3778.9960258750907,185,0,1.0
7,Bottleneck,Full-Contraction,1.0,3420.1084836162017,176,0,1.0
7,Bottleneck,Full-Contraction,1.0,2768.2616136989313,139,0,1.0
7,Bottleneck,Full-Contraction,1.0,1928.786350261286,104,0,1.0
7,Bottleneck,Full-Contraction,1.0,2255.8471154824365,112,0,1.0
7,Bottleneck,Full-Contraction,1.0,2789.71884375241,137,0,1.0
7,Bottleneck,Full-Contraction,1.0,2146.719693262018,106,0,1.0
7,Bottleneck,Full-Contraction,1.0,1418.9013023115153,71,0,1.0
7,Bottleneck,Full-Contraction,1.0,1976.7751618248071,98,0,1.0
7,Bottleneck,Full-Contraction,1.0,1463.7521091289327,73,0,1.0
7,Bottleneck,Full-Contraction,1.0,2631.1594430433743,136,0,1.0
7,Bottleneck,Full-Contraction,1.0,2134.13090298856,108,0,1.0
7,Bottleneck,Full-Contraction,1.0,2953.947072725354,145,0,1.0
7,Bottleneck,Full-Contraction,1.0,2250.9116249780723,125,0,1.0
7,Bottleneck,Full-Contraction,1.0,1164.147315254717,61,0,1.0
7,Bottleneck,Full-Contraction,1.0,2623.488854034122,132,0,1.0
7,Bottleneck,Full-Contraction,1.0,2626.7353730091363,132,0,1.0
7,Bottleneck,Full-Contraction,1.0,1669.8729455231792,83,0,1.0
7,Bottleneck,Full-Contraction,1.0,2477.3087227105525,122,0,1.0
7,Bottleneck,Full-Contraction,1.0,2425.0333621924183,120,0,1.0
7,Bottleneck,Full-Contraction,1.0,2059.298657080428,103,0,1.0
7,Bottleneck,Full-Contraction,1.0,1296.5123000624671,72,0,1.0
7,Bottleneck,Full-Contraction,1.0,1619.742589186769,81,0,1.0
7,Bottleneck,Full-Contraction,1.0,1980.0214343431644,103,0,1.0
7,Bottleneck,Full-Contraction,1.0,2112.425841855967,113,0,1.0
7,Bottleneck,Full-Contraction,1.0,2353.3596440300353,116,0,1.0
7,Bottleneck,Full-Contraction,1.0,2256.6076096197585,112,0,1.0
7,Bottleneck,Full-Contraction,1.0,2212.4451469691703,126,0,1.0
7,Bottleneck,Full-Contraction,1.0,2293.336316423047,120,0,1.0
7,Bottleneck,Full-Contraction,1.0,2367.2753911861882,117,0,1.0
7,Bottleneck,Full-Contraction,1.0,1495.0088107936183,74,0,1.0
7,Bottleneck,Full-Contraction,1.0,2497.737219745521,123,0,1.0
7,Bottleneck,Full-Contraction,1.0,2209.66173162416,109,0,1.0
7,Bottleneck,Full-Contraction,1.0,2455.8960378501433,120,0,1.0
7,Bottleneck,Full-Contraction,1.0,2960.2180741736497,153,0,1.0
7,Bottleneck,Full-Contraction,1.0,1020.8090743292464,52,0,1.0
7,Bottleneck,Full-Contraction,1.0,2317.803369557263,114,0,1.0
7,Bottleneck,Full-Contraction,1.0,2423.5891689701143,119,0,1.0
7,Bottleneck,Full-Contraction,1.0,2522.9529364116424,124,0,1.0
7,Bottleneck,Full-Contraction,1.0,1603.1974444832404,92,0,1.0
7,Bottleneck,Full-Contraction,1.0,1586.55597481589,79,0,1.0
7,Bottleneck,Full-Contraction,1.0,3144.382891196583,154,0,1.0
7,Bottleneck,Full-Contraction,1.0,2485.979792559564,138,0,1.0
7,Bottleneck,Full-Contraction,1.0,2868.921896553442,151,0,1.0
7,Bottleneck,Full-Contraction,1.0,3045.43843917869,154,0,1.0
7,Bottleneck,Full-Contraction,1.0,2338.7685532587793,115,0,1.0
7,Bottleneck,Full-Contraction,1.0,2613.567907685113,129,0,1.0
7,Bottleneck,Full-Contraction,1.0,2538.6527895242225,125,0,1.0
7,Bottleneck,Full-Contraction,1.0,2138.9258540218375,106,0,1.0
7,Bottleneck,Full-Contraction,1.0,1710.6547916932177,94,0,1.0
7,Bottleneck,Full-Contraction,1.0,1433.2965017174338,75,0,1.0
7,Bottleneck,Full-Contraction,1.0,2808.661292854251,143,0,1.0
7,Bottleneck,Full-Contraction,1.0,2147.339697504216,106,0,1.0
7,Bottleneck,Full-Contraction,1.0,1533.2342588071397,86,0,1.0
7,Bottleneck,Full-Contraction,1.0,1185.4211075175342,75,0,1.0
7,Bottleneck,Full-Contraction,1.0,2926.0689472762306,145,0,1.0
7,Bottleneck,Full-Contraction,1.0,2322.65265924513,127,0,1.0
7,Bottleneck,Full-Contraction,1.0,1882.1502678762004,93,0,1.0
7,Bottleneck,Full-Contraction,1.0,2567.5345222196006,127,0,1.0
7,Bottleneck,Full-Contraction,1.0,1676.2692024223668,84,0,1.0
7,Bottleneck,Full-Contraction,1.0,1968.02029554613,109,0,1.0
7,Bottleneck,Full-Contraction,1.0,3036.183493633761,149,0,1.0
7,Bottleneck,Full-Contraction,1.0,1080.4099514803804,55,0,1.0
7,Bottleneck,Full-Contraction,1.0,1081.6624983681563,72,0,1.0
7,Bottleneck,Full-Contraction,1.0,2162.56285280782,109,0,1.0
7,Bottleneck,Full-Contraction,1.0,1732.1910047691013,101,0,1.0
7,Bottleneck,Full-Contraction,1.0,1751.8950468956086,93,0,1.0
7,Bottleneck,Full-Contraction,1.0,2639.0234222643985,130,0,1.0
7,Bottleneck,Full-Contraction,1.0,1443.3687053218964,80,0,1.0
7,Bottleneck,Full-Contraction,1.0,1455.2664571841442,78,0,1.0
7,Bottleneck,Full-Contraction,1.0,3147.2240015860457,155,0,1.0
7,Bottleneck,Full-Contraction,1.0,1565.0847556754388,80,0,1.0
7,Bottleneck,Full-Contraction,1.0,2648.9188109299957,142,0,1.0
7,Bottleneck,Full-Contraction,1.0,2376.2365137576408,129,0,1.0
7,Bottleneck,Full-Contraction,1.0,2425.80021487311,129,0,1.0
7,Bottleneck,Full-Contraction,1.0,2240.540889207745,111,0,1.0
7,Bottleneck,Full-Contraction,1.0,1705.4017801583996,85,0,1.0
7,Bottleneck,Full-Contraction,1.0,2052.5547884088196,113,0,1.0
7,Bottleneck,Full-Contraction,1.0,3573.7650726365496,174,0,1.0
7,Bottleneck,Full-Contraction,1.0,4057.877524454548,198,0,1.0
7,Bottleneck,Full-Contraction,1.0,1846.6763607252642,92,0,1.0
7,Bottleneck,Full-Contraction,1.0,1543.0331266804192,83,0,1.0
7,Bottleneck,Full-Contraction,1.0,3590.1602267787957,175,0,1.0
7,Bottleneck,Full-Contraction,1.0,1743.91860295363,86,0,1.0
7,Bottleneck,Full-Contraction,1.0,2748.3415584457266,138,0,1.0
7,Bottleneck,Full-Contraction,1.0,2931.4795537522723,145,0,1.0
7,Bottleneck,Full-Contraction,1.0,2176.2544042354493,111,0,1.0
7,Bottleneck,Full-Contraction,1.0,1487.8471173959526,89,0,1.0
7,Bottleneck,Full-Contraction,1.0,1982.2954336266034,98,0,1.0
7,Bottleneck,Full-Contraction,1.0,2213.5262198023074,111,0,1.0
7,Bottleneck,Full-Contraction,1.0,2684.791302352037,132,0,1.0
7,Bottleneck,Full-Contraction,1.0,3199.9367442837556,158,0,1.0
7,Bottleneck,Full-Contraction,1.0,2925.7070326899316,150,0,1.0
7,Bottleneck,Full-Contraction,1.0,2495.341395658103,125,0,1.0
7,Bottleneck,Full-Contraction,1.0,2187.7532388036097,115,0,1.0
7,Bottleneck,Full-Contraction,1.0,2589.7916346642287,128,0,1.0
7,Bottleneck,Full-Contraction,1.0,2001.1299912367404,111,0,1.0
7,Bottleneck,Full-Contraction,1.0,1076.0960519824064,62,0,1.0
7,Bottleneck,Full-Contraction,1.0,2519.82681033246,124,0,1.0
7,Bottleneck,Full-Contraction,1.0,2637.719554836668,137,0,1.0
7,Bottleneck,Full-Contraction,1.0,2912.4943201920014,149,0,1.0
7,Bottleneck,Full-Contraction,1.0,3101.5756831255485,153,0,1.0
7,Bottleneck,Full-Contraction,1.0,2597.4438852855665,137,0,1.0
7,Bottleneck,Full-Contraction,1.0,2919.481492754111,145,0,1.0
7,Bottleneck,Full-Contraction,1.0,2442.1736181895794,126,0,1.0
7,Bottleneck,Full-Contraction,1.0,3424.9252978451423,167,0,1.0
7,Bottleneck,Full-Contraction,1.0,1625.681610809088,81,0,1.0
7,Bottleneck,Full-Contraction,1.0,2506.8659425450296,126,0,1.0
7,Bottleneck,Full-Contraction,1.0,2110.1653224829347,104,0,1.0
7,Bottleneck,Full-Contraction,1.0,2030.063483048018,101,0,1.0
7,Bottleneck,Full-Contraction,1.0,2398.3803364040177,120,0,1.0
7,Bottleneck,Full-Contraction,1.0,2527.821863142136,124,0,1.0
7,Bottleneck,Full-Contraction,1.0,2663.359073151633,134,0,1.0
7,Bottleneck,Full-Contraction,1.0,2355.0922928127834,116,0,1.0
7,Bottleneck,Full-Contraction,1.0,1438.9708246136338,72,0,1.0
7,Bottleneck,Full-Contraction,1.0,1735.8541678467443,88,0,1.0
7,Bottleneck,Full-Contraction,1.0,3701.610191758198,181,0,1.0
7,Bottleneck,Full-Contraction,1.0,862.9206210797217,48,0,1.0
7,Bottleneck,Full-Contraction,1.0,1760.0192946809339,99,0,1.0
7,Bottleneck,Full-Contraction,1.0,1747.2533205624732,89,0,1.0
7,Bottleneck,Full-Contraction,1.0,1848.6586655243145,92,0,1.0
7,Bottleneck,Full-Contraction,1.0,1258.5046371948222,76,0,1.0
7,Bottleneck,Full-Contraction,1.0,1994.9142196791981,99,0,1.0
7,Bottleneck,Full-Contraction,1.0,1998.922950238768,109,0,1.0
7,Bottleneck,Full-Contraction,1.0,1156.53346573097,62,0,1.0
7,Bottleneck,Full-Contraction,1.0,2416.187584842609,119,0,1.0
7,Bottleneck,Full-Contraction,1.0,2894.8985150456074,146,0,1.0
7,Bottleneck,Full-Contraction,1.0,2842.4474754736907,139,0,1.0
7,Bottleneck,Full-Contraction,1.0,2893.429231978499,146,0,1.0
7,Bottleneck,Full-Contraction,1.0,2325.42572684663,123,0,1.0
7,Bottleneck,Full-Contraction,1.0,2291.6215776384365,113,0,1.0
7,Bottleneck,Full-Contraction,1.0,1748.3421149854023,89,0,1.0
7,Bottleneck,Full-Contraction,1.0,1962.6661940280644,97,0,1.0
7,Bottleneck,Full-Contraction,1.0,2587.2089109947997,129,0,1.0
7,Bottleneck,Full-Contraction,1.0,2536.5699125940955,124,0,1.0
7,Bottleneck,Full-Contraction,1.0,1127.2403505037946,60,0,1.0
7,Bottleneck,Full-Contraction,1.0,3012.780981430833,147,0,1.0
7,Bottleneck,Full-Contraction,1.0,2766.937049352283,142,0,1.0
7,Bottleneck,Full-Contraction,1.0,1850.9138835106949,92,0,1.0
7,Bottleneck,Full-Contraction,1.0,2535.443385155697,128,0,1.0
7,Bottleneck,Full-Contraction,1.0,1496.4609675002166,78,0,1.0
7,Bottleneck,Full-Contraction,1.0,1387.5205527585413,76,0,1.0
7,Bottleneck,Full-Contraction,1.0,1047.2794567134051,57,0,1.0
7,Bottleneck,Full-Contraction,1.0,1899.1535224508673,94,0,1.0
7,Bottleneck,Full-Contraction,1.0,1904.097954319915,98,0,1.0
7,Bottleneck,Full-Contraction,1.0,1987.3585476117196,98,0,1.0
7,Bottleneck,Full-Contraction,1.0,2674.5619435516564,134,0,1.0
7,Bottleneck,Full-Contraction,1.0,2475.690596701633,122,0,1.0
7,Bottleneck,Full-Contraction,1.0,2983.593200002543,150,0,1.0
7,Bottleneck,Full-Contraction,1.0,3511.340492209175,171,0,1.0
7,Bottleneck,Full-Contraction,1.0,2015.165923631987,105,0,1.0
7,Bottleneck,Full-Contraction,1.0,2681.653071808597,132,0,1.0
7,Bottleneck,Full-Contraction,1.0,3148.986189006335,154,0,1.0
7,Bottleneck,Full-Contraction,1.0,1785.9164540038232,100,0,1.0
7,Bottleneck,Full-Contraction,1.0,2079.525503674111,106,0,1.0
7,Bottleneck,Full-Contraction,1.0,1695.90345134465,86,0,1.0
7,Bottleneck,Full-Contraction,1.0,2109.390441939016,105,0,1.0
7,Bottleneck,Full-Contraction,1.0,3492.6498973995504,177,0,1.0
7,Bottleneck,Full-Contraction,1.0,1852.2398602906628,94,0,1.0
7,Bottleneck,Full-Contraction,1.0,2204.879626128213,109,0,1.0
7,Bottleneck,Full-Contraction,1.0,3200.0940846129924,160,0,1.0
7,Bottleneck,Full-Contraction,1.0,1971.1969496249956,114,0,1.0
7,Bottleneck,Full-Contraction,1.0,2140.2893571046716,115,0,1.0
7,Bottleneck,Full-Contraction,1.0,2929.56940195732,150,0,1.0
7,Bottleneck,Full-Contraction,1.0,2083.281898085822,105,0,1.0
7,Bottleneck,Full-Contraction,1.0,1991.4316626462578,99,0,1.0
7,Bottleneck,Full-Contraction,1.0,2090.738421257119,104,0,1.0
7,Bottleneck,Full-Contraction,1.0,1423.3106059701008,71,0,1.0
7,Bottleneck,Full-Contraction,1.0,2781.558508013804,137,0,1.0
7,Bottleneck,Full-Contraction,1.0,1666.4827090255003,89,0,1.0
7,Bottleneck,Full-Contraction,1.0,1617.0179187342887,93,0,1.0
7,Bottleneck,Full-Contraction,1.0,1162.5191759733827,61,0,1.0
7,Bottleneck,Full-Contraction,1.0,2862.619287009056,145,0,1.0
7,Bottleneck,Full-Contraction,1.0,1720.7393407385666,92,0,1.0
7,Bottleneck,Full-Contraction,1.0,2194.01465816585,116,0,1.0
7,Bottleneck,Full-Contraction,1.0,1618.6238614356453,82,0,1.0
7,Bottleneck,Full-Contraction,1.0,1145.1644792446,67,0,1.0
7,Bottleneck,Full-Contraction,1.0,2257.3490068738106,114,0,1.0
7,Bottleneck,Full-Contraction,1.0,1720.0783799189592,86,0,1.0
7,Bottleneck,Full-Contraction,1.0,2205.252769715842,109,0,1.0
7,Bottleneck,Full-Contraction,1.0,1547.000196147725,78,0,1.0
7,Bottleneck,Full-Contraction,1.0,1515.206728991148,87,0,1.0
7,Bottleneck,Full-Contraction,1.0,1249.7888157442658,73,0,1.0
7,Bottleneck,Full-Contraction,1.0,3686.3216734954067,180,0,1.0
7,Bottleneck,Full-Contraction,1.0,2956.185713983749,145,0,1.0
7,Bottleneck,Full-Contraction,1.0,1088.410767047766,68,0,1.0
7,Bottleneck,Full-Contraction,1.0,1405.8021602061342,84,0,1.0
7,Bottleneck,Full-Contraction,1.0,2426.088604732443,120,0,1.0
7,Bottleneck,Full-Contraction,1.0,3204.0030060360355,157,0,1.0
7,Bottleneck,Full-Contraction,1.0,1611.8156233955124,85,0,1.0
7,Bottleneck,Full-Contraction,1.0,3105.833597371213,157,0,1.0
7,Bottleneck,Full-Contraction,1.0,1550.0623772775753,77,0,1.0
7,Bottleneck,Full-Contraction,1.0,1379.575542995342,75,0,1.0
7,Bottleneck,Full-Contraction,1.0,3859.2123639164747,189,0,1.0
7,Bottleneck,Full-Contraction,1.0,3115.369083712884,153,0,1.0
7,Bottleneck,Full-Contraction,1.0,2938.8874947028057,145,0,1.0
7,Bottleneck,Full-Contraction,1.0,2133.4634473532756,120,0,1.0
7,Bottleneck,Full-Contraction,1.0,2495.7079252419667,123,0,1.0
7,Bottleneck,Full-Contraction,1.0,2470.4133176401483,130,0,1.0
7,Bottleneck,Full-Contraction,1.0,2601.0995559021762,129,0,1.0
7,Bottleneck,Full-Contraction,1.0,1519.105681663335,91,0,1.0
7,Bottleneck,Full-Contraction,1.0,2965.8429917073836,145,0,1.0
7,Bottleneck,Full-Contraction,1.0,1765.3847764293344,88,0,1.0
7,Bottleneck,Full-Contraction,1.0,1476.7366184909079,74,0,1.0
7,Bottleneck,Full-Contraction,1.0,1880.581304489826,93,0,1.0
7,Bottleneck,Full-Contraction,1.0,2425.653075065645,120,0,1.0
7,Bottleneck,Full-Contraction,1.0,2028.5210966900288,101,0,1.0
7,Bottleneck,Full-Contraction,1.0,1643.8687318390926,87,0,1.0
7,Bottleneck,Full-Contraction,1.0,2069.379370225018,112,0,1.0
7,Bottleneck,Full-Contraction,1.0,2188.6499027141936,108,0,1.0
7,Bottleneck,Full-Contraction,1.0,1471.0516389062652,74,0,1.0
7,Bottleneck,Full-Contraction,1.0,3078.4957191581125,164,0,1.0
7,Bottleneck,Full-Contraction,1.0,1612.5402923869688,81,0,1.0
7,Bottleneck,Full-Contraction,1.0,3446.264985209995,169,0,1.0
7,Bottleneck,Full-Contraction,1.0,1803.5714374809277,90,0,1.0
7,Bottleneck,Full-Contraction,1.0,1844.3686748039624,91,0,1.0
7,Bottleneck,Full-Contraction,1.0,2324.5366301546555,117,0,1.0
7,Bottleneck,Full-Contraction,1.0,1507.1128562009585,87,0,1.0
7,Bottleneck,Full-Contraction,1.0,3249.197627683183,159,0,1.0
7,Bottleneck,Full-Contraction,1.0,1441.2453700492424,75,0,1.0
7,Bottleneck,Full-Contraction,1.0,2217.3087059892123,110,0,1.0
7,Bottleneck,Full-Contraction,1.0,2298.99460271207,130,0,1.0
7,Bottleneck,Full-Contraction,1.0,2277.8443988882655,114,0,1.0
7,Bottleneck,Full-Contraction,1.0,2083.429798136129,106,0,1.0
7,Bottleneck,Full-Contraction,1.0,1782.1368973300935,88,0,1.0
7,Bottleneck,Full-Contraction,1.0,2510.4596290761074,123,0,1.0
7,Bottleneck,Full-Contraction,1.0,2622.9482736041655,131,0,1.0
7,Bottleneck,Full-Contraction,1.0,1999.1294315508637,99,0,1.0
7,Bottleneck,Full-Contraction,1.0,1744.3726791965032,95,0,1.0
7,Bottleneck,Full-Contraction,1.0,3219.0795022842603,159,0,1.0
7,Bottleneck,Full-Contraction,1.0,3837.6010630755154,187,0,1.0
7,Bottleneck,Full-Contraction,1.0,1482.7413193308212,83,0,1.0
7,Bottleneck,Full-Contraction,1.0,1171.8936762296794,62,0,1.0
7,Bottleneck,Full-Contraction,1.0,1482.5898286898491,74,0,1.0
7,Bottleneck,Full-Contraction,1.0,2379.4660581023127,126,0,1.0
7,Bottleneck,Full-Contraction,1.0,2912.176742423807,145,0,1.0
7,Bottleneck,Full-Contraction,1.0,2837.2260014414846,142,0,1.0
7,Bottleneck,Full-Contraction,1.0,1810.523928168284,98,0,1.0
7,Bottleneck,Full-Contraction,1.0,1273.6208285650364,72,0,1.0
7,Bottleneck,Full-Contraction,1.0,3026.4567265616397,151,0,1.0
7,Bottleneck,Full-Contraction,1.0,2714.7859372722714,141,0,1.0
7,Bottleneck,Full-Contraction,1.0,2552.7965836868434,126,0,1.0
7,Bottleneck,Full-Contraction,1.0,3950.722319184164,192,0,1.0
7,Bottleneck,Full-Contraction,1.0,2594.7594359483523,128,0,1.0
7,Bottleneck,Full-Contraction,1.0,1187.5158142144041,62,0,1.0
7,Bottleneck,Full-Contraction,1.0,2583.7209537714725,137,0,1.0
7,Bottleneck,Full-Contraction,1.0,3373.8238171674925,174,0,1.0
7,Bottleneck,Full-Contraction,1.0,1983.4919191529066,98,0,1.0
7,Bottleneck,Full-Contraction,1.0,1127.5137016377523,64,0,1.0
7,Bottleneck,Full-Contraction,1.0,2507.9886539937042,123,0,1.0
7,Bottleneck,Full-Contraction,1.0,1880.5350423578936,110,0,1.0
7,Bottleneck,Full-Contraction,1.0,2729.661577534681,138,0,1.0
7,Bottleneck,Full-Contraction,1.0,3005.973562693748,147,0,1.0
7,Bottleneck,Full-Contraction,1.0,2214.4425187089487,109,0,1.0
7,Bottleneck,Full-Contraction,1.0,3281.2713947512393,160,0,1.0
7,Bottleneck,Full-Contraction,1.0,2463.052735123183,133,0,1.0
7,Bottleneck,Full-Contraction,1.0,1832.3021118865336,96,0,1.0
7,Bottleneck,Full-Contraction,1.0,2357.3916159799046,117,0,1.0
7,Bottleneck,Full-Contraction,1.0,1890.2325724763955,94,0,1.0
7,Bottleneck,Full-Contraction,1.0,3004.1551865749425,147,0,1.0
7,Bottleneck,Full-Contraction,1.0,2234.7755310238176,110,0,1.0
7,Bottleneck,Full-Contraction,1.0,2120.842531076001,114,0,1.0
7,Bottleneck,Full-Contraction,1.0,3503.6287177510458,172,0,1.0
7,Bottleneck,Full-Contraction,1.0,2564.598350795388,135,0,1.0
7,Bottleneck,Full-Contraction,1.0,3664.736235910944,179,0,1.0
7,Bottleneck,Full-Contraction,1.0,1140.7736954701356,59,0,1.0
7,Bottleneck,Full-Contraction,1.0,3203.537938464692,163,0,1.0
7,Bottleneck,Full-Contraction,1.0,2665.322361905596,137,0,1.0
7,Bottleneck,Full-Contraction,1.0,2376.0011623865184,117,0,1.0
7,Bottleneck,Full-Contraction,1.0,1649.080246856184,98,0,1.0
7,Bottleneck,Full-Contraction,1.0,2037.9113716337163,101,0,1.0
7,Bottleneck,Full-Contraction,1.0,2561.710644839497,126,0,1.0
7,Bottleneck,Full-Contraction,1.0,2156.0326890394995,106,0,1.0
7,Bottleneck,Full-Contraction,1.0,2403.8683156370253,134,0,1.0
7,Bottleneck,Full-Contraction,1.0,3169.2142491236655,159,0,1.0
7,Bottleneck,Full-Contraction,1.0,1962.2288781400134,97,0,1.0
7,Bottleneck,Full-Contraction,1.0,1472.919305860801,74,0,1.0
7,Bottleneck,Full-Contraction,1.0,2395.2801485116793,118,0,1.0
7,Bottleneck,Full-Contraction,1.0,1775.6003590971663,91,0,1.0
7,Bottleneck,Full-Contraction,1.0,2472.233423370203,121,0,1.0
7,Bottleneck,Full-Contraction,1.0,1854.8109751647776,93,0,1.0
7,Bottleneck,Full-Contraction,1.0,2019.845346275165,100,0,1.0
7,Bottleneck,Full-Contraction,1.0,1183.4518970098447,66,0,1.0
7,Bottleneck,Full-Contraction,1.0,3438.3881130194477,168,0,1.0
7,Bottleneck,Full-Contraction,1.0,2153.318261980181,107,0,1.0
7,Bottleneck,Full-Contraction,1.0,3239.936373642181,158,0,1.0
7,Bottleneck,Full-Contraction,1.0,2045.9758670658719,101,0,1.0
7,Bottleneck,Full-Contraction,1.0,986.0757178244901,54,0,1.0
7,Bottleneck,Full-Contraction,1.0,2139.604263038723,108,0,1.0
7,Bottleneck,Full-Contraction,1.0,1606.2281971446182,99,0,1.0
7,Bottleneck,Full-Contraction,1.0,2488.0725330180085,122,0,1.0
7,Bottleneck,Full-Contraction,1.0,1980.4918470077432,98,0,1.0
7,Bottleneck,Full-Contraction,1.0,1477.565232620355,80,0,1.0
7,Bottleneck,Full-Contraction,1.0,1241.0445613649808,69,0,1.0
7,Bottleneck,Full-Contraction,1.0,1964.1623542645552,98,0,1.0
7,Bottleneck,Full-Contraction,1.0,1931.242879459704,96,0,1.0
7,Bottleneck,Full-Contraction,1.0,1788.206341754148,93,0,1.0
7,Bottleneck,Full-Contraction,1.0,1620.46251533016,88,0,1.0
7,Bottleneck,Full-Contraction,1.0,2312.7542991209375,133,0,1.0
7,Bottleneck,Full-Contraction,1.0,2889.4038563851946,142,0,1.0
7,Bottleneck,Full-Contraction,1.0,3089.1649661484644,153,0,1.0
7,Bottleneck,Full-Contraction,1.0,3098.019629633186,152,0,1.0
7,Bottleneck,Full-Contraction,1.0,1189.0753323008983,73,0,1.0
7,Bottleneck,Full-Contraction,1.0,1476.8157528400925,77,0,1.0
7,Bottleneck,Full-Contraction,1.0,3341.5780045846004,164,0,1.0
7,Bottleneck,Full-Contraction,1.0,2242.5584419280685,111,0,1.0
7,Bottleneck,Full-Contraction,1.0,2797.8468435533564,146,0,1.0
7,Bottleneck,Full-Contraction,1.0,3376.13639217493,174,0,1.0
7,Bottleneck,Full-Contraction,1.0,1361.2154595105003,81,0,1.0
7,Bottleneck,Full-Contraction,1.0,2280.074023417686,113,0,1.0
7,Bottleneck,Full-Contraction,1.0,1243.1581615198113,62,0,1.0
7,Bottleneck,Full-Contraction,1.0,1718.8817285342293,85,0,1.0
7,Bottleneck,Full-Contraction,1.0,2538.4825204924928,125,0,1.0
7,Bottleneck,Full-Contraction,1.0,2995.094196619655,146,0,1.0
7,Bottleneck,Full-Contraction,1.0,2931.4445910407953,145,0,1.0
7,Bottleneck,Full-Contraction,1.0,2876.9596079230523,145,0,1.0
7,Bottleneck,Full-Contraction,1.0,2009.2337134546915,101,0,1.0
7,Bottleneck,Full-Contraction,1.0,2369.117870281726,116,0,1.0
7,Bottleneck,Full-Contraction,1.0,2811.3152954103216,139,0,1.0
7,Bottleneck,Full-Contraction,1.0,2738.5105502549277,135,0,1.0
7,Bottleneck,Full-Contraction,1.0,1279.8644064537023,76,0,1.0
7,Bottleneck,Full-Contraction,1.0,2029.6128393079957,120,0,1.0
7,Bottleneck,Full-Contraction,1.0,1601.2104463436658,88,0,1.0
7,Bottleneck,Full-Contraction,1.0,2561.109928187674,134,0,1.0
7,Bottleneck,Full-Contraction,1.0,2264.203975881116,112,0,1.0
7,Bottleneck,Full-Contraction,1.0,2194.917230421882,120,0,1.0
7,Bottleneck,Full-Contraction,1.0,973.4368057286018,56,0,1.0
7,Bottleneck,Full-Contraction,1.0,2418.902070187948,119,0,1.0
7,Bottleneck,Full-Contraction,1.0,1095.1262783470602,69,0,1.0
7,Bottleneck,Full-Contraction,1.0,1424.9761559556814,77,0,1.0
7,Bottleneck,Full-Contraction,1.0,1982.9448328083095,103,0,1.0
7,Bottleneck,Full-Contraction,1.0,2459.9660394216266,123,0,1.0
7,Bottleneck,Full-Contraction,1.0,2697.465230488463,133,0,1.0
7,Bottleneck,Full-Contraction,1.0,1099.8229384166946,67,0,1.0
7,Bottleneck,Full-Contraction,1.0,1120.2539501079464,78,0,1.0
7,Bottleneck,Full-Contraction,1.0,2094.8258502052986,107,0,1.0
7,Bottleneck,Full-Contraction,1.0,2702.444811449299,133,0,1.0
7,Bottleneck,Full-Contraction,1.0,2533.5254274537665,125,0,1.0
7,Bottleneck,Full-Contraction,1.0,3667.1484634202675,179,0,1.0
7,Bottleneck,Full-Contraction,1.0,2185.4459206390784,117,0,1.0
7,Bottleneck,Full-Contraction,1.0,1553.7199510679288,77,0,1.0
7,Bottleneck,Full-Contraction,1.0,1438.9860803435367,78,0,1.0
7,Bottleneck,Full-Contraction,1.0,1997.8016504586703,104,0,1.0
7,Bottleneck,Full-Contraction,1.0,1636.4008144543984,88,0,1.0
7,Bottleneck,Full-Contraction,1.0,1927.9466418652096,96,0,1.0
7,Bottleneck,Full-Contraction,1.0,2248.4616626191046,111,0,1.0
7,Bottleneck,Full-Contraction,1.0,2008.8745154821236,113,0,1.0
7,Bottleneck,Full-Contraction,1.0,1507.236676436657,81,0,1.0
7,Bottleneck,Full-Contraction,1.0,1653.9845029850048,87,0,1.0
7,Bottleneck,Full-Contraction,1.0,1839.2697938936421,91,0,1.0
7,Bottleneck,Full-Contraction,1.0,2188.1582154233174,108,0,1.0
7,Bottleneck,Full-Contraction,1.0,1156.6769853842422,64,0,1.0
7,Bottleneck,Full-Contraction,1.0,3275.3690725874785,161,0,1.0
7,Bottleneck,Full-Contraction,1.0,2275.037020745405,117,0,1.0
7,Bottleneck,Full-Contraction,1.0,1922.4385134714557,95,0,1.0
7,Bottleneck,Full-Contraction,1.0,3058.109052544577,149,0,1.0
7,Bottleneck,Full-Contraction,1.0,3225.8185214716023,168,0,1.0
7,Bottleneck,Full-Contraction,1.0,1231.92305293605,79,0,1.0
7,Bottleneck,Full-Contraction,1.0,2631.484087603851,130,0,1.0
7,Bottleneck,Full-Contraction,1.0,2873.5874981533,145,0,1.0
7,Bottleneck,Full-Contraction,1.0,2277.469201875235,113,0,1.0
7,Bottleneck,Full-Contraction,1.0,3103.594968425281,152,0,1.0
7,Bottleneck,Full-Contraction,1.0,2227.845175124689,110,0,1.0
7,Bottleneck,Full-Contraction,1.0,2600.359586824514,128,0,1.0
7,Bottleneck,Full-Contraction,1.0,1907.107118728149,95,0,1.0
7,Bottleneck,Full-Contraction,1.0,2964.154623924661,146,0,1.0
7,Bottleneck,Full-Contraction,1.0,1492.8208597444955,75,0,1.0
7,Bottleneck,Full-Contraction,1.0,1690.3330949928225,93,0,1.0
7,Bottleneck,Full-Contraction,1.0,1373.167942488245,70,0,1.0
7,Bottleneck,Full-Contraction,1.0,1875.9271096586258,99,0,1.0
7,Bottleneck,Full-Contraction,1.0,2150.5552217159166,106,0,1.0
7,Bottleneck,Full-Contraction,1.0,2139.1408378718834,107,0,1.0
7,Bottleneck,Full-Contraction,1.0,2640.2377235022036,133,0,1.0
7,Bottleneck,Full-Contraction,1.0,2543.292260684394,126,0,1.0
7,Bottleneck,Full-Contraction,1.0,1623.6940325472215,85,0,1.0
7,Bottleneck,Full-Contraction,1.0,1245.3547238927079,71,0,1.0
7,Bottleneck,Full-Contraction,1.0,2678.0656218315526,133,0,1.0
7,Bottleneck,Full-Contraction,1.0,3066.695089525483,150,0,1.0
7,Bottleneck,Full-Contraction,1.0,4288.581105447722,209,0,1.0
7,Bottleneck,Full-Contraction,1.0,2520.3888153713024,124,0,1.0
7,Bottleneck,Full-Contraction,1.0,3050.4977430400913,158,0,1.0
7,Bottleneck,Full-Contraction,1.0,2961.3844630128388,147,0,1.0
7,Bottleneck,Full-Contraction,1.0,3141.1243322722257,154,0,1.0
7,Bottleneck,Full-Contraction,1.0,2636.1799780640995,131,0,1.0
7,Bottleneck,Full-Contraction,1.0,2492.84078731974,136,0,1.0
7,Bottleneck,Full-Contraction,1.0,2365.9345022754796,123,0,1.0
7,Bottleneck,Full-Contraction,1.0,1905.779423349023,94,0,1.0
7,Bottleneck,Full-Contraction,1.0,2519.6970907342293,124,0,1.0
7,Bottleneck,Full-Contraction,1.0,1940.458520356664,96,0,1.0
7,Bottleneck,Full-Contraction,1.0,2241.7205395423684,124,0,1.0
7,Bottleneck,Full-Contraction,1.0,1308.8441593957523,82,0,1.0
7,Bottleneck,Full-Contraction,1.0,2116.9353691088927,108,0,1.0
7,Bottleneck,Full-Contraction,1.0,1607.2986386473094,80,0,1.0
7,Bottleneck,Full-Contraction,1.0,1722.4674745913505,85,0,1.0
7,Bottleneck,Full-Contraction,1.0,2921.559240636314,150,0,1.0
7,Bottleneck,Full-Contraction,1.0,2174.8927880372444,108,0,1.0
7,Bottleneck,Full-Contraction,1.0,1439.727110817697,72,0,1.0
7,Bottleneck,Full-Contraction,1.0,2186.012110186417,113,0,1.0
7,Bottleneck,Full-Contraction,1.0,2898.7674317327746,147,0,1.0
7,Bottleneck,Full-Contraction,1.0,2251.804508495561,118,0,1.0
7,Bottleneck,Full-Contraction,1.0,1841.6827528182514,96,0,1.0
7,Bottleneck,Full-Contraction,1.0,1980.3772412720364,98,0,1.0
7,Bottleneck,Full-Contraction,1.0,3055.0083915682144,150,0,1.0
7,Bottleneck,Full-Contraction,1.0,3285.5632495116142,161,0,1.0
7,Bottleneck,Full-Contraction,1.0,1878.7326988860054,104,0,1.0
7,Bottleneck,Full-Contraction,1.0,1477.7638180593713,79,0,1.0
7,Bottleneck,Full-Contraction,1.0,1933.5655596126549,110,0,1.0
7,Bottleneck,Full-Contraction,1.0,2865.709764646889,140,0,1.0
7,Bottleneck,Full-Contraction,1.0,2351.4067036335546,116,0,1.0
7,Bottleneck,Full-Contraction,1.0,2249.1577391643505,122,0,1.0
7,Bottleneck,Full-Contraction,1.0,3580.951372953333,179,0,1.0
7,Bottleneck,Full-Contraction,1.0,3111.942455818401,153,0,1.0
7,Bottleneck,Full-Contraction,1.0,1608.7576735149996,87,0,1.0
7,Bottleneck,Full-Contraction,1.0,1932.3559190561082,96,0,1.0
7,Bottleneck,Full-Contraction,1.0,2172.0573769748953,113,0,1.0
7,Bottleneck,Full-Contraction,1.0,3321.548288430231,163,0,1.0
7,Bottleneck,Full-Contraction,1.0,1486.0766662228048,78,0,1.0
7,Bottleneck,Full-Contraction,1.0,3092.9815646794896,152,0,1.0
7,Bottleneck,Full-Contraction,1.0,2516.9832026338822,124,0,1.0
7,Bottleneck,Full-Contraction,1.0,3721.500512078871,184,0,1.0
7,Bottleneck,Full-Contraction,1.0,3070.4073918405,151,0,1.0
7,Bottleneck,Full-Contraction,1.0,2669.7518020499056,137,0,1.0
7,Bottleneck,Full-Contraction,1.0,2181.0450056196573,108,0,1.0
7,Bottleneck,Full-Contraction,1.0,1625.8466343707607,85,0,1.0
7,Bottleneck,Full-Contraction,1.0,2740.4838953783924,136,0,1.0
7,Bottleneck,Full-Contraction,1.0,2005.2800149658858,106,0,1.0
7,Bottleneck,Full-Contraction,1.0,2097.995324258931,115,0,1.0
7,Bottleneck,Full-Contraction,1.0,2218.7832580079757,114,0,1.0
7,Bottleneck,Full-Contraction,1.0,1343.5692869810396,68,0,1.0
7,Bottleneck,Full-Contraction,1.0,1715.60855437195,85,0,1.0
7,Bottleneck,Full-Contraction,1.0,2194.6404671958544,111,0,1.0
7,Bottleneck,Full-Contraction,1.0,3214.265206056295,158,0,1.0
7,Bottleneck,Full-Contraction,1.0,1619.3597514814646,86,0,1.0
7,Bottleneck,Full-Contraction,1.0,3180.100282784192,156,0,1.0
7,Bottleneck,Full-Contraction,1.0,2652.3757203158093,130,0,1.0
7,Bottleneck,Full-Contraction,1.0,1649.2234848263943,94,0,1.0
7,Bottleneck,Full-Contraction,1.0,2335.098599704994,116,0,1.0
7,Bottleneck,Full-Contraction,1.0,2212.5959150356052,110,0,1.0
7,Bottleneck,Full-Contraction,1.0,1876.1149681278805,93,0,1.0
7,Bottleneck,Full-Contraction,1.0,1467.3959391495234,79,0,1.0
7,Bottleneck,Full-Contraction,1.0,2095.8609917220465,104,0,1.0
7,Bottleneck,Full-Contraction,1.0,1441.097570517924,73,0,1.0
7,Bottleneck,Full-Contraction,1.0,2919.2809375027737,143,0,1.0
7,Bottleneck,Full-Contraction,1.0,2738.013313191892,134,0,1.0
7,Bottleneck,Full-Contraction,1.0,2161.9935340446877,107,0,1.0
7,Bottleneck,Full-Contraction,1.0,1968.9476925177999,98,0,1.0
7,Bottleneck,Full-Contraction,1.0,2322.4997767095447,119,0,1.0
7,Bottleneck,Full-Contraction,1.0,2617.736226032004,129,0,1.0
7,Bottleneck,Full-Contraction,1.0,2264.316477516208,111,0,1.0
7,Bottleneck,Full-Contraction,1.0,2576.021013716458,126,0,1.0
7,Bottleneck,Full-Contraction,1.0,2623.7384496100917,129,0,1.0
7,Bottleneck,Full-Contraction,1.0,2275.6031854926673,113,0,1.0
7,Bottleneck,Full-Contraction,1.0,2574.2939999171895,132,0,1.0
7,Bottleneck,Full-Contraction,1.0,2063.381412201884,105,0,1.0
7,Bottleneck,Full-Contraction,1.0,2150.738345715092,121,0,1.0
7,Bottleneck,Full-Contraction,1.0,1641.8711542123767,82,0,1.0
7,Bottleneck,Full-Contraction,1.0,3793.1620113331965,190,0,1.0
7,Bottleneck,Full-Contraction,1.0,2094.651768620329,111,0,1.0
7,Bottleneck,Full-Contraction,1.0,2194.952603605061,122,0,1.0
7,Bottleneck,Full-Contraction,1.0,2089.990467664371,103,0,1.0
7,Bottleneck,Full-Contraction,1.0,3201.705325014266,163,0,1.0
7,Bottleneck,Full-Contraction,1.0,1619.6312346267428,86,0,1.0
7,Bottleneck,Full-Contraction,1.0,3326.8222328579086,163,0,1.0
7,Bottleneck,Full-Contraction,1.0,1995.1027025735193,99,0,1.0
7,Bottleneck,Full-Contraction,1.0,1861.123650596134,93,0,1.0
7,Bottleneck,Full-Contraction,1.0,2520.3678890873916,135,0,1.0
7,Bottleneck,Full-Contraction,1.0,2092.688865127771,116,0,1.0
7,Bottleneck,Full-Contraction,1.0,3243.467345837713,159,0,1.0
7,Bottleneck,Full-Contraction,1.0,2126.740362711608,126,0,1.0
7,Bottleneck,Full-Contraction,1.0,3677.239150650484,180,0,1.0
7,Bottleneck,Full-Contraction,1.0,3816.810502614455,186,0,1.0
7,Bottleneck,Full-Contraction,1.0,1926.8840422147375,97,0,1.0
7,Bottleneck,Full-Contraction,1.0,2629.4225010511805,148,0,1.0
7,Bottleneck,Full-Contraction,1.0,2175.9877392143276,107,0,1.0
7,Bottleneck,Full-Contraction,1.0,3193.0691807478934,157,0,1.0
7,Bottleneck,Full-Contraction,1.0,2910.2063595120085,142,0,1.0
7,Bottleneck,Full-Contraction,1.0,1282.2084838447554,75,0,1.0
7,Bottleneck,Full-Contraction,1.0,1778.4519656774903,89,0,1.0
7,Bottleneck,Full-Contraction,1.0,2251.091977248996,112,0,1.0
7,Bottleneck,Full-Contraction,1.0,1612.352603577146,91,0,1.0
7,Bottleneck,Full-Contraction,1.0,2791.6994832843907,141,0,1.0
7,Bottleneck,Full-Contraction,1.0,4014.883192451273,195,0,1.0
7,Bottleneck,Full-Contraction,1.0,3131.0465362115783,153,0,1.0
7,Bottleneck,Full-Contraction,1.0,2934.3243379104933,153,0,1.0
7,Bottleneck,Full-Contraction,1.0,2587.24898629696,127,0,1.0
7,Bottleneck,Full-Contraction,1.0,2891.948784694636,142,0,1.0
7,Bottleneck,Full-Contraction,1.0,2447.0174529430064,125,0,1.0
7,Bottleneck,Full-Contraction,1.0,1009.1937993741774,52,0,1.0
7,Bottleneck,Full-Contraction,1.0,2381.839571614474,118,0,1.0
7,Bottleneck,Full-Contraction,1.0,1412.1442125565022,78,0,1.0
7,Bottleneck,Full-Contraction,1.0,2973.4827925679306,146,0,1.0
7,Bottleneck,Full-Contraction,1.0,2901.8061623763097,146,0,1.0
7,Bottleneck,Full-Contraction,1.0,2800.216035361046,138,0,1.0
7,Bottleneck,Full-Contraction,1.0,3221.321215453935,165,0,1.0
7,Bottleneck,Full-Contraction,1.0,1530.6950799759331,79,0,1.0
7,Bottleneck,Full-Contraction,1.0,3467.8753258439438,169,0,1.0
7,Bottleneck,Full-Contraction,1.0,2197.9147886886094,108,0,1.0
7,Bottleneck,Full-Contraction,1.0,2694.9766713158233,133,0,1.0
7,Bottleneck,Full-Contraction,1.0,3037.745656846253,153,0,1.0
7,Bottleneck,Full-Contraction,1.0,1513.4588838294294,76,0,1.0
7,Bottleneck,Full-Contraction,1.0,2903.0388731996645,143,0,1.0
7,Bottleneck,Full-Contraction,1.0,1437.1925241889246,74,0,1.0
7,Bottleneck,Full-Contraction,1.0,1931.7600255155394,96,0,1.0
7,Bottleneck,Full-Contraction,1.0,2557.0228886133254,130,0,1.0
7,Bottleneck,Full-Contraction,1.0,1160.4591362220033,64,0,1.0
7,Bottleneck,Full-Contraction,1.0,2460.745027418273,121,0,1.0
7,Bottleneck,Full-Contraction,1.0,2717.7732890922507,141,0,1.0
7,Bottleneck,Full-Contraction,1.0,3303.4411454773485,162,0,1.0
7,Bottleneck,Full-Contraction,1.0,3619.843603280008,177,0,1.0
7,Bottleneck,Full-Contraction,1.0,1753.7277229723322,102,0,1.0
7,Bottleneck,Full-Contraction,1.0,1540.488176209352,77,0,1.0
7,Bottleneck,Full-Contraction,1.0,1926.6042603522837,101,0,1.0
7,Bottleneck,Full-Contraction,1.0,1850.9761915407803,96,0,1.0
7,Bottleneck,Full-Contraction,1.0,1793.7902441813712,101,0,1.0
7,Bottleneck,Full-Contraction,1.0,2699.0601420535704,133,0,1.0
7,Bottleneck,Full-Contraction,1.0,1401.0151098724614,87,0,1.0
7,Bottleneck,Full-Contraction,1.0,3083.45461918847,153,0,1.0
7,Bottleneck,Full-Contraction,1.0,2396.4700374865306,127,0,1.0
7,Bottleneck,Full-Contraction,1.0,1173.3191832868195,61,0,1.0
7,Bottleneck,Full-Contraction,1.0,3524.7943240228515,172,0,1.0
7,Bottleneck,Full-Contraction,1.0,1672.9688600436443,93,0,1.0
7,Bottleneck,Full-Contraction,1.0,2087.140359785857,103,0,1.0
7,Bottleneck,Full-Contraction,1.0,3436.340037911433,171,0,1.0
7,Bottleneck,Full-Contraction,1.0,2832.3760397632814,147,0,1.0
7,Bottleneck,Full-Contraction,1.0,1509.667905109813,83,0,1.0
7,Bottleneck,Full-Contraction,1.0,3248.605760341713,159,0,1.0
7,Bottleneck,Full-Contraction,1.0,1712.7854954246009,93,0,1.0
7,Bottleneck,Full-Contraction,1.0,1750.2842280504601,91,0,1.0
7,Bottleneck,Full-Contraction,1.0,1975.936539858003,102,0,1.0
7,Bottleneck,Full-Contraction,1.0,1465.294893491974,73,0,1.0
7,Bottleneck,Full-Contraction,1.0,1710.945482111868,85,0,1.0
7,Bottleneck,Full-Contraction,1.0,2339.966218505876,115,0,1.0
7,Bottleneck,Full-Contraction,1.0,2981.066749580919,158,0,1.0
7,Bottleneck,Full-Contraction,1.0,3627.902683573432,177,0,1.0
7,Bottleneck,Full-Contraction,1.0,1617.369748905474,83,0,1.0
7,Bottleneck,Full-Contraction,1.0,2436.4554490071278,120,0,1.0
7,Bottleneck,Full-Contraction,1.0,2038.6628625891174,106,0,1.0
7,Bottleneck,Full-Contraction,1.0,3011.3887621481144,148,0,1.0
7,Bottleneck,Full-Contraction,1.0,3028.82162642722,164,0,1.0
7,Bottleneck,Full-Contraction,1.0,3078.930963109523,151,0,1.0
7,Bottleneck,Full-Contraction,1.0,2095.118215031073,104,0,1.0
7,Bottleneck,Full-Contraction,1.0,3640.101527231498,178,0,1.0
7,Bottleneck,Full-Contraction,1.0,2853.3816873542783,152,0,1.0
7,Bottleneck,Full-Contraction,1.0,2727.9208445505824,135,0,1.0
7,Bottleneck,Full-Contraction,1.0,1800.221603934177,94,0,1.0
7,Bottleneck,Full-Contraction,1.0,2373.8409332104247,123,0,1.0
7,Bottleneck,Full-Contraction,1.0,1292.9933246776222,65,0,1.0
7,Bottleneck,Full-Contraction,1.0,2084.8943092885056,111,0,1.0
7,Bottleneck,Full-Contraction,1.0,2430.6309387413776,133,0,1.0
7,Bottleneck,Full-Contraction,1.0,2443.8643113252,120,0,1.0
7,Bottleneck,Full-Contraction,1.0,2556.8612518233435,128,0,1.0
7,Bottleneck,Full-Contraction,1.0,2009.517770191017,104,0,1.0
7,Bottleneck,Full-Contraction,1.0,2425.0913437586223,120,0,1.0
7,Bottleneck,Full-Contraction,1.0,2585.889160617917,140,0,1.0
7,Bottleneck,Full-Contraction,1.0,2691.1906582320244,140,0,1.0
7,Bottleneck,Full-Contraction,1.0,1703.3919408016923,107,0,1.0
7,Bottleneck,Full-Contraction,1.0,1483.040152444295,91,0,1.0
7,Bottleneck,Full-Contraction,1.0,2841.4428618976417,147,0,1.0
7,Bottleneck,Full-Contraction,1.0,3100.8265735057203,172,0,1.0
7,Bottleneck,Full-Contraction,1.0,3397.6156434061786,166,0,1.0
7,Bottleneck,Full-Contraction,1.0,4194.98632026268,205,0,1.0
7,Bottleneck,Full-Contraction,1.0,2236.296859404079,111,0,1.0
7,Bottleneck,Full-Contraction,1.0,1951.7693433960353,97,0,1.0
7,Bottleneck,Full-Contraction,1.0,2435.192811172874,120,0,1.0
7,Bottleneck,Full-Contraction,1.0,2394.9505108119083,118,0,1.0
7,Bottleneck,Full-Contraction,1.0,941.8371956640981,48,0,1.0
7,Bottleneck,Full-Contraction,1.0,1746.7268918977343,87,0,1.0
7,Bottleneck,Full-Contraction,1.0,1743.4350387885297,87,0,1.0
7,Bottleneck,Full-Contraction,1.0,2096.4085937546242,119,0,1.0
7,Bottleneck,Full-Contraction,1.0,1275.4516423100486,64,0,1.0
7,Bottleneck,Full-Contraction,1.0,1594.990480822522,81,0,1.0
7,Bottleneck,Full-Contraction,1.0,3058.001951266069,151,0,1.0
7,Bottleneck,Full-Contraction,1.0,1866.553054491886,92,0,1.0
7,Bottleneck,Full-Contraction,1.0,1608.0099958926312,81,0,1.0
7,Bottleneck,Full-Contraction,1.0,2143.3836615024693,112,0,1.0
7,Bottleneck,Full-Contraction,1.0,1526.7114392370322,84,0,1.0
7,Bottleneck,Full-Contraction,1.0,1880.4743981710317,103,0,1.0
7,Bottleneck,Full-Contraction,1.0,2184.301958861016,107,0,1.0
7,Bottleneck,Full-Contraction,1.0,1930.3191581698202,101,0,1.0
7,Bottleneck,Full-Contraction,1.0,2512.4907697858607,125,0,1.0
7,Bottleneck,Full-Contraction,1.0,1949.275276551231,97,0,1.0
7,Bottleneck,Full-Contraction,1.0,1879.4680910057118,98,0,1.0
7,Bottleneck,Full-Contraction,1.0,1776.8980297846133,88,0,1.0
7,Bottleneck,Full-Contraction,1.0,2105.7372973727556,104,0,1.0
7,Bottleneck,Full-Contraction,1.0,1853.6122888286577,102,0,1.0
7,Bottleneck,Full-Contraction,1.0,1083.8758072592775,58,0,1.0
7,Bottleneck,Full-Contraction,1.0,2843.219421853859,144,0,1.0
7,Bottleneck,Full-Contraction,1.0,1535.9854035737844,81,0,1.0
7,Bottleneck,Full-Contraction,1.0,1114.8977788222883,63,0,1.0
7,Bottleneck,Full-Contraction,1.0,1745.3787358004788,96,0,1.0
7,Bottleneck,Full-Contraction,1.0,1419.0912621564244,78,0,1.0
7,Bottleneck,Full-Contraction,1.0,3526.8978660841985,173,0,1.0
7,Bottleneck,Full-Contraction,1.0,2582.430629859091,137,0,1.0
7,Bottleneck,Full-Contraction,1.0,2401.6881936032246,119,0,1.0
7,Bottleneck,Full-Contraction,1.0,3018.557671532676,153,0,1.0
7,Bottleneck,Full-Contraction,1.0,3964.878930942531,194,0,1.0
7,Bottleneck,Full-Contraction,1.0,2636.8818670352143,134,0,1.0
7,Bottleneck,Full-Contraction,1.0,1964.1235073941716,97,0,1.0
7,Bottleneck,Full-Contraction,1.0,3219.3025652047127,158,0,1.0
7,Bottleneck,Full-Contraction,1.0,2510.585584245963,130,0,1.0
7,Bottleneck,Full-Contraction,1.0,2818.6816706970085,145,0,1.0
7,Bottleneck,Full-Contraction,1.0,2168.841221941504,114,0,1.0
7,Bottleneck,Full-Contraction,1.0,1692.8540357487645,89,0,1.0
7,Bottleneck,Full-Contraction,1.0,1293.4989429199436,73,0,1.0
7,Bottleneck,Full-Contraction,1.0,1963.174920093219,105,0,1.0
7,Bottleneck,Full-Contraction,1.0,2017.1577873970095,100,0,1.0
7,Bottleneck,Full-Contraction,1.0,1506.5480717698458,81,0,1.0
7,Bottleneck,Full-Contraction,1.0,2375.817050729023,117,0,1.0
7,Bottleneck,Full-Contraction,1.0,2490.222582075826,122,0,1.0
7,Bottleneck,Full-Contraction,1.0,1792.2509575901588,98,0,1.0
7,Bottleneck,Full-Contraction,1.0,2436.453462238887,125,0,1.0
7,Bottleneck,Full-Contraction,1.0,1204.2221639323684,64,0,1.0
7,Bottleneck,Full-Contraction,1.0,2865.7609678015206,141,0,1.0
7,Bottleneck,Full-Contraction,1.0,1210.8582528289355,64,0,1.0
7,Bottleneck,Full-Contraction,1.0,2163.7262477275963,111,0,1.0
7,Bottleneck,Full-Contraction,1.0,2517.5740535896875,126,0,1.0
7,Bottleneck,Full-Contraction,1.0,1881.2272971595185,95,0,1.0
7,Bottleneck,Full-Contraction,1.0,1844.389436650666,94,0,1.0
7,Bottleneck,Full-Contraction,1.0,2659.2309182123136,132,0,1.0
7,Bottleneck,Full-Contraction,1.0,989.6850470264538,53,0,1.0
7,Bottleneck,Full-Contraction,1.0,2563.1764697209082,126,0,1.0
7,Bottleneck,Full-Contraction,1.0,2270.8685946456208,112,0,1.0
7,Bottleneck,Full-Contraction,1.0,1795.2695645246126,89,0,1.0
7,Bottleneck,Full-Contraction,1.0,2958.6488386643955,153,0,1.0
7,Bottleneck,Full-Contraction,1.0,1704.240590193191,85,0,1.0
7,Bottleneck,Full-Contraction,1.0,1377.6526775971984,69,0,1.0
7,Bottleneck,Full-Contraction,1.0,2668.301769839961,131,0,1.0
7,Bottleneck,Full-Contraction,1.0,1432.2525244161886,78,0,1.0
7,Bottleneck,Full-Contraction,1.0,2445.46570422406,124,0,1.0
7,Bottleneck,Full-Contraction,1.0,2417.273000484865,119,0,1.0
7,Bottleneck,Full-Contraction,1.0,1393.9115246252422,74,0,1.0
7,Bottleneck,Full-Contraction,1.0,2778.766935370205,148,0,1.0
7,Bottleneck,Full-Contraction,1.0,1466.9437277691147,77,0,1.0
7,Bottleneck,Full-Contraction,1.0,3060.2053582737317,150,0,1.0
7,Bottleneck,Full-Contraction,1.0,2047.947449491402,104,0,1.0
7,Bottleneck,Full-Contraction,1.0,3318.678498916679,168,0,1.0
7,Bottleneck,Full-Contraction,1.0,3121.3419253348343,153,0,1.0
7,Bottleneck,Full-Contraction,1.0,2403.537124797719,124,0,1.0
7,Bottleneck,Full-Contraction,1.0,2290.4226412312396,113,0,1.0
7,Bottleneck,Full-Contraction,1.0,2703.392835301398,135,0,1.0
7,Bottleneck,Full-Contraction,1.0,2531.76252249394,128,0,1.0
7,Bottleneck,Full-Contraction,1.0,2472.213995753974,122,0,1.0
7,Bottleneck,Full-Contraction,1.0,3513.8556157841367,171,0,1.0
7,Bottleneck,Full-Contraction,1.0,1099.850257122893,56,0,1.0
7,Bottleneck,Full-Contraction,1.0,1764.507804393022,89,0,1.0
7,Bottleneck,Full-Contraction,1.0,2114.0288635796005,107,0,1.0
7,Bottleneck,Full-Contraction,1.0,1239.9739382760254,63,0,1.0
7,Bottleneck,Full-Contraction,1.0,3035.5867376909637,151,0,1.0
7,Bottleneck,Full-Contraction,1.0,1466.607903492265,82,0,1.0
7,Bottleneck,Full-Contraction,1.0,1930.818422090963,117,0,1.0
7,Bottleneck,Full-Contraction,1.0,3145.271393695346,154,0,1.0
7,Bottleneck,Full-Contraction,1.0,2018.9148392206066,108,0,1.0
7,Bottleneck,Full-Contraction,1.0,2093.3542267342,105,0,1.0
7,Bottleneck,Full-Contraction,1.0,1407.1893499504408,84,0,1.0
7,Bottleneck,Full-Contraction,1.0,1822.6728087526392,107,0,1.0
7,Bottleneck,Full-Contraction,1.0,3610.03717236166,177,0,1.0
7,Bottleneck,Full-Contraction,1.0,2145.8459068285965,115,0,1.0
7,Bottleneck,Full-Contraction,1.0,1416.8881820866359,76,0,1.0
7,Bottleneck,Full-Contraction,1.0,1713.1972145014129,91,0,1.0
7,Bottleneck,Full-Contraction,1.0,3319.713003414501,167,0,1.0
7,Bottleneck,Full-Contraction,1.0,2066.154470613317,103,0,1.0
7,Bottleneck,Full-Contraction,1.0,2776.9564168541556,136,0,1.0
7,Bottleneck,Full-Contraction,1.0,2515.8555122844027,133,0,1.0
7,Bottleneck,Full-Contraction,1.0,2526.685771567939,125,0,1.0
7,Bottleneck,Full-Contraction,1.0,2717.0467311881957,134,0,1.0
7,Bottleneck,Full-Contraction,1.0,2947.3457855625993,151,0,1.0
7,Bottleneck,Full-Contraction,1.0,1811.1203175262935,94,0,1.0
7,Bottleneck,Full-Contraction,1.0,2355.424870550788,122,0,1.0
7,Bottleneck,Full-Contraction,1.0,2269.100159441001,117,0,1.0
7,Bottleneck,Full-Contraction,1.0,3469.9832170466034,171,0,1.0
7,Bottleneck,Full-Contraction,1.0,3341.666375093892,163,0,1.0
7,Bottleneck,Full-Contraction,1.0,2935.257762009299,144,0,1.0
7,Bottleneck,Full-Contraction,1.0,1829.852698064563,97,0,1.0
7,Bottleneck,Full-Contraction,1.0,2489.843538959495,123,0,1.0
7,Bottleneck,Full-Contraction,1.0,3229.0879171483075,159,0,1.0
7,Bottleneck,Full-Contraction,1.0,1390.1865699157395,74,0,1.0
7,Bottleneck,Full-Contraction,1.0,2634.386262835898,138,0,1.0
7,Bottleneck,Full-Contraction,1.0,1705.484174033028,85,0,1.0
7,Bottleneck,Full-Contraction,1.0,4011.195070759486,195,0,1.0
7,Bottleneck,Full-Contraction,1.0,1958.6508708414635,98,0,1.0
7,Bottleneck,Full-Contraction,1.0,2693.5332946654744,132,0,1.0
7,Bottleneck,Full-Contraction,1.0,1800.048764159264,94,0,1.0
7,Bottleneck,Full-Contraction,1.0,2931.1747411810525,146,0,1.0
7,Bottleneck,Full-Contraction,1.0,1167.5751325346703,68,0,1.0
7,Bottleneck,Full-Contraction,1.0,3308.975317121857,170,0,1.0
7,Bottleneck,Full-Contraction,1.0,3196.6518828310514,157,0,1.0
7,Bottleneck,Full-Contraction,1.0,2950.435436382353,147,0,1.0
7,Bottleneck,Full-Contraction,1.0,1540.8487455287923,83,0,1.0
7,Bottleneck,Full-Contraction,1.0,2734.8903209787154,137,0,1.0
7,Bottleneck,Full-Contraction,1.0,2079.577831622446,103,0,1.0
7,Bottleneck,Full-Contraction,1.0,2107.8089545301837,105,0,1.0
7,Bottleneck,Full-Contraction,1.0,1199.161698163079,67,0,1.0
7,Bottleneck,Full-Contraction,1.0,2579.0250142384757,128,0,1.0
7,Bottleneck,Full-Contraction,1.0,2653.692976875849,137,0,1.0
7,Bottleneck,Full-Contraction,1.0,1991.2051206524206,99,0,1.0
7,Bottleneck,Full-Contraction,1.0,2537.126139232956,125,0,1.0
7,Bottleneck,Full-Contraction,1.0,1743.0066950896512,86,0,1.0
7,Bottleneck,Full-Contraction,1.0,2195.458184651424,112,0,1.0
7,Bottleneck,Full-Contraction,1.0,2470.5124230959855,122,0,1.0
7,Bottleneck,Full-Contraction,1.0,2227.5974378236097,110,0,1.0
7,Bottleneck,Full-Contraction,1.0,3534.802192925269,174,0,1.0
7,Bottleneck,Full-Contraction,1.0,2513.853768665218,131,0,1.0
7,Bottleneck,Full-Contraction,1.0,2380.272372952819,117,0,1.0
7,Bottleneck,Full-Contraction,1.0,2636.5519967902983,134,0,1.0
7,Bottleneck,Full-Contraction,1.0,1759.8568497772117,94,0,1.0
7,Bottleneck,Full-Contraction,1.0,1073.2180624273897,65,0,1.0
7,Bottleneck,Full-Contraction,1.0,1869.907638703036,96,0,1.0
7,Bottleneck,Full-Contraction,1.0,2737.493935193582,134,0,1.0
7,Bottleneck,Full-Contraction,1.0,2179.977714309444,113,0,1.0
7,Bottleneck,Full-Contraction,1.0,2206.9628017569453,109,0,1.0
7,Bottleneck,Full-Contraction,1.0,1942.9495437372457,101,0,1.0
7,Bottleneck,Full-Contraction,1.0,1266.6549543231577,64,0,1.0
7,Bottleneck,Full-Contraction,1.0,2469.243362312277,127,0,1.0
7,Bottleneck,Full-Contraction,1.0,3874.9294399726514,194,0,1.0
7,Bottleneck,Full-Contraction,1.0,2104.490923557546,110,0,1.0
7,Bottleneck,Full-Contraction,1.0,2682.070525645834,132,0,1.0
7,Bottleneck,Full-Contraction,1.0,2402.6202744588722,122,0,1.0
7,Bottleneck,Full-Contraction,1.0,2325.9430537333396,121,0,1.0
7,Bottleneck,Full-Contraction,1.0,2308.901982347004,124,0,1.0
7,Bottleneck,Full-Contraction,1.0,3740.080831270234,185,0,1.0
7,Bottleneck,Full-Contraction,1.0,1692.6193796119428,89,0,1.0
7,Bottleneck,Full-Contraction,1.0,2734.4802842947365,142,0,1.0
7,Bottleneck,Full-Contraction,1.0,3197.7328766821133,157,0,1.0
7,Bottleneck,Full-Contraction,1.0,2562.1434576073134,128,0,1.0
7,Bottleneck,Full-Contraction,1.0,2732.8178775599254,142,0,1.0
7,Bottleneck,Full-Contraction,1.0,1469.4161776952897,81,0,1.0
7,Bottleneck,Full-Contraction,1.0,2588.769526435808,131,0,1.0
7,Bottleneck,Full-Contraction,1.0,1945.7792021965545,97,0,1.0
7,Bottleneck,Full-Contraction,1.0,2260.3964019359782,111,0,1.0
7,Bottleneck,Full-Contraction,1.0,2268.098806328988,115,0,1.0
7,Bottleneck,Full-Contraction,1.0,1327.0571665467824,74,0,1.0
7,Bottleneck,Full-Contraction,1.0,2123.9744182591207,105,0,1.0
7,Bottleneck,Full-Contraction,1.0,3462.5411885097,169,0,1.0
7,Bottleneck,Full-Contraction,1.0,2366.930778647392,117,0,1.0
7,Bottleneck,Full-Contraction,1.0,1529.8920509117681,84,0,1.0
7,Bottleneck,Full-Contraction,1.0,2955.162473223133,152,0,1.0
7,Bottleneck,Full-Contraction,1.0,1201.7474720256662,64,0,1.0
7,Bottleneck,Full-Contraction,1.0,3054.269217615395,154,0,1.0
7,Bottleneck,Full-Contraction,1.0,2510.605091807916,124,0,1.0
7,Bottleneck,Full-Contraction,1.0,1820.8607237087556,92,0,1.0
7,Bottleneck,Full-Contraction,1.0,1819.3852113303178,98,0,1.0
7,Bottleneck,Full-Contraction,1.0,2925.422275009476,150,0,1.0
7,Bottleneck,Full-Contraction,1.0,1378.4244702276274,70,0,1.0
7,Bottleneck,Full-Contraction,1.0,1353.6355579520514,76,0,1.0
7,Bottleneck,Full-Contraction,1.0,2626.3837597492093,131,0,1.0
7,Bottleneck,Full-Contraction,1.0,1800.8012762964977,98,0,1.0
7,Bottleneck,Full-Contraction,1.0,2225.225130427042,110,0,1.0
7,Bottleneck,Full-Contraction,1.0,3002.416929763447,147,0,1.0
7,Bottleneck,Full-Contraction,1.0,4006.015384771532,195,0,1.0
7,Bottleneck,Full-Contraction,1.0,3061.386108560729,150,0,1.0
7,Bottleneck,Full-Contraction,1.0,1696.759741679883,84,0,1.0
7,Bottleneck,Full-Contraction,1.0,3383.671426474601,165,0,1.0
7,Bottleneck,Full-Contraction,1.0,3300.0964559151435,162,0,1.0
7,Bottleneck,Full-Contraction,1.0,1438.9162821745285,83,0,1.0
7,Bottleneck,Full-Contraction,1.0,3206.971066659462,157,0,1.0
7,Bottleneck,Full-Contraction,1.0,2665.4076647742822,139,0,1.0
7,Bottleneck,Full-Contraction,1.0,2471.3505720485914,124,0,1.0
7,Bottleneck,Full-Contraction,1.0,2821.2000817367098,138,0,1.0
7,Bottleneck,Full-Contraction,1.0,2142.613630551062,114,0,1.0
7,Bottleneck,Full-Contraction,1.0,1258.062066078199,72,0,1.0
7,Bottleneck,Full-Contraction,1.0,2022.7483518754784,102,0,1.0
7,Bottleneck,Full-Contraction,1.0,2826.3887626472433,141,0,1.0
7,Bottleneck,Full-Contraction,1.0,3434.313975664664,168,0,1.0
7,Bottleneck,Full-Contraction,1.0,3687.031545198227,180,0,1.0
7,Bottleneck,Full-Contraction,1.0,2514.030426497221,131,0,1.0
7,Bottleneck,Full-Contraction,1.0,1815.465014347425,100,0,1.0
7,Bottleneck,Full-Contraction,1.0,1571.597091464076,85,0,1.0
7,Bottleneck,Full-Contraction,1.0,2353.47497676707,135,0,1.0
7,Bottleneck,Full-Contraction,1.0,2650.181347108405,135,0,1.0
7,Bottleneck,Full-Contraction,1.0,1537.849203375985,80,0,1.0
7,Bottleneck,Full-Contraction,1.0,1964.8053472926285,100,0,1.0
7,Bottleneck,Full-Contraction,1.0,3356.440654870064,164,0,1.0
7,Bottleneck,Full-Contraction,1.0,3345.3601736176183,170,0,1.0
7,Bottleneck,Full-Contraction,1.0,3005.5211879407298,152,0,1.0
7,Bottleneck,Full-Contraction,1.0,866.5690730937301,67,0,1.0
7,Bottleneck,Full-Contraction,1.0,3774.688611607583,184,0,1.0
7,Bottleneck,Full-Contraction,1.0,2763.1114531991298,135,0,1.0
7,Bottleneck,Full-Contraction,1.0,2806.953055332763,141,0,1.0
7,Bottleneck,Full-Contraction,1.0,2675.6760216591283,136,0,1.0
7,Bottleneck,Full-Contraction,1.0,2152.732592809286,109,0,1.0
7,Bottleneck,Full-Contraction,1.0,1684.1768171006563,96,0,1.0
7,Bottleneck,Full-Contraction,1.0,1314.2310691621867,82,0,1.0
7,Bottleneck,Full-Contraction,1.0,2698.940953903232,132,0,1.0
7,Bottleneck,Full-Contraction,1.0,2585.2542090486113,128,0,1.0
7,Bottleneck,Full-Contraction,1.0,2607.8489842132703,135,0,1.0
7,Bottleneck,Full-Contraction,1.0,2113.460752926577,120,0,1.0
7,Bottleneck,Full-Contraction,1.0,1550.7357202798516,77,0,1.0
7,Bottleneck,Full-Contraction,1.0,3195.3971370745794,163,0,1.0
7,Bottleneck,Full-Contraction,1.0,2482.3647232185394,122,0,1.0
7,Bottleneck,Full-Contraction,1.0,3415.46564870581,173,0,1.0
7,Bottleneck,Full-Contraction,1.0,1388.8874512565749,74,0,1.0
7,Bottleneck,Full-Contraction,1.0,2215.9179366659255,125,0,1.0
7,Bottleneck,Full-Contraction,1.0,2366.428671599282,117,0,1.0
7,Bottleneck,Full-Contraction,1.0,1902.0469038986316,94,0,1.0
7,Bottleneck,Full-Contraction,1.0,1726.667070384451,93,0,1.0
7,Bottleneck,Full-Contraction,1.0,1570.9784198198213,81,0,1.0
7,Bottleneck,Full-Contraction,1.0,3853.193291448442,190,0,1.0
7,Bottleneck,Full-Contraction,1.0,2825.167392357932,139,0,1.0
7,Bottleneck,Full-Contraction,1.0,1931.9489542216886,100,0,1.0
7,Bottleneck,Full-Contraction,1.0,1725.044778235378,95,0,1.0
7,Bottleneck,Full-Contraction,1.0,1534.947159694529,79,0,1.0
7,Bottleneck,Full-Contraction,1.0,1998.2429434367725,99,0,1.0
7,Bottleneck,Full-Contraction,1.0,1655.9351039720855,88,0,1.0
7,Bottleneck,Full-Contraction,1.0,1979.183708754902,98,0,1.0
7,Bottleneck,Full-Contraction,1.0,2170.7029861954434,107,0,1.0
7,Bottleneck,Full-Contraction,1.0,2025.9345677208805,116,0,1.0
7,Bottleneck,Full-Contraction,1.0,2291.216834715543,119,0,1.0
7,Bottleneck,Full-Contraction,1.0,2360.204883136021,116,0,1.0
7,Bottleneck,Full-Contraction,1.0,1902.7860169053822,99,0,1.0
7,Bottleneck,Full-Contraction,1.0,2492.793842681125,123,0,1.0
7,Bottleneck,Full-Contraction,1.0,3895.1524188751646,191,0,1.0
7,Bottleneck,Full-Contraction,1.0,2627.789451916114,129,0,1.0
7,Bottleneck,Full-Contraction,1.0,2451.5999670749115,121,0,1.0
7,Bottleneck,Full-Contraction,1.0,1872.670032697763,94,0,1.0
7,Bottleneck,Full-Contraction,1.0,2807.4588159231384,139,0,1.0
7,Bottleneck,Full-Contraction,1.0,3797.0630779300227,185,0,1.0
7,Bottleneck,Full-Contraction,1.0,3350.4871372662124,164,0,1.0
7,Bottleneck,Full-Contraction,1.0,2967.7797985195366,152,0,1.0
7,Bottleneck,Full-Contraction,1.0,3476.980880781629,170,0,1.0
7,Bottleneck,Full-Contraction,1.0,2275.851962338207,116,0,1.0
7,Bottleneck,Full-Contraction,1.0,1618.070960597005,86,0,1.0
7,Bottleneck,Full-Contraction,1.0,2615.3731692923275,134,0,1.0
7,Bottleneck,Full-Contraction,1.0,2262.5817790739543,112,0,1.0
7,Bottleneck,Full-Contraction,1.0,2392.2447404806235,122,0,1.0
7,Bottleneck,Full-Contraction,1.0,1657.0773330979005,82,0,1.0
7,Bottleneck,Full-Contraction,1.0,1764.7278138909387,91,0,1.0
7,Bottleneck,Full-Contraction,1.0,2038.284634855123,101,0,1.0
7,Bottleneck,Full-Contraction,1.0,1761.7781297212791,88,0,1.0
7,Bottleneck,Full-Contraction,1.0,1971.5578890731085,97,0,1.0
7,Bottleneck,Full-Contraction,1.0,1265.0038479836485,71,0,1.0
7,Bottleneck,Full-Contraction,1.0,1342.052346134523,68,0,1.0
7,Bottleneck,Full-Contraction,1.0,2506.703707991298,124,0,1.0
7,Bottleneck,Full-Contraction,1.0,1906.4117141615827,95,0,1.0
7,Bottleneck,Full-Contraction,1.0,1959.7143430516944,103,0,1.0
7,Bottleneck,Full-Contraction,1.0,2399.334118815791,129,0,1.0
7,Bottleneck,Full-Contraction,1.0,2981.0798900708014,146,0,1.0
7,Bottleneck,Full-Contraction,1.0,1606.5539938043173,81,0,1.0
7,Bottleneck,Full-Contraction,1.0,1479.2647291704416,78,0,1.0
7,Bottleneck,Full-Contraction,1.0,2022.562005811721,100,0,1.0
7,Bottleneck,Full-Contraction,1.0,1623.930195118317,94,0,1.0
7,Bottleneck,Full-Contraction,1.0,2678.131851398808,142,0,1.0
7,Bottleneck,Full-Contraction,1.0,1671.0693850721457,83,0,1.0
7,Bottleneck,Full-Contraction,1.0,2320.276379206964,115,0,1.0
7,Bottleneck,Full-Contraction,1.0,1662.599244716248,96,0,1.0
7,Bottleneck,Full-Contraction,1.0,3025.4100810651507,148,0,1.0
7,Bottleneck,Full-Contraction,1.0,2560.6663499174,126,0,1.0
7,Bottleneck,Full-Contraction,1.0,1322.0480423587173,70,0,1.0
7,Bottleneck,Full-Contraction,1.0,3216.8626219927,164,0,1.0
7,Bottleneck,Full-Contraction,1.0,1933.2352541263008,96,0,1.0
7,Bottleneck,Full-Contraction,1.0,1541.8983157690382,90,0,1.0
7,Bottleneck,Full-Contraction,1.0,2622.0166216910925,137,0,1.0
7,Bottleneck,Full-Contraction,1.0,3110.2639342622597,158,0,1.0
7,Bottleneck,Full-Contraction,1.0,1471.5009209116288,80,0,1.0
7,Bottleneck,Full-Contraction,1.0,1193.9524647504318,77,0,1.0
7,Bottleneck,Full-Contraction,1.0,1932.6047346757741,104,0,1.0
7,Bottleneck,Full-Contraction,1.0,2264.391774749479,112,0,1.0
7,Bottleneck,Full-Contraction,1.0,3578.1896496689587,175,0,1.0
7,Bottleneck,Full-Contraction,1.0,2452.412231152907,125,0,1.0
7,Bottleneck,Full-Contraction,1.0,2499.25428568015,134,0,1.0
7,Bottleneck,Full-Contraction,1.0,2547.3774211208,129,0,1.0
7,Bottleneck,Full-Contraction,1.0,1729.6919408103927,87,0,1.0
7,Bottleneck,Full-Contraction,1.0,2853.072970119042,140,0,1.0
7,Bottleneck,Full-Contraction,1.0,3073.5020387347995,154,0,1.0
7,Bottleneck,Full-Contraction,1.0,2343.1243160262034,120,0,1.0
7,Bottleneck,Full-Contraction,1.0,1649.5450184441333,85,0,1.0
7,Bottleneck,Full-Contraction,1.0,2178.3690828266663,111,0,1.0
7,Bottleneck,Full-Contraction,1.0,1744.9345861229572,87,0,1.0
7,Bottleneck,Full-Contraction,1.0,2325.844345443319,118,0,1.0
7,Bottleneck,Full-Contraction,1.0,1163.821664987518,58,0,1.0
7,Bottleneck,Full-Contraction,1.0,1651.8530981574113,101,0,1.0
7,Bottleneck,Full-Contraction,1.0,2440.859820110115,136,0,1.0
7,Bottleneck,Full-Contraction,1.0,2105.646192356665,110,0,1.0
7,Bottleneck,Full-Contraction,1.0,1114.5499821426783,62,0,1.0
7,Bottleneck,Full-Contraction,1.0,1454.8090267146813,80,0,1.0
7,Bottleneck,Full-Contraction,1.0,3712.0688795943843,198,0,1.0
7,Bottleneck,Full-Contraction,1.0,3040.0193676020635,152,0,1.0
7,Bottleneck,Full-Contraction,1.0,2471.134299352798,130,0,1.0
7,Bottleneck,Full-Contraction,1.0,1762.851852839888,102,0,1.0
7,Bottleneck,Full-Contraction,1.0,1065.1849617870523,62,0,1.0
7,Bottleneck,Full-Contraction,1.0,3412.3788229640677,167,0,1.0
7,Bottleneck,Full-Contraction,1.0,2333.0766472371815,116,0,1.0
7,Bottleneck,Full-Contraction,1.0,2361.778084929512,140,0,1.0
7,Bottleneck,Full-Contraction,1.0,1607.6721994521367,82,0,1.0
7,Bottleneck,Full-Contraction,1.0,3001.7464275593384,154,0,1.0
7,Bottleneck,Full-Contraction,1.0,2419.975028448208,140,0,1.0
7,Bottleneck,Full-Contraction,1.0,3433.736577896767,168,0,1.0
7,Bottleneck,Full-Contraction,1.0,1800.3550814511418,98,0,1.0
7,Bottleneck,Full-Contraction,1.0,2888.9523718592754,142,0,1.0
7,Bottleneck,Full-Contraction,1.0,2871.763793527889,141,0,1.0
