25,Min Sum,Full-Contraction,1.0,3542.549852518416,185,0,1.0
25,Min Sum,Full-Contraction,1.0,2928.5201643134906,154,0,1.0
25,Min Sum,Full-Contraction,1.0,3267.0186589120303,159,0,1.0
25,Min Sum,Full-Contraction,1.0,2354.4585129513416,116,0,1.0
25,Min Sum,Full-Contraction,1.0,2644.2144387701583,130,0,1.0
25,Min Sum,Full-Contraction,1.0,2269.2351114308294,112,0,1.0
25,Min Sum,Full-Contraction,1.0,3347.8826562525464,168,0,1.0
25,Min Sum,Full-Contraction,1.0,2286.599830555643,123,0,1.0
25,Min Sum,Full-Contraction,1.0,2349.1986314741553,130,0,1.0
25,Min Sum,Full-Contraction,1.0,2639.548108983519,130,0,1.0
25,Min Sum,Full-Contraction,1.0,3198.0816014879438,164,0,1.0
25,Min Sum,Full-Contraction,1.0,2597.72713911454,128,0,1.0
25,Min Sum,Full-Contraction,1.0,3421.7508117763737,170,0,1.0
25,Min Sum,Full-Contraction,1.0,3200.4821177449585,159,0,1.0
25,Min Sum,Full-Contraction,1.0,2364.1967558754604,126,0,1.0
25,Min Sum,Full-Contraction,1.0,2572.482794424688,128,0,1.0
25,Min Sum,Full-Contraction,1.0,3097.7429036492103,160,0,1.0
25,Min Sum,Full-Contraction,1.0,2281.3202156234147,127,0,1.0
25,Min Sum,Full-Contraction,1.0,2120.619681614949,121,0,1.0
25,Min Sum,Full-Contraction,1.0,3324.6194035569497,163,0,1.0
25,Min Sum,Full-Contraction,1.0,2030.1006721819508,113,0,1.0
25,Min Sum,Full-Contraction,1.0,4939.24248615443,240,0,1.0
25,Min Sum,Full-Contraction,1.0,2480.223214321477,133,0,1.0
25,Min Sum,Full-Contraction,1.0,3233.2993757126587,158,0,1.0
25,Min Sum,Full-Contraction,1.0,2125.4247354894396,110,0,1.0
25,Min Sum,Full-Contraction,1.0,1704.2824570877233,95,0,1.0
25,Min Sum,Full-Contraction,1.0,3551.3921156351003,175,0,1.0
25,Min Sum,Full-Contraction,1.0,2385.8059972217725,118,0,1.0
25,Min Sum,Full-Contraction,1.0,3403.0374223751355,166,0,1.0
25,Min Sum,Full-Contraction,1.0,3204.704801166619,157,0,1.0
25,Min Sum,Full-Contraction,1.0,4045.705475969211,200,0,1.0
25,Min Sum,Full-Contraction,1.0,3917.0887969189016,209,0,1.0
25,Min Sum,Full-Contraction,1.0,3167.346298022659,158,0,1.0
25,Min Sum,Full-Contraction,1.0,3320.926992182579,163,0,1.0
25,Min Sum,Full-Contraction,1.0,2545.9758751414483,128,0,1.0
25,Min Sum,Full-Contraction,1.0,2572.962226325856,129,0,1.0
25,Min Sum,Full-Contraction,1.0,3919.426717953409,191,0,1.0
25,Min Sum,Full-Contraction,1.0,2654.5580633787804,152,0,1.0
25,Min Sum,Full-Contraction,1.0,2216.240246964201,122,0,1.0
25,Min Sum,Full-Contraction,1.0,2810.432270011906,144,0,1.0
25,Min Sum,Full-Contraction,1.0,2642.8111904954458,131,0,1.0
25,Min Sum,Full-Contraction,1.0,2853.612294026158,140,0,1.0
25,Min Sum,Full-Contraction,1.0,2675.7405402065324,141,0,1.0
25,Min Sum,Full-Contraction,1.0,3090.950242747829,152,0,1.0
25,Min Sum,Full-Contraction,1.0,3025.2807516615794,160,0,1.0
25,Min Sum,Full-Contraction,1.0,3197.15563289659,159,0,1.0
25,Min Sum,Full-Contraction,1.0,3304.494361810064,170,0,1.0
25,Min Sum,Full-Contraction,1.0,3169.685796418201,161,0,1.0
25,Min Sum,Full-Contraction,1.0,2648.952287578973,130,0,1.0
25,Min Sum,Full-Contraction,1.0,1892.5118879892314,102,0,1.0
25,Min Sum,Full-Contraction,1.0,2576.209563681014,136,0,1.0
25,Min Sum,Full-Contraction,1.0,2703.2465730994777,137,0,1.0
25,Min Sum,Full-Contraction,1.0,2468.824367453217,130,0,1.0
25,Min Sum,Full-Contraction,1.0,2553.327412547185,129,0,1.0
25,Min Sum,Full-Contraction,1.0,1790.8614202205372,103,0,1.0
25,Min Sum,Full-Contraction,1.0,2733.8619881775576,140,0,1.0
25,Min Sum,Full-Contraction,1.0,2731.1387236634164,136,0,1.0
25,Min Sum,Full-Contraction,1.0,1956.277575261041,107,0,1.0
25,Min Sum,Full-Contraction,1.0,2164.3951401758745,122,0,1.0
25,Min Sum,Full-Contraction,1.0,3044.201134877886,149,0,1.0
25,Min Sum,Full-Contraction,1.0,2642.1199875294537,137,0,1.0
25,Min Sum,Full-Contraction,1.0,3279.3613663143865,172,0,1.0
25,Min Sum,Full-Contraction,1.0,3020.906215204447,150,0,1.0
25,Min Sum,Full-Contraction,1.0,2926.8146751771974,157,0,1.0
25,Min Sum,Full-Contraction,1.0,1767.0264858677988,96,0,1.0
25,Min Sum,Full-Contraction,1.0,2921.728570651693,151,0,1.0
25,Min Sum,Full-Contraction,1.0,3821.0502899954527,200,0,1.0
25,Min Sum,Full-Contraction,1.0,3172.411436629701,162,0,1.0
25,Min Sum,Full-Contraction,1.0,2875.9262667776156,152,0,1.0
25,Min Sum,Full-Contraction,1.0,3182.517022468639,164,0,1.0
25,Min Sum,Full-Contraction,1.0,2760.593202924806,142,0,1.0
25,Min Sum,Full-Contraction,1.0,3614.222239937415,186,0,1.0
25,Min Sum,Full-Contraction,1.0,2376.015236329229,121,0,1.0
25,Min Sum,Full-Contraction,1.0,3456.9111779865716,172,0,1.0
25,Min Sum,Full-Contraction,1.0,3067.759867305595,154,0,1.0
25,Min Sum,Full-Contraction,1.0,1668.9665278972911,86,0,1.0
25,Min Sum,Full-Contraction,1.0,3789.614215341283,189,0,1.0
25,Min Sum,Full-Contraction,1.0,3092.007911158044,156,0,1.0
25,Min Sum,Full-Contraction,1.0,2435.5290913078097,130,0,1.0
25,Min Sum,Full-Contraction,1.0,2655.468731023666,148,0,1.0
25,Min Sum,Full-Contraction,1.0,2691.223794702021,141,0,1.0
25,Min Sum,Full-Contraction,1.0,3604.2244297580237,189,0,1.0
25,Min Sum,Full-Contraction,1.0,2051.616984314036,114,0,1.0
25,Min Sum,Full-Contraction,1.0,2658.674408994473,135,0,1.0
25,Min Sum,Full-Contraction,1.0,2569.920856119922,130,0,1.0
25,Min Sum,Full-Contraction,1.0,2948.79210718836,158,0,1.0
25,Min Sum,Full-Contraction,1.0,1885.6185150643191,110,0,1.0
25,Min Sum,Full-Contraction,1.0,2969.720759195263,156,0,1.0
25,Min Sum,Full-Contraction,1.0,1617.9678763474835,86,0,1.0
25,Min Sum,Full-Contraction,1.0,3083.415701608459,151,0,1.0
25,Min Sum,Full-Contraction,1.0,4139.657770515956,203,0,1.0
25,Min Sum,Full-Contraction,1.0,2788.830823627637,137,0,1.0
25,Min Sum,Full-Contraction,1.0,2276.218964715208,121,0,1.0
25,Min Sum,Full-Contraction,1.0,2370.913309019199,123,0,1.0
25,Min Sum,Full-Contraction,1.0,2289.0010321330487,113,0,1.0
25,Min Sum,Full-Contraction,1.0,4154.526704214388,203,0,1.0
25,Min Sum,Full-Contraction,1.0,2124.6965276095107,111,0,1.0
25,Min Sum,Full-Contraction,1.0,3679.8980236048283,186,0,1.0
25,Min Sum,Full-Contraction,1.0,2415.0735703483815,121,0,1.0
25,Min Sum,Full-Contraction,1.0,3008.251225359817,162,0,1.0
25,Min Sum,Full-Contraction,1.0,2655.5069895876927,130,0,1.0
25,Min Sum,Full-Contraction,1.0,4160.8417328275955,208,0,1.0
25,Min Sum,Full-Contraction,1.0,3597.5083506790315,179,0,1.0
25,Min Sum,Full-Contraction,1.0,3026.5832195269886,153,0,1.0
25,Min Sum,Full-Contraction,1.0,2766.373519264547,142,0,1.0
25,Min Sum,Full-Contraction,1.0,2011.4879382510974,116,0,1.0
25,Min Sum,Full-Contraction,1.0,3996.4129767654604,195,0,1.0
25,Min Sum,Full-Contraction,1.0,3165.0419067770417,162,0,1.0
25,Min Sum,Full-Contraction,1.0,1610.8082392230003,94,0,1.0
25,Min Sum,Full-Contraction,1.0,3651.8020702924987,180,0,1.0
25,Min Sum,Full-Contraction,1.0,3427.217449373935,181,0,1.0
25,Min Sum,Full-Contraction,1.0,1826.9635816691994,105,0,1.0
25,Min Sum,Full-Contraction,1.0,1772.2762587914856,105,0,1.0
25,Min Sum,Full-Contraction,1.0,2934.282233921126,153,0,1.0
25,Min Sum,Full-Contraction,1.0,3540.3770454299483,187,0,1.0
25,Min Sum,Full-Contraction,1.0,2271.7481941684846,119,0,1.0
25,Min Sum,Full-Contraction,1.0,2309.1476539749024,128,0,1.0
25,Min Sum,Full-Contraction,1.0,2696.032644398192,135,0,1.0
25,Min Sum,Full-Contraction,1.0,2470.2208123058845,135,0,1.0
25,Min Sum,Full-Contraction,1.0,1865.8518330845986,96,0,1.0
25,Min Sum,Full-Contraction,1.0,2990.8960117159486,146,0,1.0
25,Min Sum,Full-Contraction,1.0,3015.751044270304,157,0,1.0
25,Min Sum,Full-Contraction,1.0,3041.8345779606616,149,0,1.0
25,Min Sum,Full-Contraction,1.0,2731.302799442542,136,0,1.0
25,Min Sum,Full-Contraction,1.0,3381.768061867738,172,0,1.0
25,Min Sum,Full-Contraction,1.0,3331.7384802845827,170,0,1.0
25,Min Sum,Full-Contraction,1.0,1874.3048276990744,95,0,1.0
25,Min Sum,Full-Contraction,1.0,3800.5848791403932,208,0,1.0
25,Min Sum,Full-Contraction,1.0,1975.3858825045472,104,0,1.0
25,Min Sum,Full-Contraction,1.0,2911.7116897292035,144,0,1.0
25,Min Sum,Full-Contraction,1.0,3657.7543883914695,180,0,1.0
25,Min Sum,Full-Contraction,1.0,2815.0868153422102,143,0,1.0
25,Min Sum,Full-Contraction,1.0,3752.655785306364,193,0,1.0
25,Min Sum,Full-Contraction,1.0,3084.7539007353453,151,0,1.0
25,Min Sum,Full-Contraction,1.0,3577.395737554116,179,0,1.0
25,Min Sum,Full-Contraction,1.0,2792.5282832896773,150,0,1.0
25,Min Sum,Full-Contraction,1.0,2693.369792412618,134,0,1.0
25,Min Sum,Full-Contraction,1.0,4100.281563836972,200,0,1.0
25,Min Sum,Full-Contraction,1.0,2792.7255472946827,137,0,1.0
25,Min Sum,Full-Contraction,1.0,3058.6425495637886,154,0,1.0
25,Min Sum,Full-Contraction,1.0,2820.358873403349,139,0,1.0
25,Min Sum,Full-Contraction,1.0,1978.8764868508938,105,0,1.0
25,Min Sum,Full-Contraction,1.0,3001.7324952246345,166,0,1.0
25,Min Sum,Full-Contraction,1.0,2825.070065222679,151,0,1.0
25,Min Sum,Full-Contraction,1.0,2851.661988221279,140,0,1.0
25,Min Sum,Full-Contraction,1.0,3425.189915395927,178,0,1.0
25,Min Sum,Full-Contraction,1.0,3514.6627581306007,172,0,1.0
25,Min Sum,Full-Contraction,1.0,3288.8321757067542,161,0,1.0
25,Min Sum,Full-Contraction,1.0,2882.0891863506367,144,0,1.0
25,Min Sum,Full-Contraction,1.0,3544.3394549661875,177,0,1.0
25,Min Sum,Full-Contraction,1.0,1578.4182833882205,98,0,1.0
25,Min Sum,Full-Contraction,1.0,4013.3071390622836,196,0,1.0
25,Min Sum,Full-Contraction,1.0,2156.3975621779055,110,0,1.0
25,Min Sum,Full-Contraction,1.0,3551.7758184565505,175,0,1.0
25,Min Sum,Full-Contraction,1.0,3571.933030438095,177,0,1.0
25,Min Sum,Full-Contraction,1.0,2144.6510067504387,113,0,1.0
25,Min Sum,Full-Contraction,1.0,3457.573105440981,173,0,1.0
25,Min Sum,Full-Contraction,1.0,2965.1833461923243,148,0,1.0
25,Min Sum,Full-Contraction,1.0,2533.7589800112055,132,0,1.0
25,Min Sum,Full-Contraction,1.0,2368.460193847037,118,0,1.0
25,Min Sum,Full-Contraction,1.0,2987.9678181146946,151,0,1.0
25,Min Sum,Full-Contraction,1.0,2709.5451981520637,133,0,1.0
25,Min Sum,Full-Contraction,1.0,2819.1956967323445,144,0,1.0
25,Min Sum,Full-Contraction,1.0,3235.867158450563,159,0,1.0
25,Min Sum,Full-Contraction,1.0,2016.8815331924793,102,0,1.0
25,Min Sum,Full-Contraction,1.0,2713.9428738984543,153,0,1.0
25,Min Sum,Full-Contraction,1.0,1683.0943813612676,84,0,1.0
25,Min Sum,Full-Contraction,1.0,2059.5031192459455,103,0,1.0
25,Min Sum,Full-Contraction,1.0,3468.2060629623525,173,0,1.0
25,Min Sum,Full-Contraction,1.0,2543.442524072676,129,0,1.0
25,Min Sum,Full-Contraction,1.0,2675.552023670106,139,0,1.0
25,Min Sum,Full-Contraction,1.0,3478.122968731028,173,0,1.0
25,Min Sum,Full-Contraction,1.0,3107.0469733437217,152,0,1.0
25,Min Sum,Full-Contraction,1.0,3780.4103602558303,188,0,1.0
25,Min Sum,Full-Contraction,1.0,3367.3268426647555,176,0,1.0
25,Min Sum,Full-Contraction,1.0,3925.6518527851945,196,0,1.0
25,Min Sum,Full-Contraction,1.0,3420.8379551121184,169,0,1.0
25,Min Sum,Full-Contraction,1.0,2076.3524304543826,110,0,1.0
25,Min Sum,Full-Contraction,1.0,2813.674705768282,139,0,1.0
25,Min Sum,Full-Contraction,1.0,2602.7293828511692,139,0,1.0
25,Min Sum,Full-Contraction,1.0,3419.058079254617,168,0,1.0
25,Min Sum,Full-Contraction,1.0,2230.246846501375,110,0,1.0
25,Min Sum,Full-Contraction,1.0,4293.753016851832,216,0,1.0
25,Min Sum,Full-Contraction,1.0,3056.1836397093557,150,0,1.0
25,Min Sum,Full-Contraction,1.0,3033.1437669652037,149,0,1.0
25,Min Sum,Full-Contraction,1.0,3485.906328638962,171,0,1.0
25,Min Sum,Full-Contraction,1.0,3951.441945246206,194,0,1.0
25,Min Sum,Full-Contraction,1.0,2159.105817212762,108,0,1.0
25,Min Sum,Full-Contraction,1.0,2748.869892753034,142,0,1.0
25,Min Sum,Full-Contraction,1.0,2225.4885172656413,120,0,1.0
25,Min Sum,Full-Contraction,1.0,2564.6625960886768,128,0,1.0
25,Min Sum,Full-Contraction,1.0,3421.9064693890923,167,0,1.0
25,Min Sum,Full-Contraction,1.0,3255.918186085122,161,0,1.0
25,Min Sum,Full-Contraction,1.0,2925.9640352566657,152,0,1.0
25,Min Sum,Full-Contraction,1.0,2781.536132164829,140,0,1.0
25,Min Sum,Full-Contraction,1.0,3597.650270867167,185,0,1.0
25,Min Sum,Full-Contraction,1.0,2604.482782420789,136,0,1.0
25,Min Sum,Full-Contraction,1.0,2960.3328975425193,152,0,1.0
25,Min Sum,Full-Contraction,1.0,3150.1605400302124,167,0,1.0
25,Min Sum,Full-Contraction,1.0,3734.1499754030247,189,0,1.0
25,Min Sum,Full-Contraction,1.0,2487.711221839777,131,0,1.0
25,Min Sum,Full-Contraction,1.0,2621.0682079861153,129,0,1.0
25,Min Sum,Full-Contraction,1.0,3093.2771277389893,152,0,1.0
25,Min Sum,Full-Contraction,1.0,2168.282352467306,122,0,1.0
25,Min Sum,Full-Contraction,1.0,2220.7398396478275,115,0,1.0
25,Min Sum,Full-Contraction,1.0,2009.1497573838942,107,0,1.0
25,Min Sum,Full-Contraction,1.0,2287.96847788951,113,0,1.0
25,Min Sum,Full-Contraction,1.0,2647.9029391773265,130,0,1.0
25,Min Sum,Full-Contraction,1.0,2847.9264192939663,140,0,1.0
25,Min Sum,Full-Contraction,1.0,2063.3576389676377,118,0,1.0
25,Min Sum,Full-Contraction,1.0,2700.896896662237,141,0,1.0
25,Min Sum,Full-Contraction,1.0,2352.6281028391186,121,0,1.0
25,Min Sum,Full-Contraction,1.0,3515.1185152713097,177,0,1.0
25,Min Sum,Full-Contraction,1.0,2815.4795211215032,142,0,1.0
25,Min Sum,Full-Contraction,1.0,3091.174681515613,151,0,1.0
25,Min Sum,Full-Contraction,1.0,2111.0080792347853,104,0,1.0
25,Min Sum,Full-Contraction,1.0,2560.7245444029118,132,0,1.0
25,Min Sum,Full-Contraction,1.0,2928.456091530838,148,0,1.0
25,Min Sum,Full-Contraction,1.0,3739.4499749696597,182,0,1.0
25,Min Sum,Full-Contraction,1.0,2289.9915160497276,113,0,1.0
25,Min Sum,Full-Contraction,1.0,3499.885009027442,179,0,1.0
25,Min Sum,Full-Contraction,1.0,2777.2702884969017,142,0,1.0
25,Min Sum,Full-Contraction,1.0,3343.2848623776254,171,0,1.0
25,Min Sum,Full-Contraction,1.0,2805.243987725188,137,0,1.0
25,Min Sum,Full-Contraction,1.0,2036.1615915543975,111,0,1.0
25,Min Sum,Full-Contraction,1.0,3236.0670196171022,170,0,1.0
25,Min Sum,Full-Contraction,1.0,3700.599838093202,181,0,1.0
25,Min Sum,Full-Contraction,1.0,2483.290095039267,129,0,1.0
25,Min Sum,Full-Contraction,1.0,2023.398931117221,118,0,1.0
25,Min Sum,Full-Contraction,1.0,2652.2407741590177,137,0,1.0
25,Min Sum,Full-Contraction,1.0,2412.936228082027,119,0,1.0
25,Min Sum,Full-Contraction,1.0,3194.211137555538,157,0,1.0
25,Min Sum,Full-Contraction,1.0,3439.066221888321,170,0,1.0
25,Min Sum,Full-Contraction,1.0,2977.912252733143,146,0,1.0
25,Min Sum,Full-Contraction,1.0,3690.1983123563505,180,0,1.0
25,Min Sum,Full-Contraction,1.0,3996.1644995408224,195,0,1.0
25,Min Sum,Full-Contraction,1.0,3712.101204730936,181,0,1.0
25,Min Sum,Full-Contraction,1.0,2152.19663942817,106,0,1.0
25,Min Sum,Full-Contraction,1.0,3729.208012631121,186,0,1.0
25,Min Sum,Full-Contraction,1.0,2844.6449509980175,153,0,1.0
25,Min Sum,Full-Contraction,1.0,2786.9674349223496,148,0,1.0
25,Min Sum,Full-Contraction,1.0,3364.4359120678973,165,0,1.0
25,Min Sum,Full-Contraction,1.0,1641.5361053012707,96,0,1.0
25,Min Sum,Full-Contraction,1.0,4203.704955430117,206,0,1.0
25,Min Sum,Full-Contraction,1.0,4193.511843272994,212,0,1.0
25,Min Sum,Full-Contraction,1.0,3592.589553948361,183,0,1.0
25,Min Sum,Full-Contraction,1.0,2476.0026774375774,122,0,1.0
25,Min Sum,Full-Contraction,1.0,1634.4857566611329,105,0,1.0
25,Min Sum,Full-Contraction,1.0,3315.021636198899,168,0,1.0
25,Min Sum,Full-Contraction,1.0,2107.183445293414,107,0,1.0
25,Min Sum,Full-Contraction,1.0,2423.387697728454,122,0,1.0
25,Min Sum,Full-Contraction,1.0,3704.036010856956,181,0,1.0
25,Min Sum,Full-Contraction,1.0,3166.8370322148903,157,0,1.0
25,Min Sum,Full-Contraction,1.0,2423.691570676588,122,0,1.0
25,Min Sum,Full-Contraction,1.0,2693.481532449545,137,0,1.0
25,Min Sum,Full-Contraction,1.0,2313.243993380463,115,0,1.0
25,Min Sum,Full-Contraction,1.0,2503.060576095197,134,0,1.0
25,Min Sum,Full-Contraction,1.0,2229.431449235964,116,0,1.0
25,Min Sum,Full-Contraction,1.0,2759.5052528207834,144,0,1.0
25,Min Sum,Full-Contraction,1.0,3470.3331368073596,169,0,1.0
25,Min Sum,Full-Contraction,1.0,1952.6282250502363,109,0,1.0
25,Min Sum,Full-Contraction,1.0,1741.3457436272618,93,0,1.0
25,Min Sum,Full-Contraction,1.0,3811.089220166855,188,0,1.0
25,Min Sum,Full-Contraction,1.0,3332.033871203251,163,0,1.0
25,Min Sum,Full-Contraction,1.0,1854.4238517748586,96,0,1.0
25,Min Sum,Full-Contraction,1.0,2608.9511577305925,139,0,1.0
25,Min Sum,Full-Contraction,1.0,1956.0507604298366,104,0,1.0
25,Min Sum,Full-Contraction,1.0,3834.043906135954,187,0,1.0
25,Min Sum,Full-Contraction,1.0,3182.4117280237315,158,0,1.0
25,Min Sum,Full-Contraction,1.0,3421.895177402652,168,0,1.0
25,Min Sum,Full-Contraction,1.0,2673.5805657787137,133,0,1.0
25,Min Sum,Full-Contraction,1.0,2963.0884257119287,154,0,1.0
25,Min Sum,Full-Contraction,1.0,3583.5813831008004,175,0,1.0
25,Min Sum,Full-Contraction,1.0,2020.3042753121458,106,0,1.0
25,Min Sum,Full-Contraction,1.0,2553.968032755486,126,0,1.0
25,Min Sum,Full-Contraction,1.0,3679.8886369079632,180,0,1.0
25,Min Sum,Full-Contraction,1.0,1814.9442244484785,100,0,1.0
25,Min Sum,Full-Contraction,1.0,3369.4001702157875,171,0,1.0
25,Min Sum,Full-Contraction,1.0,2992.920566643215,147,0,1.0
25,Min Sum,Full-Contraction,1.0,3353.924815774834,179,0,1.0
25,Min Sum,Full-Contraction,1.0,3602.946454988739,178,0,1.0
25,Min Sum,Full-Contraction,1.0,1918.4667864463627,105,0,1.0
25,Min Sum,Full-Contraction,1.0,2266.7102815503686,113,0,1.0
25,Min Sum,Full-Contraction,1.0,2792.5598518515617,139,0,1.0
25,Min Sum,Full-Contraction,1.0,1642.272601809862,105,0,1.0
25,Min Sum,Full-Contraction,1.0,2291.2947549919663,124,0,1.0
25,Min Sum,Full-Contraction,1.0,2600.530636886448,132,0,1.0
25,Min Sum,Full-Contraction,1.0,2535.493300771193,129,0,1.0
25,Min Sum,Full-Contraction,1.0,2317.6687149767495,115,0,1.0
25,Min Sum,Full-Contraction,1.0,3107.1025658825592,153,0,1.0
25,Min Sum,Full-Contraction,1.0,2297.2239498922354,122,0,1.0
25,Min Sum,Full-Contraction,1.0,3664.62862764986,189,0,1.0
25,Min Sum,Full-Contraction,1.0,2576.4496741396656,133,0,1.0
25,Min Sum,Full-Contraction,1.0,1992.404890122239,104,0,1.0
25,Min Sum,Full-Contraction,1.0,4086.7294543922035,200,0,1.0
25,Min Sum,Full-Contraction,1.0,2716.175609986305,145,0,1.0
25,Min Sum,Full-Contraction,1.0,3337.427827234993,171,0,1.0
25,Min Sum,Full-Contraction,1.0,3915.3194879907956,193,0,1.0
25,Min Sum,Full-Contraction,1.0,2474.24001973867,121,0,1.0
25,Min Sum,Full-Contraction,1.0,2372.4513191948267,122,0,1.0
25,Min Sum,Full-Contraction,1.0,3506.951538859231,181,0,1.0
25,Min Sum,Full-Contraction,1.0,2800.088595818469,145,0,1.0
25,Min Sum,Full-Contraction,1.0,3990.4274045212387,200,0,1.0
25,Min Sum,Full-Contraction,1.0,3335.879932690629,171,0,1.0
25,Min Sum,Full-Contraction,1.0,3396.137422180982,170,0,1.0
25,Min Sum,Full-Contraction,1.0,2886.737437657555,144,0,1.0
25,Min Sum,Full-Contraction,1.0,3499.893382492567,181,0,1.0
25,Min Sum,Full-Contraction,1.0,2106.2548498293845,106,0,1.0
25,Min Sum,Full-Contraction,1.0,3588.2056813866593,176,0,1.0
25,Min Sum,Full-Contraction,1.0,2754.4219019508437,141,0,1.0
25,Min Sum,Full-Contraction,1.0,3196.985227533165,157,0,1.0
25,Min Sum,Full-Contraction,1.0,3307.4780489539307,162,0,1.0
25,Min Sum,Full-Contraction,1.0,3070.9042469076003,151,0,1.0
25,Min Sum,Full-Contraction,1.0,3177.9559826050854,159,0,1.0
25,Min Sum,Full-Contraction,1.0,1944.0093977929157,104,0,1.0
25,Min Sum,Full-Contraction,1.0,1901.4841376383256,99,0,1.0
25,Min Sum,Full-Contraction,1.0,3198.1219335893816,160,0,1.0
25,Min Sum,Full-Contraction,1.0,3227.72821256971,180,0,1.0
25,Min Sum,Full-Contraction,1.0,2546.8001276385503,125,0,1.0
25,Min Sum,Full-Contraction,1.0,3223.1335454408345,157,0,1.0
25,Min Sum,Full-Contraction,1.0,3252.7852091474015,161,0,1.0
25,Min Sum,Full-Contraction,1.0,3205.8386648518954,157,0,1.0
25,Min Sum,Full-Contraction,1.0,3171.059170908875,157,0,1.0
25,Min Sum,Full-Contraction,1.0,2965.0266862435283,149,0,1.0
25,Min Sum,Full-Contraction,1.0,1984.3925052171383,111,0,1.0
25,Min Sum,Full-Contraction,1.0,2138.5472315427437,121,0,1.0
25,Min Sum,Full-Contraction,1.0,2501.380797612739,128,0,1.0
25,Min Sum,Full-Contraction,1.0,2479.730503855467,123,0,1.0
25,Min Sum,Full-Contraction,1.0,2949.5798180810934,145,0,1.0
25,Min Sum,Full-Contraction,1.0,3061.0323562430085,159,0,1.0
25,Min Sum,Full-Contraction,1.0,2319.926019575383,116,0,1.0
25,Min Sum,Full-Contraction,1.0,2075.2911700963323,117,0,1.0
25,Min Sum,Full-Contraction,1.0,2372.3311766142815,122,0,1.0
25,Min Sum,Full-Contraction,1.0,3601.548825223,183,0,1.0
25,Min Sum,Full-Contraction,1.0,2893.2053224855235,144,0,1.0
25,Min Sum,Full-Contraction,1.0,2464.6128277877056,128,0,1.0
25,Min Sum,Full-Contraction,1.0,2912.56505346458,147,0,1.0
25,Min Sum,Full-Contraction,1.0,2320.6289144707107,115,0,1.0
25,Min Sum,Full-Contraction,1.0,3345.3717748994454,164,0,1.0
25,Min Sum,Full-Contraction,1.0,3459.247021856476,176,0,1.0
25,Min Sum,Full-Contraction,1.0,2976.683186590274,146,0,1.0
25,Min Sum,Full-Contraction,1.0,3978.3126380808544,197,0,1.0
25,Min Sum,Full-Contraction,1.0,2101.7286026668817,120,0,1.0
25,Min Sum,Full-Contraction,1.0,2185.918485426746,123,0,1.0
25,Min Sum,Full-Contraction,1.0,3390.501068690658,172,0,1.0
25,Min Sum,Full-Contraction,1.0,2797.6554880033073,137,0,1.0
25,Min Sum,Full-Contraction,1.0,3077.444811799094,151,0,1.0
25,Min Sum,Full-Contraction,1.0,3726.3715590628954,191,0,1.0
25,Min Sum,Full-Contraction,1.0,2635.4742966942085,144,0,1.0
25,Min Sum,Full-Contraction,1.0,2619.8605042197723,139,0,1.0
25,Min Sum,Full-Contraction,1.0,3204.5301596813565,162,0,1.0
25,Min Sum,Full-Contraction,1.0,3340.6755826619674,167,0,1.0
25,Min Sum,Full-Contraction,1.0,2955.5317585207413,171,0,1.0
25,Min Sum,Full-Contraction,1.0,2726.104627281703,140,0,1.0
25,Min Sum,Full-Contraction,1.0,2529.224724689551,124,0,1.0
25,Min Sum,Full-Contraction,1.0,3470.3544067467355,169,0,1.0
25,Min Sum,Full-Contraction,1.0,4212.308464249678,210,0,1.0
25,Min Sum,Full-Contraction,1.0,3831.6847940065895,187,0,1.0
25,Min Sum,Full-Contraction,1.0,2103.8201364394763,110,0,1.0
25,Min Sum,Full-Contraction,1.0,3334.021746910813,169,0,1.0
25,Min Sum,Full-Contraction,1.0,2432.1224666161706,120,0,1.0
25,Min Sum,Full-Contraction,1.0,1969.697589288713,103,0,1.0
25,Min Sum,Full-Contraction,1.0,3883.518018056563,201,0,1.0
25,Min Sum,Full-Contraction,1.0,3933.6619107220877,195,0,1.0
25,Min Sum,Full-Contraction,1.0,2798.7238640496,151,0,1.0
25,Min Sum,Full-Contraction,1.0,3750.6163142890978,188,0,1.0
25,Min Sum,Full-Contraction,1.0,3688.370018474171,180,0,1.0
25,Min Sum,Full-Contraction,1.0,2384.277216763816,120,0,1.0
25,Min Sum,Full-Contraction,1.0,2998.584645179124,153,0,1.0
25,Min Sum,Full-Contraction,1.0,2364.4266326487423,127,0,1.0
25,Min Sum,Full-Contraction,1.0,2838.339679984164,152,0,1.0
25,Min Sum,Full-Contraction,1.0,2159.210695052411,109,0,1.0
25,Min Sum,Full-Contraction,1.0,3593.952596928607,178,0,1.0
25,Min Sum,Full-Contraction,1.0,3033.2281587137095,154,0,1.0
25,Min Sum,Full-Contraction,1.0,4200.63349673192,210,0,1.0
25,Min Sum,Full-Contraction,1.0,2366.2408974955106,116,0,1.0
25,Min Sum,Full-Contraction,1.0,3176.475529168195,156,0,1.0
25,Min Sum,Full-Contraction,1.0,2989.089911553784,155,0,1.0
25,Min Sum,Full-Contraction,1.0,3364.413390879972,165,0,1.0
25,Min Sum,Full-Contraction,1.0,3270.484125717275,162,0,1.0
25,Min Sum,Full-Contraction,1.0,3209.1309964347192,169,0,1.0
25,Min Sum,Full-Contraction,1.0,2956.1490068110597,146,0,1.0
25,Min Sum,Full-Contraction,1.0,2608.436426981329,132,0,1.0
25,Min Sum,Full-Contraction,1.0,2153.6078520234287,111,0,1.0
25,Min Sum,Full-Contraction,1.0,2882.9974233159674,147,0,1.0
25,Min Sum,Full-Contraction,1.0,1740.30020470744,115,0,1.0
25,Min Sum,Full-Contraction,1.0,3325.1953261303915,163,0,1.0
25,Min Sum,Full-Contraction,1.0,2811.729210772222,138,0,1.0
25,Min Sum,Full-Contraction,1.0,2884.0012998278444,144,0,1.0
25,Min Sum,Full-Contraction,1.0,1932.3051235666721,100,0,1.0
25,Min Sum,Full-Contraction,1.0,1870.77590457523,93,0,1.0
25,Min Sum,Full-Contraction,1.0,2188.564682994275,108,0,1.0
25,Min Sum,Full-Contraction,1.0,3054.129044634042,150,0,1.0
25,Min Sum,Full-Contraction,1.0,3039.893283888519,151,0,1.0
25,Min Sum,Full-Contraction,1.0,3000.960901438184,164,0,1.0
25,Min Sum,Full-Contraction,1.0,1834.2445374454273,98,0,1.0
25,Min Sum,Full-Contraction,1.0,2111.7749563319076,105,0,1.0
25,Min Sum,Full-Contraction,1.0,3303.8297330528085,167,0,1.0
25,Min Sum,Full-Contraction,1.0,2042.4104834095501,113,0,1.0
25,Min Sum,Full-Contraction,1.0,2460.3034396931084,135,0,1.0
25,Min Sum,Full-Contraction,1.0,2096.927579338476,110,0,1.0
25,Min Sum,Full-Contraction,1.0,3589.359653873703,182,0,1.0
25,Min Sum,Full-Contraction,1.0,1985.0394491371703,100,0,1.0
25,Min Sum,Full-Contraction,1.0,2331.693633329628,117,0,1.0
25,Min Sum,Full-Contraction,1.0,3095.1084265768004,156,0,1.0
25,Min Sum,Full-Contraction,1.0,2666.9367015627536,143,0,1.0
25,Min Sum,Full-Contraction,1.0,2560.8266434688335,146,0,1.0
25,Min Sum,Full-Contraction,1.0,2535.0779495062375,125,0,1.0
25,Min Sum,Full-Contraction,1.0,2508.1289202680023,130,0,1.0
25,Min Sum,Full-Contraction,1.0,3078.721105118222,160,0,1.0
25,Min Sum,Full-Contraction,1.0,1775.6554810298771,104,0,1.0
25,Min Sum,Full-Contraction,1.0,3323.6847524727536,167,0,1.0
25,Min Sum,Full-Contraction,1.0,2713.722295753587,136,0,1.0
25,Min Sum,Full-Contraction,1.0,2851.651317609431,145,0,1.0
25,Min Sum,Full-Contraction,1.0,3251.0643101997703,164,0,1.0
25,Min Sum,Full-Contraction,1.0,1878.8028866742786,102,0,1.0
25,Min Sum,Full-Contraction,1.0,2497.5446932980994,132,0,1.0
25,Min Sum,Full-Contraction,1.0,2219.192558541946,110,0,1.0
25,Min Sum,Full-Contraction,1.0,2972.6693187640967,150,0,1.0
25,Min Sum,Full-Contraction,1.0,2584.953178310826,132,0,1.0
25,Min Sum,Full-Contraction,1.0,2224.1362987839475,111,0,1.0
25,Min Sum,Full-Contraction,1.0,1807.2187298903264,108,0,1.0
25,Min Sum,Full-Contraction,1.0,2461.0062504996763,128,0,1.0
25,Min Sum,Full-Contraction,1.0,2843.277031216575,148,0,1.0
25,Min Sum,Full-Contraction,1.0,3021.7844138542887,163,0,1.0
25,Min Sum,Full-Contraction,1.0,2160.5513916545397,116,0,1.0
25,Min Sum,Full-Contraction,1.0,2790.8037459517445,163,0,1.0
25,Min Sum,Full-Contraction,1.0,3076.351463724629,151,0,1.0
25,Min Sum,Full-Contraction,1.0,2783.1443159725395,144,0,1.0
25,Min Sum,Full-Contraction,1.0,4008.509435294952,208,0,1.0
25,Min Sum,Full-Contraction,1.0,2877.2899549480762,141,0,1.0
25,Min Sum,Full-Contraction,1.0,3793.637563036311,185,0,1.0
25,Min Sum,Full-Contraction,1.0,2803.5350974903686,139,0,1.0
25,Min Sum,Full-Contraction,1.0,3644.4156314077127,186,0,1.0
25,Min Sum,Full-Contraction,1.0,2850.994602869985,146,0,1.0
25,Min Sum,Full-Contraction,1.0,2989.4929721752133,159,0,1.0
25,Min Sum,Full-Contraction,1.0,1696.0050422215331,102,0,1.0
25,Min Sum,Full-Contraction,1.0,2605.28429547689,134,0,1.0
25,Min Sum,Full-Contraction,1.0,4107.020575085571,200,0,1.0
25,Min Sum,Full-Contraction,1.0,3310.04266273967,170,0,1.0
25,Min Sum,Full-Contraction,1.0,2088.597564223557,103,0,1.0
25,Min Sum,Full-Contraction,1.0,2685.47011479807,142,0,1.0
25,Min Sum,Full-Contraction,1.0,3443.9607021021966,168,0,1.0
25,Min Sum,Full-Contraction,1.0,1849.4169046408115,103,0,1.0
25,Min Sum,Full-Contraction,1.0,3560.412199798886,177,0,1.0
25,Min Sum,Full-Contraction,1.0,3141.811227809776,160,0,1.0
25,Min Sum,Full-Contraction,1.0,1525.692060432256,98,0,1.0
25,Min Sum,Full-Contraction,1.0,2358.985704235568,118,0,1.0
25,Min Sum,Full-Contraction,1.0,3148.7580300968402,171,0,1.0
25,Min Sum,Full-Contraction,1.0,2569.7505706416114,126,0,1.0
25,Min Sum,Full-Contraction,1.0,2711.809871882616,138,0,1.0
25,Min Sum,Full-Contraction,1.0,2761.980985245666,136,0,1.0
25,Min Sum,Full-Contraction,1.0,2849.399698848306,143,0,1.0
25,Min Sum,Full-Contraction,1.0,3155.9727927862477,160,0,1.0
25,Min Sum,Full-Contraction,1.0,3422.510190150536,170,0,1.0
25,Min Sum,Full-Contraction,1.0,2842.6177148983006,160,0,1.0
25,Min Sum,Full-Contraction,1.0,2843.665497955717,150,0,1.0
25,Min Sum,Full-Contraction,1.0,2825.2276997086256,138,0,1.0
25,Min Sum,Full-Contraction,1.0,3455.2787404484434,177,0,1.0
25,Min Sum,Full-Contraction,1.0,3035.0867690915657,154,0,1.0
25,Min Sum,Full-Contraction,1.0,1967.3951331621538,109,0,1.0
25,Min Sum,Full-Contraction,1.0,2385.229915709484,129,0,1.0
25,Min Sum,Full-Contraction,1.0,2567.3103459179038,135,0,1.0
25,Min Sum,Full-Contraction,1.0,2624.7826599434543,139,0,1.0
25,Min Sum,Full-Contraction,1.0,2993.5471161479145,159,0,1.0
25,Min Sum,Full-Contraction,1.0,4833.454048024259,235,0,1.0
25,Min Sum,Full-Contraction,1.0,3080.4051912559407,156,0,1.0
25,Min Sum,Full-Contraction,1.0,1817.9142549719659,105,0,1.0
25,Min Sum,Full-Contraction,1.0,2579.972737015028,133,0,1.0
25,Min Sum,Full-Contraction,1.0,2560.74205028556,130,0,1.0
25,Min Sum,Full-Contraction,1.0,3597.0311364183176,175,0,1.0
25,Min Sum,Full-Contraction,1.0,3389.111874736698,168,0,1.0
25,Min Sum,Full-Contraction,1.0,2199.030081362212,122,0,1.0
25,Min Sum,Full-Contraction,1.0,1741.2488070661973,93,0,1.0
25,Min Sum,Full-Contraction,1.0,2752.187175546536,135,0,1.0
25,Min Sum,Full-Contraction,1.0,4711.342456544109,236,0,1.0
25,Min Sum,Full-Contraction,1.0,2227.6508270201784,124,0,1.0
25,Min Sum,Full-Contraction,1.0,3395.0222407559536,177,0,1.0
25,Min Sum,Full-Contraction,1.0,2395.478121107186,124,0,1.0
25,Min Sum,Full-Contraction,1.0,2655.716809473872,141,0,1.0
25,Min Sum,Full-Contraction,1.0,3601.7782869696357,184,0,1.0
25,Min Sum,Full-Contraction,1.0,2846.0725694727334,147,0,1.0
25,Min Sum,Full-Contraction,1.0,3081.3141683579743,159,0,1.0
25,Min Sum,Full-Contraction,1.0,2008.5431343451128,113,0,1.0
25,Min Sum,Full-Contraction,1.0,3288.3560733376416,163,0,1.0
25,Min Sum,Full-Contraction,1.0,2993.2880580163146,147,0,1.0
25,Min Sum,Full-Contraction,1.0,1778.144453895237,95,0,1.0
25,Min Sum,Full-Contraction,1.0,2317.965913683239,117,0,1.0
25,Min Sum,Full-Contraction,1.0,3060.7110199782364,161,0,1.0
25,Min Sum,Full-Contraction,1.0,3457.150524733437,177,0,1.0
25,Min Sum,Full-Contraction,1.0,2738.700198737283,141,0,1.0
25,Min Sum,Full-Contraction,1.0,2595.9289687788755,133,0,1.0
25,Min Sum,Full-Contraction,1.0,2158.199937960968,119,0,1.0
25,Min Sum,Full-Contraction,1.0,3554.6345903702577,174,0,1.0
25,Min Sum,Full-Contraction,1.0,2186.9721958057285,128,0,1.0
25,Min Sum,Full-Contraction,1.0,3489.213656220042,183,0,1.0
25,Min Sum,Full-Contraction,1.0,2993.8188748585467,161,0,1.0
25,Min Sum,Full-Contraction,1.0,3556.1174245997936,188,0,1.0
25,Min Sum,Full-Contraction,1.0,2914.459553127731,154,0,1.0
25,Min Sum,Full-Contraction,1.0,3149.102361026492,157,0,1.0
25,Min Sum,Full-Contraction,1.0,4292.960052424325,210,0,1.0
25,Min Sum,Full-Contraction,1.0,4295.471772815585,220,0,1.0
25,Min Sum,Full-Contraction,1.0,1915.0611990896487,95,0,1.0
25,Min Sum,Full-Contraction,1.0,2530.568264272878,138,0,1.0
25,Min Sum,Full-Contraction,1.0,3428.636660769571,183,0,1.0
25,Min Sum,Full-Contraction,1.0,2256.4922619860404,118,0,1.0
25,Min Sum,Full-Contraction,1.0,3694.472629762094,185,0,1.0
25,Min Sum,Full-Contraction,1.0,3401.2679845775037,171,0,1.0
25,Min Sum,Full-Contraction,1.0,3016.455149097651,154,0,1.0
25,Min Sum,Full-Contraction,1.0,2699.3025616022514,142,0,1.0
25,Min Sum,Full-Contraction,1.0,2971.127337811993,152,0,1.0
25,Min Sum,Full-Contraction,1.0,4013.6349108306003,195,0,1.0
25,Min Sum,Full-Contraction,1.0,3203.8543031052513,167,0,1.0
25,Min Sum,Full-Contraction,1.0,3940.5473571377743,197,0,1.0
25,Min Sum,Full-Contraction,1.0,2487.0708472581678,147,0,1.0
25,Min Sum,Full-Contraction,1.0,3632.7374683549324,177,0,1.0
25,Min Sum,Full-Contraction,1.0,2268.762922393925,122,0,1.0
25,Min Sum,Full-Contraction,1.0,3038.595117630197,149,0,1.0
25,Min Sum,Full-Contraction,1.0,3246.301207177633,159,0,1.0
25,Min Sum,Full-Contraction,1.0,3019.4652220486378,155,0,1.0
25,Min Sum,Full-Contraction,1.0,3625.2860666405413,180,0,1.0
25,Min Sum,Full-Contraction,1.0,2674.7976232470664,131,0,1.0
25,Min Sum,Full-Contraction,1.0,2892.4226414027867,145,0,1.0
25,Min Sum,Full-Contraction,1.0,3008.0519499237025,156,0,1.0
25,Min Sum,Full-Contraction,1.0,3236.204415620775,158,0,1.0
25,Min Sum,Full-Contraction,1.0,1495.9646516950966,90,0,1.0
25,Min Sum,Full-Contraction,1.0,2495.757357032606,125,0,1.0
25,Min Sum,Full-Contraction,1.0,3253.5327100900595,159,0,1.0
25,Min Sum,Full-Contraction,1.0,2941.2909092964946,151,0,1.0
25,Min Sum,Full-Contraction,1.0,3267.5039952105535,160,0,1.0
25,Min Sum,Full-Contraction,1.0,3135.814076448404,157,0,1.0
25,Min Sum,Full-Contraction,1.0,3064.1290578558237,161,0,1.0
25,Min Sum,Full-Contraction,1.0,3392.357145483268,171,0,1.0
25,Min Sum,Full-Contraction,1.0,3420.2265294580384,175,0,1.0
25,Min Sum,Full-Contraction,1.0,2962.8293623568143,146,0,1.0
25,Min Sum,Full-Contraction,1.0,2433.879753343929,123,0,1.0
25,Min Sum,Full-Contraction,1.0,2801.853611790307,150,0,1.0
25,Min Sum,Full-Contraction,1.0,1804.0513662607,103,0,1.0
25,Min Sum,Full-Contraction,1.0,1883.5180950555346,96,0,1.0
25,Min Sum,Full-Contraction,1.0,3288.0479235218118,173,0,1.0
25,Min Sum,Full-Contraction,1.0,2267.7286737791164,128,0,1.0
25,Min Sum,Full-Contraction,1.0,3011.2510516196,155,0,1.0
25,Min Sum,Full-Contraction,1.0,3093.9233275866354,162,0,1.0
25,Min Sum,Full-Contraction,1.0,2924.095741930481,148,0,1.0
25,Min Sum,Full-Contraction,1.0,3238.706990994351,162,0,1.0
25,Min Sum,Full-Contraction,1.0,3161.9492596245645,155,0,1.0
25,Min Sum,Full-Contraction,1.0,3150.6421117712716,164,0,1.0
25,Min Sum,Full-Contraction,1.0,1925.8956318182081,115,0,1.0
25,Min Sum,Full-Contraction,1.0,3225.405560768029,163,0,1.0
25,Min Sum,Full-Contraction,1.0,3131.0318584396464,160,0,1.0
25,Min Sum,Full-Contraction,1.0,2809.7308690250675,141,0,1.0
25,Min Sum,Full-Contraction,1.0,2691.8984193717183,142,0,1.0
25,Min Sum,Full-Contraction,1.0,3193.82559172118,162,0,1.0
25,Min Sum,Full-Contraction,1.0,3169.2462828177554,155,0,1.0
25,Min Sum,Full-Contraction,1.0,3258.055426879422,161,0,1.0
25,Min Sum,Full-Contraction,1.0,2079.2777168442262,108,0,1.0
25,Min Sum,Full-Contraction,1.0,2398.622085491815,118,0,1.0
25,Min Sum,Full-Contraction,1.0,4279.966602472187,209,0,1.0
25,Min Sum,Full-Contraction,1.0,3207.0114653503474,172,0,1.0
25,Min Sum,Full-Contraction,1.0,2633.0663144302207,130,0,1.0
25,Min Sum,Full-Contraction,1.0,2485.1664311050117,136,0,1.0
25,Min Sum,Full-Contraction,1.0,3802.7773106070563,189,0,1.0
25,Min Sum,Full-Contraction,1.0,3822.2912042386192,187,0,1.0
25,Min Sum,Full-Contraction,1.0,3932.6232597881994,192,0,1.0
25,Min Sum,Full-Contraction,1.0,3343.1155457316854,178,0,1.0
25,Min Sum,Full-Contraction,1.0,2404.0391217358574,128,0,1.0
25,Min Sum,Full-Contraction,1.0,3249.71945298876,168,0,1.0
25,Min Sum,Full-Contraction,1.0,2122.320055131958,104,0,1.0
25,Min Sum,Full-Contraction,1.0,1777.9938641597098,101,0,1.0
25,Min Sum,Full-Contraction,1.0,3861.2550249945725,189,0,1.0
25,Min Sum,Full-Contraction,1.0,2529.863480067359,124,0,1.0
25,Min Sum,Full-Contraction,1.0,2270.4248327241203,135,0,1.0
25,Min Sum,Full-Contraction,1.0,3697.871723489772,185,0,1.0
25,Min Sum,Full-Contraction,1.0,3094.5858642469625,158,0,1.0
25,Min Sum,Full-Contraction,1.0,2574.2471870153017,130,0,1.0
25,Min Sum,Full-Contraction,1.0,2600.2101373751825,128,0,1.0
25,Min Sum,Full-Contraction,1.0,2785.721554593877,146,0,1.0
25,Min Sum,Full-Contraction,1.0,3545.022058256084,177,0,1.0
25,Min Sum,Full-Contraction,1.0,2901.9116753339295,153,0,1.0
25,Min Sum,Full-Contraction,1.0,1974.979004166915,109,0,1.0
25,Min Sum,Full-Contraction,1.0,3268.063638444948,166,0,1.0
25,Min Sum,Full-Contraction,1.0,1717.2068057204392,100,0,1.0
25,Min Sum,Full-Contraction,1.0,3080.7597485297147,155,0,1.0
25,Min Sum,Full-Contraction,1.0,2737.56824627923,153,0,1.0
25,Min Sum,Full-Contraction,1.0,3453.241820214937,174,0,1.0
25,Min Sum,Full-Contraction,1.0,3240.1244518376607,159,0,1.0
25,Min Sum,Full-Contraction,1.0,3260.297180696268,164,0,1.0
25,Min Sum,Full-Contraction,1.0,2581.5362027437113,141,0,1.0
25,Min Sum,Full-Contraction,1.0,2702.904949095051,142,0,1.0
25,Min Sum,Full-Contraction,1.0,2954.1105195459313,145,0,1.0
25,Min Sum,Full-Contraction,1.0,2306.0254458673608,117,0,1.0
25,Min Sum,Full-Contraction,1.0,3270.922524202583,173,0,1.0
25,Min Sum,Full-Contraction,1.0,3273.936894160779,167,0,1.0
25,Min Sum,Full-Contraction,1.0,3099.042797797684,157,0,1.0
25,Min Sum,Full-Contraction,1.0,3349.735096637023,165,0,1.0
25,Min Sum,Full-Contraction,1.0,3761.463888071343,184,0,1.0
25,Min Sum,Full-Contraction,1.0,3492.7709831396814,181,0,1.0
25,Min Sum,Full-Contraction,1.0,2765.4071817172508,141,0,1.0
25,Min Sum,Full-Contraction,1.0,1748.0640823135475,103,0,1.0
25,Min Sum,Full-Contraction,1.0,3466.9737132712407,175,0,1.0
25,Min Sum,Full-Contraction,1.0,3232.356360817178,163,0,1.0
25,Min Sum,Full-Contraction,1.0,2469.1165373778767,127,0,1.0
25,Min Sum,Full-Contraction,1.0,1896.1160100307573,110,0,1.0
25,Min Sum,Full-Contraction,1.0,1791.3767239859258,108,0,1.0
25,Min Sum,Full-Contraction,1.0,2316.244820495507,117,0,1.0
25,Min Sum,Full-Contraction,1.0,3644.336085363498,188,0,1.0
25,Min Sum,Full-Contraction,1.0,2169.345612798389,114,0,1.0
25,Min Sum,Full-Contraction,1.0,3369.551157919544,168,0,1.0
25,Min Sum,Full-Contraction,1.0,2539.4540344579045,136,0,1.0
25,Min Sum,Full-Contraction,1.0,3736.459806895041,190,0,1.0
25,Min Sum,Full-Contraction,1.0,2505.0084674158925,124,0,1.0
25,Min Sum,Full-Contraction,1.0,2766.8596395582263,136,0,1.0
25,Min Sum,Full-Contraction,1.0,2320.9020279298384,123,0,1.0
25,Min Sum,Full-Contraction,1.0,3435.544002243756,168,0,1.0
25,Min Sum,Full-Contraction,1.0,2746.293343067143,135,0,1.0
25,Min Sum,Full-Contraction,1.0,2605.4892361832763,132,0,1.0
25,Min Sum,Full-Contraction,1.0,2192.7066953466965,113,0,1.0
25,Min Sum,Full-Contraction,1.0,3529.6561080102774,175,0,1.0
25,Min Sum,Full-Contraction,1.0,3503.6085031165603,189,0,1.0
25,Min Sum,Full-Contraction,1.0,3353.3140319163413,164,0,1.0
25,Min Sum,Full-Contraction,1.0,3031.05596350637,150,0,1.0
25,Min Sum,Full-Contraction,1.0,2603.1140668073613,145,0,1.0
25,Min Sum,Full-Contraction,1.0,3236.5984822984947,174,0,1.0
25,Min Sum,Full-Contraction,1.0,3473.4845860017713,177,0,1.0
25,Min Sum,Full-Contraction,1.0,2798.0255455629776,145,0,1.0
25,Min Sum,Full-Contraction,1.0,2104.9300459742817,114,0,1.0
25,Min Sum,Full-Contraction,1.0,2982.980827323212,156,0,1.0
25,Min Sum,Full-Contraction,1.0,2690.428004828767,144,0,1.0
25,Min Sum,Full-Contraction,1.0,3311.25616913256,171,0,1.0
25,Min Sum,Full-Contraction,1.0,2551.8764099055848,129,0,1.0
25,Min Sum,Full-Contraction,1.0,2874.7232159730543,147,0,1.0
25,Min Sum,Full-Contraction,1.0,2832.853950682731,139,0,1.0
25,Min Sum,Full-Contraction,1.0,1778.4806292327744,109,0,1.0
25,Min Sum,Full-Contraction,1.0,3509.4716123946373,171,0,1.0
25,Min Sum,Full-Contraction,1.0,2641.67354421141,140,0,1.0
25,Min Sum,Full-Contraction,1.0,2771.1233904999904,143,0,1.0
25,Min Sum,Full-Contraction,1.0,2610.636368429862,130,0,1.0
25,Min Sum,Full-Contraction,1.0,2736.1718738519967,152,0,1.0
25,Min Sum,Full-Contraction,1.0,3479.039862690271,170,0,1.0
25,Min Sum,Full-Contraction,1.0,3577.0752962350252,180,0,1.0
25,Min Sum,Full-Contraction,1.0,3093.093917042179,154,0,1.0
25,Min Sum,Full-Contraction,1.0,2843.8007900478606,141,0,1.0
25,Min Sum,Full-Contraction,1.0,3093.237974517756,156,0,1.0
25,Min Sum,Full-Contraction,1.0,2831.197604813985,146,0,1.0
25,Min Sum,Full-Contraction,1.0,2600.899918342164,136,0,1.0
25,Min Sum,Full-Contraction,1.0,4133.495479686659,202,0,1.0
25,Min Sum,Full-Contraction,1.0,2218.1273204023064,117,0,1.0
25,Min Sum,Full-Contraction,1.0,3294.79075297089,171,0,1.0
25,Min Sum,Full-Contraction,1.0,2530.244964756542,133,0,1.0
25,Min Sum,Full-Contraction,1.0,2292.683920490651,119,0,1.0
25,Min Sum,Full-Contraction,1.0,2128.0203067759926,108,0,1.0
25,Min Sum,Full-Contraction,1.0,2635.2595320414694,136,0,1.0
25,Min Sum,Full-Contraction,1.0,3564.872265176219,174,0,1.0
25,Min Sum,Full-Contraction,1.0,2408.0288740205733,129,0,1.0
25,Min Sum,Full-Contraction,1.0,3062.5496461427283,154,0,1.0
25,Min Sum,Full-Contraction,1.0,1833.2568319384345,102,0,1.0
25,Min Sum,Full-Contraction,1.0,4139.126133711546,204,0,1.0
25,Min Sum,Full-Contraction,1.0,2471.385520781255,135,0,1.0
25,Min Sum,Full-Contraction,1.0,1910.5091097599702,103,0,1.0
25,Min Sum,Full-Contraction,1.0,2630.5627515608066,129,0,1.0
25,Min Sum,Full-Contraction,1.0,3718.387063034368,181,0,1.0
25,Min Sum,Full-Contraction,1.0,2523.153506065813,124,0,1.0
25,Min Sum,Full-Contraction,1.0,4241.448085438869,212,0,1.0
25,Min Sum,Full-Contraction,1.0,2591.035746583063,132,0,1.0
25,Min Sum,Full-Contraction,1.0,2004.5790890339492,121,0,1.0
25,Min Sum,Full-Contraction,1.0,3069.338173803553,152,0,1.0
25,Min Sum,Full-Contraction,1.0,2691.3624761227807,139,0,1.0
25,Min Sum,Full-Contraction,1.0,3030.185954274954,157,0,1.0
25,Min Sum,Full-Contraction,1.0,2482.1323210311466,123,0,1.0
25,Min Sum,Full-Contraction,1.0,2669.2610930951705,138,0,1.0
25,Min Sum,Full-Contraction,1.0,3441.1170593543584,173,0,1.0
25,Min Sum,Full-Contraction,1.0,3199.2396487373903,159,0,1.0
25,Min Sum,Full-Contraction,1.0,2951.7347718259525,145,0,1.0
25,Min Sum,Full-Contraction,1.0,3672.25644009796,188,0,1.0
25,Min Sum,Full-Contraction,1.0,1900.4657249125366,114,0,1.0
25,Min Sum,Full-Contraction,1.0,3036.6139655932866,149,0,1.0
25,Min Sum,Full-Contraction,1.0,3888.104520681346,190,0,1.0
25,Min Sum,Full-Contraction,1.0,3177.426572120605,159,0,1.0
25,Min Sum,Full-Contraction,1.0,3053.0881366688927,153,0,1.0
25,Min Sum,Full-Contraction,1.0,2907.73950286601,160,0,1.0
25,Min Sum,Full-Contraction,1.0,3241.653978892755,159,0,1.0
25,Min Sum,Full-Contraction,1.0,2603.995747239349,130,0,1.0
25,Min Sum,Full-Contraction,1.0,2179.151452713453,111,0,1.0
25,Min Sum,Full-Contraction,1.0,2987.4875769576647,161,0,1.0
25,Min Sum,Full-Contraction,1.0,2823.3117579715645,150,0,1.0
25,Min Sum,Full-Contraction,1.0,1675.399151669211,113,0,1.0
25,Min Sum,Full-Contraction,1.0,3272.672059059203,160,0,1.0
25,Min Sum,Full-Contraction,1.0,3051.2803080270323,159,0,1.0
25,Min Sum,Full-Contraction,1.0,2274.109546050363,127,0,1.0
25,Min Sum,Full-Contraction,1.0,3652.4631522539203,178,0,1.0
25,Min Sum,Full-Contraction,1.0,1700.740124202159,93,0,1.0
25,Min Sum,Full-Contraction,1.0,3325.284891959126,178,0,1.0
25,Min Sum,Full-Contraction,1.0,2691.0647709980253,138,0,1.0
25,Min Sum,Full-Contraction,1.0,3604.605468169698,176,0,1.0
25,Min Sum,Full-Contraction,1.0,3692.209025583511,180,0,1.0
25,Min Sum,Full-Contraction,1.0,1501.901167192701,88,0,1.0
25,Min Sum,Full-Contraction,1.0,1849.4986136711966,102,0,1.0
25,Min Sum,Full-Contraction,1.0,2854.159242193564,144,0,1.0
25,Min Sum,Full-Contraction,1.0,2377.161703927827,123,0,1.0
25,Min Sum,Full-Contraction,1.0,2803.511660609168,138,0,1.0
25,Min Sum,Full-Contraction,1.0,3794.377934964536,186,0,1.0
25,Min Sum,Full-Contraction,1.0,2218.3054045621975,123,0,1.0
25,Min Sum,Full-Contraction,1.0,3155.8356831140118,166,0,1.0
25,Min Sum,Full-Contraction,1.0,3174.1796679652107,156,0,1.0
25,Min Sum,Full-Contraction,1.0,3707.469063600339,188,0,1.0
25,Min Sum,Full-Contraction,1.0,2581.265586561854,132,0,1.0
25,Min Sum,Full-Contraction,1.0,2581.4298963824076,127,0,1.0
25,Min Sum,Full-Contraction,1.0,3267.4635045969517,162,0,1.0
25,Min Sum,Full-Contraction,1.0,3406.0020265060834,169,0,1.0
25,Min Sum,Full-Contraction,1.0,3222.544070194809,158,0,1.0
25,Min Sum,Full-Contraction,1.0,1679.482146469461,101,0,1.0
25,Min Sum,Full-Contraction,1.0,2642.818651108351,137,0,1.0
25,Min Sum,Full-Contraction,1.0,2900.464183989524,142,0,1.0
25,Min Sum,Full-Contraction,1.0,3310.0747559723604,163,0,1.0
25,Min Sum,Full-Contraction,1.0,3013.2989926478226,158,0,1.0
25,Min Sum,Full-Contraction,1.0,3447.7881713111547,178,0,1.0
25,Min Sum,Full-Contraction,1.0,3253.4555927663323,159,0,1.0
25,Min Sum,Full-Contraction,1.0,2764.36991879787,136,0,1.0
25,Min Sum,Full-Contraction,1.0,3379.9657443633705,165,0,1.0
25,Min Sum,Full-Contraction,1.0,2992.2403986913405,147,0,1.0
25,Min Sum,Full-Contraction,1.0,2873.040543795216,141,0,1.0
25,Min Sum,Full-Contraction,1.0,3101.391874329991,160,0,1.0
25,Min Sum,Full-Contraction,1.0,3218.0049993486327,158,0,1.0
25,Min Sum,Full-Contraction,1.0,2491.132512504685,125,0,1.0
25,Min Sum,Full-Contraction,1.0,2985.625375743703,150,0,1.0
25,Min Sum,Full-Contraction,1.0,3184.1743082053677,162,0,1.0
25,Min Sum,Full-Contraction,1.0,3792.9060755162154,191,0,1.0
25,Min Sum,Full-Contraction,1.0,3888.7197560184914,190,0,1.0
25,Min Sum,Full-Contraction,1.0,3111.4058796641507,152,0,1.0
25,Min Sum,Full-Contraction,1.0,2954.3517328615835,148,0,1.0
25,Min Sum,Full-Contraction,1.0,3241.170964174301,159,0,1.0
25,Min Sum,Full-Contraction,1.0,3574.1206482158327,185,0,1.0
25,Min Sum,Full-Contraction,1.0,3108.987979829764,154,0,1.0
25,Min Sum,Full-Contraction,1.0,2919.888054661248,149,0,1.0
25,Min Sum,Full-Contraction,1.0,3689.49492073498,180,0,1.0
25,Min Sum,Full-Contraction,1.0,2838.6702924963784,145,0,1.0
25,Min Sum,Full-Contraction,1.0,3712.6373623994823,185,0,1.0
25,Min Sum,Full-Contraction,1.0,2571.0452662057205,130,0,1.0
25,Min Sum,Full-Contraction,1.0,3294.2819396839704,176,0,1.0
25,Min Sum,Full-Contraction,1.0,3130.8750347125597,160,0,1.0
25,Min Sum,Full-Contraction,1.0,3147.4213354988087,163,0,1.0
25,Min Sum,Full-Contraction,1.0,2596.0849440829625,134,0,1.0
25,Min Sum,Full-Contraction,1.0,3945.515806064027,193,0,1.0
25,Min Sum,Full-Contraction,1.0,2608.2070301715917,135,0,1.0
25,Min Sum,Full-Contraction,1.0,2621.845521250146,133,0,1.0
25,Min Sum,Full-Contraction,1.0,2685.1633428141395,132,0,1.0
25,Min Sum,Full-Contraction,1.0,3304.036830075699,165,0,1.0
25,Min Sum,Full-Contraction,1.0,2954.024498297097,149,0,1.0
25,Min Sum,Full-Contraction,1.0,3184.790669821178,167,0,1.0
25,Min Sum,Full-Contraction,1.0,3401.7185673051326,185,0,1.0
25,Min Sum,Full-Contraction,1.0,1958.4368129831357,127,0,1.0
25,Min Sum,Full-Contraction,1.0,3068.004816956449,156,0,1.0
25,Min Sum,Full-Contraction,1.0,2954.5225013901263,156,0,1.0
25,Min Sum,Full-Contraction,1.0,3212.9780639692653,157,0,1.0
25,Min Sum,Full-Contraction,1.0,3188.0355723512325,161,0,1.0
25,Min Sum,Full-Contraction,1.0,3475.6139174757936,170,0,1.0
25,Min Sum,Full-Contraction,1.0,3577.154613572284,175,0,1.0
25,Min Sum,Full-Contraction,1.0,3317.6205761906276,184,0,1.0
25,Min Sum,Full-Contraction,1.0,3521.0000067682677,178,0,1.0
25,Min Sum,Full-Contraction,1.0,2941.6584774827807,161,0,1.0
25,Min Sum,Full-Contraction,1.0,2662.8817305579873,132,0,1.0
25,Min Sum,Full-Contraction,1.0,3627.3169289923026,177,0,1.0
25,Min Sum,Full-Contraction,1.0,2019.712092313072,107,0,1.0
25,Min Sum,Full-Contraction,1.0,2632.3956956955412,140,0,1.0
25,Min Sum,Full-Contraction,1.0,2110.1265318854244,114,0,1.0
25,Min Sum,Full-Contraction,1.0,2649.251856601306,136,0,1.0
25,Min Sum,Full-Contraction,1.0,4128.829787378918,211,0,1.0
25,Min Sum,Full-Contraction,1.0,3703.498999009348,189,0,1.0
25,Min Sum,Full-Contraction,1.0,1798.061070875151,92,0,1.0
25,Min Sum,Full-Contraction,1.0,1693.0736496498696,106,0,1.0
25,Min Sum,Full-Contraction,1.0,2870.3299134922972,141,0,1.0
25,Min Sum,Full-Contraction,1.0,3030.464291531536,152,0,1.0
25,Min Sum,Full-Contraction,1.0,2876.0642861412366,146,0,1.0
25,Min Sum,Full-Contraction,1.0,2592.714778123505,128,0,1.0
25,Min Sum,Full-Contraction,1.0,1657.378340652925,102,0,1.0
25,Min Sum,Full-Contraction,1.0,2616.2928931296415,129,0,1.0
25,Min Sum,Full-Contraction,1.0,2340.909592508304,136,0,1.0
25,Min Sum,Full-Contraction,1.0,2446.1506884215632,131,0,1.0
25,Min Sum,Full-Contraction,1.0,1794.7178496240567,93,0,1.0
25,Min Sum,Full-Contraction,1.0,3583.2186964462917,175,0,1.0
25,Min Sum,Full-Contraction,1.0,2363.325062001587,125,0,1.0
25,Min Sum,Full-Contraction,1.0,2383.2928994222293,126,0,1.0
25,Min Sum,Full-Contraction,1.0,2736.77260831894,136,0,1.0
25,Min Sum,Full-Contraction,1.0,3252.2409768881485,161,0,1.0
25,Min Sum,Full-Contraction,1.0,3032.3409327300687,148,0,1.0
25,Min Sum,Full-Contraction,1.0,2384.3608947088787,120,0,1.0
25,Min Sum,Full-Contraction,1.0,2286.093121058315,113,0,1.0
25,Min Sum,Full-Contraction,1.0,3077.931444137984,151,0,1.0
25,Min Sum,Full-Contraction,1.0,3342.6349640001017,169,0,1.0
25,Min Sum,Full-Contraction,1.0,2687.2728854365387,134,0,1.0
25,Min Sum,Full-Contraction,1.0,3659.89418555418,185,0,1.0
25,Min Sum,Full-Contraction,1.0,2580.1555125559216,135,0,1.0
25,Min Sum,Full-Contraction,1.0,3341.0845788239285,172,0,1.0
25,Min Sum,Full-Contraction,1.0,3710.2948858279515,182,0,1.0
25,Min Sum,Full-Contraction,1.0,3286.6163082928556,167,0,1.0
25,Min Sum,Full-Contraction,1.0,1926.1888225441644,103,0,1.0
25,Min Sum,Full-Contraction,1.0,2358.8515039566355,132,0,1.0
25,Min Sum,Full-Contraction,1.0,3524.8829039724815,174,0,1.0
25,Min Sum,Full-Contraction,1.0,4147.268446504869,214,0,1.0
25,Min Sum,Full-Contraction,1.0,3814.91825741703,198,0,1.0
25,Min Sum,Full-Contraction,1.0,2682.54945148188,142,0,1.0
25,Min Sum,Full-Contraction,1.0,2791.478662165321,145,0,1.0
25,Min Sum,Full-Contraction,1.0,4015.0742132282376,202,0,1.0
25,Min Sum,Full-Contraction,1.0,3152.840942347426,157,0,1.0
25,Min Sum,Full-Contraction,1.0,3722.480354627826,186,0,1.0
25,Min Sum,Full-Contraction,1.0,1897.6466046550408,106,0,1.0
25,Min Sum,Full-Contraction,1.0,2858.0010798844132,147,0,1.0
25,Min Sum,Full-Contraction,1.0,2750.6597631240084,140,0,1.0
25,Min Sum,Full-Contraction,1.0,1925.8336335586266,108,0,1.0
25,Min Sum,Full-Contraction,1.0,1869.207875067034,99,0,1.0
25,Min Sum,Full-Contraction,1.0,3092.025359945721,152,0,1.0
25,Min Sum,Full-Contraction,1.0,3490.6237565810097,171,0,1.0
25,Min Sum,Full-Contraction,1.0,1856.2289161823269,105,0,1.0
25,Min Sum,Full-Contraction,1.0,3254.409493715727,162,0,1.0
25,Min Sum,Full-Contraction,1.0,2062.215601601134,102,0,1.0
25,Min Sum,Full-Contraction,1.0,2243.0256739918914,115,0,1.0
25,Min Sum,Full-Contraction,1.0,3022.041043009577,160,0,1.0
25,Min Sum,Full-Contraction,1.0,2718.146047671963,136,0,1.0
25,Min Sum,Full-Contraction,1.0,2611.061268510698,146,0,1.0
25,Min Sum,Full-Contraction,1.0,3465.662404178,174,0,1.0
25,Min Sum,Full-Contraction,1.0,2492.958671922428,134,0,1.0
25,Min Sum,Full-Contraction,1.0,3400.4041581114197,166,0,1.0
25,Min Sum,Full-Contraction,1.0,2199.3670412707916,112,0,1.0
25,Min Sum,Full-Contraction,1.0,3634.5262272633886,184,0,1.0
25,Min Sum,Full-Contraction,1.0,2138.6926746641234,109,0,1.0
25,Min Sum,Full-Contraction,1.0,3650.924928779367,185,0,1.0
25,Min Sum,Full-Contraction,1.0,3000.103013943237,147,0,1.0
25,Min Sum,Full-Contraction,1.0,2184.795625482112,108,0,1.0
25,Min Sum,Full-Contraction,1.0,2936.7051218129445,162,0,1.0
25,Min Sum,Full-Contraction,1.0,2470.39120861635,122,0,1.0
25,Min Sum,Full-Contraction,1.0,3025.2615034611135,148,0,1.0
25,Min Sum,Full-Contraction,1.0,3213.2264586244946,158,0,1.0
25,Min Sum,Full-Contraction,1.0,3226.6743812670247,159,0,1.0
25,Min Sum,Full-Contraction,1.0,2606.535474064909,128,0,1.0
25,Min Sum,Full-Contraction,1.0,1904.9838552740339,102,0,1.0
25,Min Sum,Full-Contraction,1.0,2284.0265749649543,122,0,1.0
25,Min Sum,Full-Contraction,1.0,2985.1276440384654,152,0,1.0
25,Min Sum,Full-Contraction,1.0,3002.8878920222824,155,0,1.0
25,Min Sum,Full-Contraction,1.0,1545.6382579881279,92,0,1.0
25,Min Sum,Full-Contraction,1.0,1994.371820605686,117,0,1.0
25,Min Sum,Full-Contraction,1.0,3256.060481181272,165,0,1.0
25,Min Sum,Full-Contraction,1.0,2166.792454391217,107,0,1.0
25,Min Sum,Full-Contraction,1.0,2816.459585929557,142,0,1.0
25,Min Sum,Full-Contraction,1.0,2825.052554889682,141,0,1.0
25,Min Sum,Full-Contraction,1.0,2392.5680615562087,119,0,1.0
25,Min Sum,Full-Contraction,1.0,2435.7263070037907,128,0,1.0
25,Min Sum,Full-Contraction,1.0,2950.615761418083,151,0,1.0
25,Min Sum,Full-Contraction,1.0,2323.421029462408,132,0,1.0
25,Min Sum,Full-Contraction,1.0,2581.6178024032097,127,0,1.0
25,Min Sum,Full-Contraction,1.0,2699.960178301607,133,0,1.0
25,Min Sum,Full-Contraction,1.0,3460.3290151466235,178,0,1.0
25,Min Sum,Full-Contraction,1.0,2959.936020731688,155,0,1.0
25,Min Sum,Full-Contraction,1.0,3466.9139892471317,182,0,1.0
25,Min Sum,Full-Contraction,1.0,3249.2438177796316,159,0,1.0
25,Min Sum,Full-Contraction,1.0,2706.9615935893016,144,0,1.0
25,Min Sum,Full-Contraction,1.0,2360.7656585409827,130,0,1.0
25,Min Sum,Full-Contraction,1.0,2225.9910469331926,116,0,1.0
25,Min Sum,Full-Contraction,1.0,2600.39355045729,139,0,1.0
25,Min Sum,Full-Contraction,1.0,2732.4272019428167,134,0,1.0
25,Min Sum,Full-Contraction,1.0,4077.8947868665314,198,0,1.0
25,Min Sum,Full-Contraction,1.0,1605.1046783131032,93,0,1.0
25,Min Sum,Full-Contraction,1.0,3641.444320065706,181,0,1.0
25,Min Sum,Full-Contraction,1.0,2988.6585688926925,155,0,1.0
25,Min Sum,Full-Contraction,1.0,2316.624600981049,117,0,1.0
25,Min Sum,Full-Contraction,1.0,2973.014595186625,148,0,1.0
25,Min Sum,Full-Contraction,1.0,2513.5110334615624,124,0,1.0
25,Min Sum,Full-Contraction,1.0,3292.8867119949214,171,0,1.0
25,Min Sum,Full-Contraction,1.0,2809.826443792297,138,0,1.0
25,Min Sum,Full-Contraction,1.0,3063.3285936404754,151,0,1.0
25,Min Sum,Full-Contraction,1.0,3103.5009765142313,152,0,1.0
25,Min Sum,Full-Contraction,1.0,2891.1826363644836,148,0,1.0
25,Min Sum,Full-Contraction,1.0,3550.462009793032,179,0,1.0
25,Min Sum,Full-Contraction,1.0,3441.1794929706693,180,0,1.0
25,Min Sum,Full-Contraction,1.0,3996.2076312695535,203,0,1.0
25,Min Sum,Full-Contraction,1.0,3218.7111028647037,167,0,1.0
25,Min Sum,Full-Contraction,1.0,2540.594764961105,125,0,1.0
25,Min Sum,Full-Contraction,1.0,3989.6906516417166,194,0,1.0
25,Min Sum,Full-Contraction,1.0,2985.2835035673716,153,0,1.0
25,Min Sum,Full-Contraction,1.0,3501.0290968599083,171,0,1.0
25,Min Sum,Full-Contraction,1.0,3553.8640818360263,178,0,1.0
25,Min Sum,Full-Contraction,1.0,2412.822268644753,126,0,1.0
25,Min Sum,Full-Contraction,1.0,3569.1694513334924,180,0,1.0
25,Min Sum,Full-Contraction,1.0,3581.647009459294,175,0,1.0
25,Min Sum,Full-Contraction,1.0,2102.2754578180907,105,0,1.0
25,Min Sum,Full-Contraction,1.0,3426.3595732970234,178,0,1.0
25,Min Sum,Full-Contraction,1.0,3612.361287624928,183,0,1.0
25,Min Sum,Full-Contraction,1.0,2793.4117784100804,142,0,1.0
25,Min Sum,Full-Contraction,1.0,3594.0479594226153,187,0,1.0
25,Min Sum,Full-Contraction,1.0,2433.9050302776313,134,0,1.0
25,Min Sum,Full-Contraction,1.0,2623.0970869452167,137,0,1.0
25,Min Sum,Full-Contraction,1.0,3138.0195446026196,153,0,1.0
25,Min Sum,Full-Contraction,1.0,2428.8038057501326,134,0,1.0
25,Min Sum,Full-Contraction,1.0,3154.0747890537195,154,0,1.0
25,Min Sum,Full-Contraction,1.0,2872.0539105054127,158,0,1.0
25,Min Sum,Full-Contraction,1.0,3478.7071579843464,173,0,1.0
25,Min Sum,Full-Contraction,1.0,3136.3567799052344,154,0,1.0
25,Min Sum,Full-Contraction,1.0,2390.305100480995,135,0,1.0
25,Min Sum,Full-Contraction,1.0,4004.118619824765,196,0,1.0
25,Min Sum,Full-Contraction,1.0,4394.364268867854,217,0,1.0
25,Min Sum,Full-Contraction,1.0,3335.612890691099,185,0,1.0
25,Min Sum,Full-Contraction,1.0,2684.8604236841566,141,0,1.0
25,Min Sum,Full-Contraction,1.0,4258.371276186824,214,0,1.0
25,Min Sum,Full-Contraction,1.0,2089.396872592547,104,0,1.0
25,Min Sum,Full-Contraction,1.0,3091.3217613738625,158,0,1.0
25,Min Sum,Full-Contraction,1.0,4211.7905417482325,215,0,1.0
25,Min Sum,Full-Contraction,1.0,3555.4748595655715,179,0,1.0
25,Min Sum,Full-Contraction,1.0,3167.486897603034,163,0,1.0
25,Min Sum,Full-Contraction,1.0,3151.7479136086504,168,0,1.0
25,Min Sum,Full-Contraction,1.0,3175.98664010716,167,0,1.0
25,Min Sum,Full-Contraction,1.0,2306.967726139418,113,0,1.0
25,Min Sum,Full-Contraction,1.0,2696.232767580071,139,0,1.0
25,Min Sum,Full-Contraction,1.0,2700.8252341256994,137,0,1.0
25,Min Sum,Full-Contraction,1.0,2436.4699599922633,120,0,1.0
25,Min Sum,Full-Contraction,1.0,2918.9058852161947,146,0,1.0
25,Min Sum,Full-Contraction,1.0,3220.49181924155,158,0,1.0
25,Min Sum,Full-Contraction,1.0,3355.992878763829,178,0,1.0
25,Min Sum,Full-Contraction,1.0,3678.593700756697,180,0,1.0
25,Min Sum,Full-Contraction,1.0,2161.2648713525973,114,0,1.0
25,Min Sum,Full-Contraction,1.0,2655.944629941574,135,0,1.0
25,Min Sum,Full-Contraction,1.0,2285.2748656956746,117,0,1.0
25,Min Sum,Full-Contraction,1.0,2704.5214280157916,144,0,1.0
25,Min Sum,Full-Contraction,1.0,1586.5786958342094,85,0,1.0
25,Min Sum,Full-Contraction,1.0,2988.698008320383,157,0,1.0
25,Min Sum,Full-Contraction,1.0,2609.540768467805,132,0,1.0
25,Min Sum,Full-Contraction,1.0,3093.9595686688726,174,0,1.0
25,Min Sum,Full-Contraction,1.0,2771.8546518497933,143,0,1.0
25,Min Sum,Full-Contraction,1.0,2958.973013951059,149,0,1.0
25,Min Sum,Full-Contraction,1.0,2964.6446676405108,145,0,1.0
25,Min Sum,Full-Contraction,1.0,2523.393107827005,136,0,1.0
25,Min Sum,Full-Contraction,1.0,2524.5095098952334,128,0,1.0
25,Min Sum,Full-Contraction,1.0,2558.2939547339815,126,0,1.0
25,Min Sum,Full-Contraction,1.0,2501.6324902543447,125,0,1.0
25,Min Sum,Full-Contraction,1.0,2428.7871987118206,120,0,1.0
25,Min Sum,Full-Contraction,1.0,2167.249744322228,119,0,1.0
25,Min Sum,Full-Contraction,1.0,2198.2785774620957,109,0,1.0
25,Min Sum,Full-Contraction,1.0,2987.538335346999,148,0,1.0
25,Min Sum,Full-Contraction,1.0,3073.687320691399,167,0,1.0
25,Min Sum,Full-Contraction,1.0,3063.2872869256744,159,0,1.0
25,Min Sum,Full-Contraction,1.0,2468.140786120456,133,0,1.0
25,Min Sum,Full-Contraction,1.0,3037.4120082991776,150,0,1.0
25,Min Sum,Full-Contraction,1.0,3437.252640933331,176,0,1.0
25,Min Sum,Full-Contraction,1.0,2615.0095132954566,146,0,1.0
25,Min Sum,Full-Contraction,1.0,2121.8303557384797,112,0,1.0
25,Min Sum,Full-Contraction,1.0,3146.2307252823184,157,0,1.0
25,Min Sum,Full-Contraction,1.0,2052.059285208307,103,0,1.0
25,Min Sum,Full-Contraction,1.0,3040.140500370363,157,0,1.0
25,Min Sum,Full-Contraction,1.0,2676.6972574131623,144,0,1.0
25,Min Sum,Full-Contraction,1.0,2393.8094935680638,118,0,1.0
25,Min Sum,Full-Contraction,1.0,3266.491260052857,164,0,1.0
25,Min Sum,Full-Contraction,1.0,4119.421019868326,206,0,1.0
25,Min Sum,Full-Contraction,1.0,4179.984476247208,204,0,1.0
25,Min Sum,Full-Contraction,1.0,2860.4285659937013,145,0,1.0
25,Min Sum,Full-Contraction,1.0,1943.4516701145285,109,0,1.0
25,Min Sum,Full-Contraction,1.0,3069.687897286566,159,0,1.0
25,Min Sum,Full-Contraction,1.0,3198.268828124626,171,0,1.0
25,Min Sum,Full-Contraction,1.0,3055.5124410334515,158,0,1.0
25,Min Sum,Full-Contraction,1.0,2935.647798285595,144,0,1.0
25,Min Sum,Full-Contraction,1.0,2973.015451459342,153,0,1.0
25,Min Sum,Full-Contraction,1.0,3397.615964851141,180,0,1.0
25,Min Sum,Full-Contraction,1.0,3039.356093672872,161,0,1.0
25,Min Sum,Full-Contraction,1.0,3446.2800043257157,171,0,1.0
25,Min Sum,Full-Contraction,1.0,3273.2379429048488,165,0,1.0
25,Min Sum,Full-Contraction,1.0,3336.836701636951,173,0,1.0
25,Min Sum,Full-Contraction,1.0,2484.53839251949,130,0,1.0
25,Min Sum,Full-Contraction,1.0,2916.166793720874,150,0,1.0
25,Min Sum,Full-Contraction,1.0,3255.6099977975728,168,0,1.0
25,Min Sum,Full-Contraction,1.0,3252.9501457896276,169,0,1.0
25,Min Sum,Full-Contraction,1.0,2481.635505198895,133,0,1.0
25,Min Sum,Full-Contraction,1.0,3366.449353291293,181,0,1.0
25,Min Sum,Full-Contraction,1.0,3450.15486088693,170,0,1.0
25,Min Sum,Full-Contraction,1.0,3135.9268324726363,154,0,1.0
25,Min Sum,Full-Contraction,1.0,2244.5257642790675,120,0,1.0
25,Min Sum,Full-Contraction,1.0,2715.5955360551366,139,0,1.0
25,Min Sum,Full-Contraction,1.0,3434.135447948084,168,0,1.0
25,Min Sum,Full-Contraction,1.0,2627.2565291513984,135,0,1.0
25,Min Sum,Full-Contraction,1.0,2873.4647515358665,141,0,1.0
25,Min Sum,Full-Contraction,1.0,3425.620894095835,168,0,1.0
25,Min Sum,Full-Contraction,1.0,3202.485016270029,163,0,1.0
25,Min Sum,Full-Contraction,1.0,2647.6418633713565,130,0,1.0
25,Min Sum,Full-Contraction,1.0,3342.9575032371204,170,0,1.0
25,Min Sum,Full-Contraction,1.0,3438.4771512499806,169,0,1.0
25,Min Sum,Full-Contraction,1.0,3258.3207130047085,165,0,1.0
25,Min Sum,Full-Contraction,1.0,3343.7318178293426,170,0,1.0
25,Min Sum,Full-Contraction,1.0,3858.2920369838907,191,0,1.0
25,Min Sum,Full-Contraction,1.0,2582.735761314839,127,0,1.0
25,Min Sum,Full-Contraction,1.0,2410.492530646491,131,0,1.0
25,Min Sum,Full-Contraction,1.0,2859.4925153859167,141,0,1.0
25,Min Sum,Full-Contraction,1.0,3663.1187339509434,179,0,1.0
25,Min Sum,Full-Contraction,1.0,3746.278001339898,186,0,1.0
25,Min Sum,Full-Contraction,1.0,1961.3334807510792,106,0,1.0
25,Min Sum,Full-Contraction,1.0,3215.878083075647,158,0,1.0
25,Min Sum,Full-Contraction,1.0,3149.50260334036,156,0,1.0
25,Min Sum,Full-Contraction,1.0,2275.8113132453755,115,0,1.0
25,Min Sum,Full-Contraction,1.0,2572.8565236328577,138,0,1.0
25,Min Sum,Full-Contraction,1.0,3295.2245288428276,164,0,1.0
25,Min Sum,Full-Contraction,1.0,3731.4260678338583,187,0,1.0
25,Min Sum,Full-Contraction,1.0,1494.7203173688872,84,0,1.0
25,Min Sum,Full-Contraction,1.0,3430.7819377669466,169,0,1.0
25,Min Sum,Full-Contraction,1.0,3545.1316892895857,176,0,1.0
25,Min Sum,Full-Contraction,1.0,2678.0174322660037,137,0,1.0
25,Min Sum,Full-Contraction,1.0,2363.9193117229443,120,0,1.0
25,Min Sum,Full-Contraction,1.0,2365.774666458946,117,0,1.0
25,Min Sum,Full-Contraction,1.0,2537.3323034674995,130,0,1.0
25,Min Sum,Full-Contraction,1.0,3247.4131942264275,159,0,1.0
25,Min Sum,Full-Contraction,1.0,2178.7598146287737,107,0,1.0
25,Min Sum,Full-Contraction,1.0,2409.9144762696433,121,0,1.0
25,Min Sum,Full-Contraction,1.0,1725.3251444539421,96,0,1.0
25,Min Sum,Full-Contraction,1.0,2433.3071890086067,128,0,1.0
25,Min Sum,Full-Contraction,1.0,2355.9956332910388,122,0,1.0
25,Min Sum,Full-Contraction,1.0,2748.8732944135277,138,0,1.0
25,Min Sum,Full-Contraction,1.0,3597.2131942904116,185,0,1.0
25,Min Sum,Full-Contraction,1.0,2532.6113721621755,125,0,1.0
25,Min Sum,Full-Contraction,1.0,2641.7612525667682,137,0,1.0
25,Min Sum,Full-Contraction,1.0,2131.7856230248954,111,0,1.0
25,Min Sum,Full-Contraction,1.0,3007.1411898546385,154,0,1.0
25,Min Sum,Full-Contraction,1.0,3043.0180046516707,157,0,1.0
25,Min Sum,Full-Contraction,1.0,2186.2448764118126,112,0,1.0
25,Min Sum,Full-Contraction,1.0,2419.1661612401567,120,0,1.0
25,Min Sum,Full-Contraction,1.0,3686.7062652762575,182,0,1.0
25,Min Sum,Full-Contraction,1.0,3607.5613122968953,179,0,1.0
25,Min Sum,Full-Contraction,1.0,3725.204381557369,191,0,1.0
25,Min Sum,Full-Contraction,1.0,3391.804809899073,166,0,1.0
25,Min Sum,Full-Contraction,1.0,3496.119164312706,171,0,1.0
25,Min Sum,Full-Contraction,1.0,2465.2439576028783,133,0,1.0
25,Min Sum,Full-Contraction,1.0,3570.4445049734873,179,0,1.0
25,Min Sum,Full-Contraction,1.0,3518.487415558434,174,0,1.0
25,Min Sum,Full-Contraction,1.0,3099.4071736873348,151,0,1.0
25,Min Sum,Full-Contraction,1.0,2102.4927470417265,119,0,1.0
25,Min Sum,Full-Contraction,1.0,2502.8936651123986,130,0,1.0
25,Min Sum,Full-Contraction,1.0,3607.127085482158,177,0,1.0
25,Min Sum,Full-Contraction,1.0,2787.7624105973337,137,0,1.0
25,Min Sum,Full-Contraction,1.0,2931.51848691675,150,0,1.0
25,Min Sum,Full-Contraction,1.0,2070.306419981855,114,0,1.0
25,Min Sum,Full-Contraction,1.0,3138.739038523837,156,0,1.0
25,Min Sum,Full-Contraction,1.0,1901.1506815251214,100,0,1.0
25,Min Sum,Full-Contraction,1.0,3647.0476963625915,183,0,1.0
25,Min Sum,Full-Contraction,1.0,1877.529686853759,98,0,1.0
25,Min Sum,Full-Contraction,1.0,3052.8167599236267,159,0,1.0
25,Min Sum,Full-Contraction,1.0,4218.2625153620775,205,0,1.0
25,Min Sum,Full-Contraction,1.0,2610.242939993802,131,0,1.0
25,Min Sum,Full-Contraction,1.0,3791.70406296704,185,0,1.0
25,Min Sum,Full-Contraction,1.0,3386.228863231177,166,0,1.0
25,Min Sum,Full-Contraction,1.0,2938.832588498275,149,0,1.0
25,Min Sum,Full-Contraction,1.0,2516.6392848795485,133,0,1.0
25,Min Sum,Full-Contraction,1.0,3872.6428344686747,189,0,1.0
25,Min Sum,Full-Contraction,1.0,2628.419371225158,130,0,1.0
25,Min Sum,Full-Contraction,1.0,3129.498799594718,160,0,1.0
25,Min Sum,Full-Contraction,1.0,3375.589041522283,165,0,1.0
25,Min Sum,Full-Contraction,1.0,1917.9251811326444,107,0,1.0
25,Min Sum,Full-Contraction,1.0,3777.9882390570174,185,0,1.0
25,Min Sum,Full-Contraction,1.0,2980.2134956934897,148,0,1.0
25,Min Sum,Full-Contraction,1.0,2523.8976257863833,126,0,1.0
25,Min Sum,Full-Contraction,1.0,3130.5665441619235,153,0,1.0
25,Min Sum,Full-Contraction,1.0,2900.747680663427,144,0,1.0
25,Min Sum,Full-Contraction,1.0,1902.6700269882526,101,0,1.0
25,Min Sum,Full-Contraction,1.0,2838.1616208048445,141,0,1.0
25,Min Sum,Full-Contraction,1.0,2890.2883141776765,143,0,1.0
25,Min Sum,Full-Contraction,1.0,3293.941746309719,173,0,1.0
25,Min Sum,Full-Contraction,1.0,1981.5412304904814,107,0,1.0
25,Min Sum,Full-Contraction,1.0,2850.0063890416523,141,0,1.0
25,Min Sum,Full-Contraction,1.0,2657.607588089977,150,0,1.0
25,Min Sum,Full-Contraction,1.0,2878.2491024612455,141,0,1.0
25,Min Sum,Full-Contraction,1.0,3260.676391820474,168,0,1.0
25,Min Sum,Full-Contraction,1.0,3443.9252559243478,168,0,1.0
25,Min Sum,Full-Contraction,1.0,3837.8865718498446,195,0,1.0
25,Min Sum,Full-Contraction,1.0,3444.9347994706563,177,0,1.0
25,Min Sum,Full-Contraction,1.0,3548.1504249472355,177,0,1.0
25,Min Sum,Full-Contraction,1.0,2186.091899016664,115,0,1.0
25,Min Sum,Full-Contraction,1.0,3197.148412714707,160,0,1.0
25,Min Sum,Full-Contraction,1.0,2591.704682826439,131,0,1.0
25,Min Sum,Full-Contraction,1.0,3518.8192003938716,172,0,1.0
25,Min Sum,Full-Contraction,1.0,3282.8209308817413,161,0,1.0
25,Min Sum,Full-Contraction,1.0,2748.1462441009144,140,0,1.0
25,Min Sum,Full-Contraction,1.0,3037.1280446319774,161,0,1.0
25,Min Sum,Full-Contraction,1.0,3271.760021727333,162,0,1.0
25,Min Sum,Full-Contraction,1.0,3194.4106047552077,159,0,1.0
25,Min Sum,Full-Contraction,1.0,2893.037895692532,147,0,1.0
25,Min Sum,Full-Contraction,1.0,2941.2395801424364,149,0,1.0
25,Min Sum,Full-Contraction,1.0,2171.5884371047755,113,0,1.0
25,Min Sum,Full-Contraction,1.0,2742.872696927351,141,0,1.0
25,Min Sum,Full-Contraction,1.0,2928.9275161773576,151,0,1.0
25,Min Sum,Full-Contraction,1.0,2902.8174845889307,144,0,1.0
25,Min Sum,Full-Contraction,1.0,3253.7435715596575,167,0,1.0
25,Min Sum,Full-Contraction,1.0,2813.2822969472127,148,0,1.0
25,Min Sum,Full-Contraction,1.0,3223.505685904629,157,0,1.0
25,Min Sum,Full-Contraction,1.0,2646.425705038988,140,0,1.0
25,Min Sum,Full-Contraction,1.0,3472.8719244102017,174,0,1.0
25,Min Sum,Full-Contraction,1.0,2308.3683067398106,123,0,1.0
25,Min Sum,Full-Contraction,1.0,1756.6299811176464,108,0,1.0
25,Min Sum,Full-Contraction,1.0,3066.6364108294174,176,0,1.0
25,Min Sum,Full-Contraction,1.0,3245.8290725535808,164,0,1.0
25,Min Sum,Full-Contraction,1.0,1878.4866183978388,104,0,1.0
25,Min Sum,Full-Contraction,1.0,3142.132426099257,155,0,1.0
25,Min Sum,Full-Contraction,1.0,1827.9572596774235,115,0,1.0
25,Min Sum,Full-Contraction,1.0,3504.29095977493,171,0,1.0
25,Min Sum,Full-Contraction,1.0,3942.769544046972,193,0,1.0
25,Min Sum,Full-Contraction,1.0,3044.889645474015,167,0,1.0
25,Min Sum,Full-Contraction,1.0,2985.4538451578596,147,0,1.0
25,Min Sum,Full-Contraction,1.0,3100.1072851069002,152,0,1.0
25,Min Sum,Full-Contraction,1.0,2997.6223739442216,152,0,1.0
25,Min Sum,Full-Contraction,1.0,2175.00902466775,124,0,1.0
25,Min Sum,Full-Contraction,1.0,3611.649913528924,177,0,1.0
25,Min Sum,Full-Contraction,1.0,3188.08042721178,157,0,1.0
25,Min Sum,Full-Contraction,1.0,3080.6941545512836,162,0,1.0
25,Min Sum,Full-Contraction,1.0,1772.8989650964133,92,0,1.0
25,Min Sum,Full-Contraction,1.0,3823.303731525112,187,0,1.0
25,Min Sum,Full-Contraction,1.0,3014.56915672824,155,0,1.0
25,Min Sum,Full-Contraction,1.0,3246.3579023601214,159,0,1.0
25,Min Sum,Full-Contraction,1.0,2757.8470112700757,136,0,1.0
25,Min Sum,Full-Contraction,1.0,2638.1298797283407,140,0,1.0
25,Min Sum,Full-Contraction,1.0,3150.785640641094,156,0,1.0
25,Min Sum,Full-Contraction,1.0,2548.3938251322597,130,0,1.0
25,Min Sum,Full-Contraction,1.0,3414.3821740389194,182,0,1.0
25,Min Sum,Full-Contraction,1.0,2376.5673971715732,119,0,1.0
25,Min Sum,Full-Contraction,1.0,3079.377353198062,160,0,1.0
25,Min Sum,Full-Contraction,1.0,3085.5345132611665,160,0,1.0
25,Min Sum,Full-Contraction,1.0,3748.4000887408456,187,0,1.0
25,Min Sum,Full-Contraction,1.0,3371.4540102363826,165,0,1.0
25,Min Sum,Full-Contraction,1.0,2688.3392650568285,143,0,1.0
25,Min Sum,Full-Contraction,1.0,3059.246600200655,153,0,1.0
25,Min Sum,Full-Contraction,1.0,3782.5674720834877,185,0,1.0
25,Min Sum,Full-Contraction,1.0,2590.9425309282615,146,0,1.0
25,Min Sum,Full-Contraction,1.0,2669.4657886285986,136,0,1.0
25,Min Sum,Full-Contraction,1.0,3427.130594268613,168,0,1.0
25,Min Sum,Full-Contraction,1.0,3453.8124771641515,172,0,1.0
25,Min Sum,Full-Contraction,1.0,2865.546017761623,143,0,1.0
25,Min Sum,Full-Contraction,1.0,2337.7381551401268,124,0,1.0
25,Min Sum,Full-Contraction,1.0,3429.763145428936,172,0,1.0
25,Min Sum,Full-Contraction,1.0,2483.611768765154,127,0,1.0
25,Min Sum,Full-Contraction,1.0,2899.3118135622913,144,0,1.0
25,Min Sum,Full-Contraction,1.0,3076.9109563078428,154,0,1.0
25,Min Sum,Full-Contraction,1.0,3035.6736913953573,153,0,1.0
25,Min Sum,Full-Contraction,1.0,2245.4785224770776,121,0,1.0
25,Min Sum,Full-Contraction,1.0,1626.7009511484125,88,0,1.0
25,Min Sum,Full-Contraction,1.0,2930.98028771787,144,0,1.0
25,Min Sum,Full-Contraction,1.0,4113.5322999217005,207,0,1.0
25,Min Sum,Full-Contraction,1.0,3092.412885656201,152,0,1.0
25,Min Sum,Full-Contraction,1.0,2987.3546564234566,149,0,1.0
25,Min Sum,Full-Contraction,1.0,3273.7072419030105,160,0,1.0
25,Min Sum,Full-Contraction,1.0,2428.471648456343,120,0,1.0
25,Min Sum,Full-Contraction,1.0,2776.795078249513,137,0,1.0
25,Min Sum,Full-Contraction,1.0,2313.5310619873544,120,0,1.0
25,Min Sum,Full-Contraction,1.0,2751.3768762264745,142,0,1.0
25,Min Sum,Full-Contraction,1.0,4053.3741450847174,200,0,1.0
25,Min Sum,Full-Contraction,1.0,3240.1987964354003,159,0,1.0
25,Min Sum,Full-Contraction,1.0,2915.2984994315557,146,0,1.0
25,Min Sum,Full-Contraction,1.0,3033.4136647576474,150,0,1.0
25,Min Sum,Full-Contraction,1.0,3557.0033138352815,183,0,1.0
25,Min Sum,Full-Contraction,1.0,2511.9267418673344,130,0,1.0
25,Min Sum,Full-Contraction,1.0,1707.673535698451,87,0,1.0
25,Min Sum,Full-Contraction,1.0,2404.267323932667,118,0,1.0
25,Min Sum,Full-Contraction,1.0,3903.799777351559,190,0,1.0
25,Min Sum,Full-Contraction,1.0,3339.0299498456834,166,0,1.0
25,Min Sum,Full-Contraction,1.0,3021.435828572704,159,0,1.0
25,Min Sum,Full-Contraction,1.0,2851.2641176130232,147,0,1.0
25,Min Sum,Full-Contraction,1.0,2678.8242000480195,140,0,1.0
25,Min Sum,Full-Contraction,1.0,3560.1243553913055,176,0,1.0
25,Min Sum,Full-Contraction,1.0,2433.5557884479103,130,0,1.0
25,Min Sum,Full-Contraction,1.0,2092.858154713403,116,0,1.0
25,Min Sum,Full-Contraction,1.0,2975.484588333933,151,0,1.0
25,Min Sum,Full-Contraction,1.0,3164.839071437008,155,0,1.0
25,Min Sum,Full-Contraction,1.0,3241.4338047349784,164,0,1.0
25,Min Sum,Full-Contraction,1.0,3821.7184274081446,194,0,1.0
25,Min Sum,Full-Contraction,1.0,3689.140580899988,183,0,1.0
25,Min Sum,Full-Contraction,1.0,2392.201683446123,123,0,1.0
25,Min Sum,Full-Contraction,1.0,2733.2814566781003,138,0,1.0
25,Min Sum,Full-Contraction,1.0,3257.615391497381,167,0,1.0
25,Min Sum,Full-Contraction,1.0,4026.926796022427,206,0,1.0
25,Min Sum,Full-Contraction,1.0,2314.9425379196045,119,0,1.0
25,Min Sum,Full-Contraction,1.0,1976.6507972181116,117,0,1.0
25,Min Sum,Full-Contraction,1.0,3151.8936955163012,160,0,1.0
25,Min Sum,Full-Contraction,1.0,2214.978926679615,115,0,1.0
25,Min Sum,Full-Contraction,1.0,2582.1641483100766,127,0,1.0
25,Min Sum,Full-Contraction,1.0,1769.2608479896967,94,0,1.0
25,Min Sum,Full-Contraction,1.0,2967.397314348261,152,0,1.0
25,Min Sum,Full-Contraction,1.0,2191.129845773758,108,0,1.0
25,Min Sum,Full-Contraction,1.0,3334.4222461831228,178,0,1.0
25,Min Sum,Full-Contraction,1.0,2369.9635383147715,137,0,1.0
25,Min Sum,Full-Contraction,1.0,2416.7252125746572,119,0,1.0
25,Min Sum,Full-Contraction,1.0,3206.3427809299947,157,0,1.0
25,Min Sum,Full-Contraction,1.0,4311.808049791727,210,0,1.0
25,Min Sum,Full-Contraction,1.0,3483.005176191827,170,0,1.0
25,Min Sum,Full-Contraction,1.0,2581.106911329285,134,0,1.0
25,Min Sum,Full-Contraction,1.0,2962.833600753754,149,0,1.0
25,Min Sum,Full-Contraction,1.0,3320.6346148303355,162,0,1.0
25,Min Sum,Full-Contraction,1.0,2876.2981877032707,146,0,1.0
25,Min Sum,Full-Contraction,1.0,3020.301051392421,156,0,1.0
25,Min Sum,Full-Contraction,1.0,3380.2208704430222,167,0,1.0
25,Min Sum,Full-Contraction,1.0,2508.9841221910224,132,0,1.0
25,Min Sum,Full-Contraction,1.0,4183.109262696963,203,0,1.0
25,Min Sum,Full-Contraction,1.0,2025.4692069141715,103,0,1.0
25,Min Sum,Full-Contraction,1.0,2922.7171490413793,147,0,1.0
25,Min Sum,Full-Contraction,1.0,2813.7113145989497,146,0,1.0
25,Min Sum,Full-Contraction,1.0,2318.693626003873,114,0,1.0
25,Min Sum,Full-Contraction,1.0,1842.3578210307314,102,0,1.0
25,Min Sum,Full-Contraction,1.0,3721.2237063843995,187,0,1.0
25,Min Sum,Full-Contraction,1.0,2856.2918031369495,142,0,1.0
25,Min Sum,Full-Contraction,1.0,2215.454269207147,110,0,1.0
25,Min Sum,Full-Contraction,1.0,1967.4577482021691,103,0,1.0
25,Min Sum,Full-Contraction,1.0,3206.3609424963333,164,0,1.0
25,Min Sum,Full-Contraction,1.0,3315.584477972409,170,0,1.0
25,Min Sum,Full-Contraction,1.0,3170.228015020649,162,0,1.0
25,Min Sum,Full-Contraction,1.0,3158.385283040643,159,0,1.0
25,Min Sum,Full-Contraction,1.0,3486.735678122208,186,0,1.0
25,Min Sum,Full-Contraction,1.0,1812.5238000161773,97,0,1.0
25,Min Sum,Full-Contraction,1.0,3011.926799979562,152,0,1.0
25,Min Sum,Full-Contraction,1.0,2268.3284859697615,113,0,1.0
25,Min Sum,Full-Contraction,1.0,2872.795863409925,151,0,1.0
25,Min Sum,Full-Contraction,1.0,3929.7653136433796,196,0,1.0
25,Min Sum,Full-Contraction,1.0,1913.0992584093092,95,0,1.0
25,Min Sum,Full-Contraction,1.0,2767.0764239674354,143,0,1.0
25,Min Sum,Full-Contraction,1.0,3249.7539840830923,160,0,1.0
25,Min Sum,Full-Contraction,1.0,3006.6482949366186,149,0,1.0
25,Min Sum,Full-Contraction,1.0,2645.41156673935,131,0,1.0
25,Min Sum,Full-Contraction,1.0,2759.036022620187,140,0,1.0
25,Min Sum,Full-Contraction,1.0,2053.976232900172,109,0,1.0
25,Min Sum,Full-Contraction,1.0,2478.2309382436997,131,0,1.0
25,Min Sum,Full-Contraction,1.0,2584.678789316317,130,0,1.0
25,Min Sum,Full-Contraction,1.0,3702.5865084154734,181,0,1.0
25,Min Sum,Full-Contraction,1.0,2497.0560641506213,136,0,1.0
25,Min Sum,Full-Contraction,1.0,2136.724270036276,106,0,1.0
25,Min Sum,Full-Contraction,1.0,2152.831497968374,113,0,1.0
25,Min Sum,Full-Contraction,1.0,2760.4991841084184,136,0,1.0
25,Min Sum,Full-Contraction,1.0,2091.3691659811057,115,0,1.0
25,Min Sum,Full-Contraction,1.0,2650.420412767044,133,0,1.0
25,Min Sum,Full-Contraction,1.0,1979.8113818363233,103,0,1.0
25,Min Sum,Full-Contraction,1.0,3174.5162195336197,161,0,1.0
25,Min Sum,Full-Contraction,1.0,2654.990503016308,137,0,1.0
25,Min Sum,Full-Contraction,1.0,2970.1315744624303,145,0,1.0
25,Min Sum,Full-Contraction,1.0,2017.908866083282,100,0,1.0
25,Min Sum,Full-Contraction,1.0,1661.322538100531,88,0,1.0
25,Min Sum,Full-Contraction,1.0,2436.0658979553236,121,0,1.0
25,Min Sum,Full-Contraction,1.0,2490.144256754796,123,0,1.0
25,Min Sum,Full-Contraction,1.0,2768.8017471044586,140,0,1.0
25,Min Sum,Full-Contraction,1.0,2404.825065974939,119,0,1.0
25,Min Sum,Full-Contraction,1.0,3405.845975579731,166,0,1.0
25,Min Sum,Full-Contraction,1.0,2525.6840484933027,126,0,1.0
25,Min Sum,Full-Contraction,1.0,3448.713998862283,170,0,1.0
25,Min Sum,Full-Contraction,1.0,3189.67565796079,169,0,1.0
25,Min Sum,Full-Contraction,1.0,2208.4751060130247,109,0,1.0
25,Min Sum,Full-Contraction,1.0,2696.842188241516,136,0,1.0
25,Min Sum,Full-Contraction,1.0,3142.98202455578,160,0,1.0
25,Min Sum,Full-Contraction,1.0,2948.8150332750083,144,0,1.0
25,Min Sum,Full-Contraction,1.0,3439.0885105407506,168,0,1.0
25,Min Sum,Full-Contraction,1.0,1793.085509021404,93,0,1.0
25,Min Sum,Full-Contraction,1.0,2699.652145691326,138,0,1.0
25,Min Sum,Full-Contraction,1.0,4189.788086233341,204,0,1.0
25,Min Sum,Full-Contraction,1.0,3315.8273286694453,165,0,1.0
25,Min Sum,Full-Contraction,1.0,2917.9496818429825,149,0,1.0
25,Min Sum,Full-Contraction,1.0,2813.633595780162,145,0,1.0
25,Min Sum,Full-Contraction,1.0,2276.4909825251034,117,0,1.0
25,Min Sum,Full-Contraction,1.0,2724.7063464731286,145,0,1.0
25,Min Sum,Full-Contraction,1.0,2799.9918385257124,145,0,1.0
25,Min Sum,Full-Contraction,1.0,2625.1438081217066,133,0,1.0
25,Min Sum,Full-Contraction,1.0,2808.883348774447,142,0,1.0
25,Min Sum,Full-Contraction,1.0,2533.403376525942,124,0,1.0
25,Min Sum,Full-Contraction,1.0,3736.870779815523,186,0,1.0
25,Min Sum,Full-Contraction,1.0,3888.783503523378,195,0,1.0
25,Min Sum,Full-Contraction,1.0,2433.472843973145,129,0,1.0
25,Min Sum,Full-Contraction,1.0,2688.5608988404133,139,0,1.0
25,Min Sum,Full-Contraction,1.0,2472.0831619644714,123,0,1.0
25,Min Sum,Full-Contraction,1.0,2299.45264232285,113,0,1.0
25,Min Sum,Full-Contraction,1.0,3551.080426071603,179,0,1.0
25,Min Sum,Full-Contraction,1.0,3214.5292678816577,167,0,1.0
25,Min Sum,Full-Contraction,1.0,1887.1707934631827,98,0,1.0
25,Min Sum,Full-Contraction,1.0,2822.414523475746,138,0,1.0
25,Min Sum,Full-Contraction,1.0,2742.23276831541,139,0,1.0
25,Min Sum,Full-Contraction,1.0,3229.391004024755,165,0,1.0
25,Min Sum,Full-Contraction,1.0,3056.177299711054,153,0,1.0
25,Min Sum,Full-Contraction,1.0,2869.4588234954035,144,0,1.0
25,Min Sum,Full-Contraction,1.0,3494.304910523234,170,0,1.0
25,Min Sum,Full-Contraction,1.0,2657.976869963353,141,0,1.0
25,Min Sum,Full-Contraction,1.0,2614.9439969025484,132,0,1.0
25,Min Sum,Full-Contraction,1.0,2976.4454661089208,154,0,1.0
25,Min Sum,Full-Contraction,1.0,3473.049248814762,170,0,1.0
