6,Bottleneck,Full-Contraction,1.0,1579.9932689967882,79,0,1.0
6,Bottleneck,Full-Contraction,1.0,1300.3245430322665,69,0,1.0
6,Bottleneck,Full-Contraction,1.0,1788.1739435583388,92,0,1.0
6,Bottleneck,Full-Contraction,1.0,1556.5184141585648,78,0,1.0
6,Bottleneck,Full-Contraction,1.0,1547.7195088298784,77,0,1.0
6,Bottleneck,Full-Contraction,1.0,885.3647681360123,45,0,1.0
6,Bottleneck,Full-Contraction,1.0,1100.1998014031533,59,0,1.0
6,Bottleneck,Full-Contraction,1.0,993.384478264819,59,0,1.0
6,Bottleneck,Full-Contraction,1.0,650.9783655834881,38,0,1.0
6,Bottleneck,Full-Contraction,1.0,1150.9552479617719,58,0,1.0
6,Bottleneck,Full-Contraction,1.0,1468.3568230986068,76,0,1.0
6,Bottleneck,Full-Contraction,1.0,1422.9252493095992,81,0,1.0
6,Bottleneck,Full-Contraction,1.0,1102.4782398854195,59,0,1.0
6,Bottleneck,Full-Contraction,1.0,1113.5864089477543,56,0,1.0
6,Bottleneck,Full-Contraction,1.0,1306.8577607962036,66,0,1.0
6,Bottleneck,Full-Contraction,1.0,1413.6382166846836,71,0,1.0
6,Bottleneck,Full-Contraction,1.0,1593.7712688911458,83,0,1.0
6,Bottleneck,Full-Contraction,1.0,1655.2890327840091,87,0,1.0
6,Bottleneck,Full-Contraction,1.0,803.272931006363,45,0,1.0
6,Bottleneck,Full-Contraction,1.0,1009.2531384041644,54,0,1.0
6,Bottleneck,Full-Contraction,1.0,1728.8915046629797,86,0,1.0
6,Bottleneck,Full-Contraction,1.0,1727.4090908593314,89,0,1.0
6,Bottleneck,Full-Contraction,1.0,1356.5262716899863,71,0,1.0
6,Bottleneck,Full-Contraction,1.0,961.6760903248216,55,0,1.0
6,Bottleneck,Full-Contraction,1.0,1469.2732997719058,76,0,1.0
6,Bottleneck,Full-Contraction,1.0,1441.4477485002171,77,0,1.0
6,Bottleneck,Full-Contraction,1.0,1693.9257791986006,84,0,1.0
6,Bottleneck,Full-Contraction,1.0,1131.899338705235,60,0,1.0
6,Bottleneck,Full-Contraction,1.0,720.5772498849152,38,0,1.0
6,Bottleneck,Full-Contraction,1.0,1346.0260279844517,68,0,1.0
6,Bottleneck,Full-Contraction,1.0,1050.1311892994042,53,0,1.0
6,Bottleneck,Full-Contraction,1.0,806.5171187424564,45,0,1.0
6,Bottleneck,Full-Contraction,1.0,1505.458748521973,75,0,1.0
6,Bottleneck,Full-Contraction,1.0,1005.1209402719076,51,0,1.0
6,Bottleneck,Full-Contraction,1.0,1487.994877586421,74,0,1.0
6,Bottleneck,Full-Contraction,1.0,1839.0413182096174,95,0,1.0
6,Bottleneck,Full-Contraction,1.0,1086.5750932988708,55,0,1.0
6,Bottleneck,Full-Contraction,1.0,1229.5309046940074,62,0,1.0
6,Bottleneck,Full-Contraction,1.0,1040.225408161267,56,0,1.0
6,Bottleneck,Full-Contraction,1.0,777.7710319958074,42,0,1.0
6,Bottleneck,Full-Contraction,1.0,1174.5007653277523,59,0,1.0
6,Bottleneck,Full-Contraction,1.0,827.042676373239,43,0,1.0
6,Bottleneck,Full-Contraction,1.0,1095.1065665749409,55,0,1.0
6,Bottleneck,Full-Contraction,1.0,1199.912309498228,62,0,1.0
6,Bottleneck,Full-Contraction,1.0,1485.6167399841322,74,0,1.0
6,Bottleneck,Full-Contraction,1.0,1227.7653460601316,62,0,1.0
6,Bottleneck,Full-Contraction,1.0,1086.0457929994777,58,0,1.0
6,Bottleneck,Full-Contraction,1.0,1642.210441549858,85,0,1.0
6,Bottleneck,Full-Contraction,1.0,1852.6833312860897,100,0,1.0
6,Bottleneck,Full-Contraction,1.0,1315.2903451567079,69,0,1.0
6,Bottleneck,Full-Contraction,1.0,1106.9906432295109,65,0,1.0
6,Bottleneck,Full-Contraction,1.0,1108.767421697125,56,0,1.0
6,Bottleneck,Full-Contraction,1.0,1266.026159980897,70,0,1.0
6,Bottleneck,Full-Contraction,1.0,1004.0125111344613,54,0,1.0
6,Bottleneck,Full-Contraction,1.0,1341.4479898468956,70,0,1.0
6,Bottleneck,Full-Contraction,1.0,1152.003650300705,65,0,1.0
6,Bottleneck,Full-Contraction,1.0,1756.5500237944975,93,0,1.0
6,Bottleneck,Full-Contraction,1.0,1484.6505024811286,77,0,1.0
6,Bottleneck,Full-Contraction,1.0,1216.142542168154,70,0,1.0
6,Bottleneck,Full-Contraction,1.0,1922.781660569258,101,0,1.0
6,Bottleneck,Full-Contraction,1.0,971.7288200033366,52,0,1.0
6,Bottleneck,Full-Contraction,1.0,1372.946036038387,75,0,1.0
6,Bottleneck,Full-Contraction,1.0,1420.4494151617982,71,0,1.0
6,Bottleneck,Full-Contraction,1.0,1222.7246950901772,62,0,1.0
6,Bottleneck,Full-Contraction,1.0,696.6539350706319,36,0,1.0
6,Bottleneck,Full-Contraction,1.0,756.9265346178327,39,0,1.0
6,Bottleneck,Full-Contraction,1.0,798.0376509975025,44,0,1.0
6,Bottleneck,Full-Contraction,1.0,1230.7163532468799,65,0,1.0
6,Bottleneck,Full-Contraction,1.0,1685.3146415575814,87,0,1.0
6,Bottleneck,Full-Contraction,1.0,706.2594157063177,45,0,1.0
6,Bottleneck,Full-Contraction,1.0,804.579817604663,48,0,1.0
6,Bottleneck,Full-Contraction,1.0,901.8970623469163,54,0,1.0
6,Bottleneck,Full-Contraction,1.0,1051.2561352625535,59,0,1.0
6,Bottleneck,Full-Contraction,1.0,723.0901639330425,41,0,1.0
6,Bottleneck,Full-Contraction,1.0,1214.8429824967868,61,0,1.0
6,Bottleneck,Full-Contraction,1.0,1018.1394353406996,52,0,1.0
6,Bottleneck,Full-Contraction,1.0,1001.6654147553401,54,0,1.0
6,Bottleneck,Full-Contraction,1.0,1363.5210331047529,76,0,1.0
6,Bottleneck,Full-Contraction,1.0,1019.3988507541675,52,0,1.0
6,Bottleneck,Full-Contraction,1.0,1078.280902901546,67,0,1.0
6,Bottleneck,Full-Contraction,1.0,1399.500263636764,76,0,1.0
6,Bottleneck,Full-Contraction,1.0,1348.8176370662866,74,0,1.0
6,Bottleneck,Full-Contraction,1.0,1285.818945172669,69,0,1.0
6,Bottleneck,Full-Contraction,1.0,1367.3359067908777,75,0,1.0
6,Bottleneck,Full-Contraction,1.0,1204.6137077435455,64,0,1.0
6,Bottleneck,Full-Contraction,1.0,1636.2450098351844,86,0,1.0
6,Bottleneck,Full-Contraction,1.0,1788.662872174566,94,0,1.0
6,Bottleneck,Full-Contraction,1.0,1056.5833926045161,62,0,1.0
6,Bottleneck,Full-Contraction,1.0,1662.493003104385,84,0,1.0
6,Bottleneck,Full-Contraction,1.0,1287.5626007288824,68,0,1.0
6,Bottleneck,Full-Contraction,1.0,1518.0288833915424,76,0,1.0
6,Bottleneck,Full-Contraction,1.0,1214.265305181286,61,0,1.0
6,Bottleneck,Full-Contraction,1.0,1897.721473154463,95,0,1.0
6,Bottleneck,Full-Contraction,1.0,638.3453927807927,39,0,1.0
6,Bottleneck,Full-Contraction,1.0,1354.4729455536221,72,0,1.0
6,Bottleneck,Full-Contraction,1.0,1875.887014703167,96,0,1.0
6,Bottleneck,Full-Contraction,1.0,811.9883934710028,45,0,1.0
6,Bottleneck,Full-Contraction,1.0,1327.5377365870759,70,0,1.0
6,Bottleneck,Full-Contraction,1.0,814.5044982710685,46,0,1.0
6,Bottleneck,Full-Contraction,1.0,1109.7969401750897,63,0,1.0
6,Bottleneck,Full-Contraction,1.0,1783.0888382682167,92,0,1.0
6,Bottleneck,Full-Contraction,1.0,868.3210554766547,46,0,1.0
6,Bottleneck,Full-Contraction,1.0,930.3674107674718,49,0,1.0
6,Bottleneck,Full-Contraction,1.0,837.3784334120367,44,0,1.0
6,Bottleneck,Full-Contraction,1.0,1845.6843945311282,91,0,1.0
6,Bottleneck,Full-Contraction,1.0,1074.0282950716469,60,0,1.0
6,Bottleneck,Full-Contraction,1.0,706.3063486262015,40,0,1.0
6,Bottleneck,Full-Contraction,1.0,2091.505980805887,106,0,1.0
6,Bottleneck,Full-Contraction,1.0,982.1530216218708,50,0,1.0
6,Bottleneck,Full-Contraction,1.0,1621.9115708841548,84,0,1.0
6,Bottleneck,Full-Contraction,1.0,823.775911691215,42,0,1.0
6,Bottleneck,Full-Contraction,1.0,790.8034059457887,44,0,1.0
6,Bottleneck,Full-Contraction,1.0,1147.852000292346,66,0,1.0
6,Bottleneck,Full-Contraction,1.0,1330.0612360721973,68,0,1.0
6,Bottleneck,Full-Contraction,1.0,1294.1983067576593,65,0,1.0
6,Bottleneck,Full-Contraction,1.0,1003.6825957728641,52,0,1.0
6,Bottleneck,Full-Contraction,1.0,1089.790098079431,55,0,1.0
6,Bottleneck,Full-Contraction,1.0,1237.3132396188523,64,0,1.0
6,Bottleneck,Full-Contraction,1.0,1469.9798759996063,78,0,1.0
6,Bottleneck,Full-Contraction,1.0,753.6999872722339,39,0,1.0
6,Bottleneck,Full-Contraction,1.0,1290.7862473013472,68,0,1.0
6,Bottleneck,Full-Contraction,1.0,1428.7686559176984,71,0,1.0
6,Bottleneck,Full-Contraction,1.0,1617.7934906453531,84,0,1.0
6,Bottleneck,Full-Contraction,1.0,1626.8578525672142,82,0,1.0
6,Bottleneck,Full-Contraction,1.0,1245.8363056839503,64,0,1.0
6,Bottleneck,Full-Contraction,1.0,1231.486982795835,64,0,1.0
6,Bottleneck,Full-Contraction,1.0,680.5652685545533,40,0,1.0
6,Bottleneck,Full-Contraction,1.0,1084.4096869410714,57,0,1.0
6,Bottleneck,Full-Contraction,1.0,1331.7238140566296,75,0,1.0
6,Bottleneck,Full-Contraction,1.0,1699.673322329367,93,0,1.0
6,Bottleneck,Full-Contraction,1.0,1116.8769384731413,68,0,1.0
6,Bottleneck,Full-Contraction,1.0,1877.6926443162765,93,0,1.0
6,Bottleneck,Full-Contraction,1.0,1173.2347131193478,62,0,1.0
6,Bottleneck,Full-Contraction,1.0,1020.4252125993944,58,0,1.0
6,Bottleneck,Full-Contraction,1.0,1794.110624510013,94,0,1.0
6,Bottleneck,Full-Contraction,1.0,1152.5442478835892,58,0,1.0
6,Bottleneck,Full-Contraction,1.0,1311.6397995797079,67,0,1.0
6,Bottleneck,Full-Contraction,1.0,1540.7240149314837,78,0,1.0
6,Bottleneck,Full-Contraction,1.0,1138.5290959027184,57,0,1.0
6,Bottleneck,Full-Contraction,1.0,802.8693238152717,42,0,1.0
6,Bottleneck,Full-Contraction,1.0,1773.4393255474195,94,0,1.0
6,Bottleneck,Full-Contraction,1.0,1314.4257835889332,69,0,1.0
6,Bottleneck,Full-Contraction,1.0,786.2001893836325,42,0,1.0
6,Bottleneck,Full-Contraction,1.0,1315.884846424547,66,0,1.0
6,Bottleneck,Full-Contraction,1.0,1206.5062275494215,61,0,1.0
6,Bottleneck,Full-Contraction,1.0,1348.7756466927913,67,0,1.0
6,Bottleneck,Full-Contraction,1.0,966.3363300291189,49,0,1.0
6,Bottleneck,Full-Contraction,1.0,1757.863810078963,92,0,1.0
6,Bottleneck,Full-Contraction,1.0,1011.8150515733356,52,0,1.0
6,Bottleneck,Full-Contraction,1.0,1590.342945151147,80,0,1.0
6,Bottleneck,Full-Contraction,1.0,1414.30124633886,72,0,1.0
6,Bottleneck,Full-Contraction,1.0,2304.1556078359536,114,0,1.0
6,Bottleneck,Full-Contraction,1.0,1738.996076279078,90,0,1.0
6,Bottleneck,Full-Contraction,1.0,1363.0840442831268,76,0,1.0
6,Bottleneck,Full-Contraction,1.0,2327.42741523863,123,0,1.0
6,Bottleneck,Full-Contraction,1.0,869.3784577251087,46,0,1.0
6,Bottleneck,Full-Contraction,1.0,1874.647511483562,97,0,1.0
6,Bottleneck,Full-Contraction,1.0,1481.0704873731052,78,0,1.0
6,Bottleneck,Full-Contraction,1.0,1411.6717628042556,75,0,1.0
6,Bottleneck,Full-Contraction,1.0,1164.1353254873525,59,0,1.0
6,Bottleneck,Full-Contraction,1.0,1009.5602442560166,60,0,1.0
6,Bottleneck,Full-Contraction,1.0,747.0332298391112,44,0,1.0
6,Bottleneck,Full-Contraction,1.0,1472.4800740581873,74,0,1.0
6,Bottleneck,Full-Contraction,1.0,1767.1888385120587,92,0,1.0
6,Bottleneck,Full-Contraction,1.0,855.713090503152,53,0,1.0
6,Bottleneck,Full-Contraction,1.0,1135.3480343426386,58,0,1.0
6,Bottleneck,Full-Contraction,1.0,1059.7531087349944,59,0,1.0
6,Bottleneck,Full-Contraction,1.0,1627.3289173390017,81,0,1.0
6,Bottleneck,Full-Contraction,1.0,1050.3230805996868,63,0,1.0
6,Bottleneck,Full-Contraction,1.0,1667.281548401978,83,0,1.0
6,Bottleneck,Full-Contraction,1.0,1267.2709155895238,68,0,1.0
6,Bottleneck,Full-Contraction,1.0,1513.3699515707517,76,0,1.0
6,Bottleneck,Full-Contraction,1.0,1731.0844802382057,93,0,1.0
6,Bottleneck,Full-Contraction,1.0,1213.649248648153,62,0,1.0
6,Bottleneck,Full-Contraction,1.0,1578.6559609240799,83,0,1.0
6,Bottleneck,Full-Contraction,1.0,1764.0533576740534,96,0,1.0
6,Bottleneck,Full-Contraction,1.0,1851.4545646335814,96,0,1.0
6,Bottleneck,Full-Contraction,1.0,1590.279564282118,89,0,1.0
6,Bottleneck,Full-Contraction,1.0,1773.967272512216,97,0,1.0
6,Bottleneck,Full-Contraction,1.0,722.5145753139141,41,0,1.0
6,Bottleneck,Full-Contraction,1.0,1694.821987022277,94,0,1.0
6,Bottleneck,Full-Contraction,1.0,2137.34804386658,115,0,1.0
6,Bottleneck,Full-Contraction,1.0,1327.981371264385,80,0,1.0
6,Bottleneck,Full-Contraction,1.0,1960.027251270912,97,0,1.0
6,Bottleneck,Full-Contraction,1.0,1742.7534691979345,90,0,1.0
6,Bottleneck,Full-Contraction,1.0,1796.8773601879316,90,0,1.0
6,Bottleneck,Full-Contraction,1.0,1373.1909246835944,73,0,1.0
6,Bottleneck,Full-Contraction,1.0,2262.4477845881634,116,0,1.0
6,Bottleneck,Full-Contraction,1.0,1031.3991186454346,57,0,1.0
6,Bottleneck,Full-Contraction,1.0,1536.6636314071543,77,0,1.0
6,Bottleneck,Full-Contraction,1.0,1993.469346897933,103,0,1.0
6,Bottleneck,Full-Contraction,1.0,970.8441339499857,50,0,1.0
6,Bottleneck,Full-Contraction,1.0,825.0759354038989,47,0,1.0
6,Bottleneck,Full-Contraction,1.0,1217.5239355654253,62,0,1.0
6,Bottleneck,Full-Contraction,1.0,1552.664486752688,85,0,1.0
6,Bottleneck,Full-Contraction,1.0,1562.9410231050267,81,0,1.0
6,Bottleneck,Full-Contraction,1.0,1581.9562276144736,82,0,1.0
6,Bottleneck,Full-Contraction,1.0,1437.8604505155363,72,0,1.0
6,Bottleneck,Full-Contraction,1.0,1393.0566121392412,78,0,1.0
6,Bottleneck,Full-Contraction,1.0,1679.4381323073235,83,0,1.0
6,Bottleneck,Full-Contraction,1.0,1444.9951071036119,72,0,1.0
6,Bottleneck,Full-Contraction,1.0,1600.487144062773,84,0,1.0
6,Bottleneck,Full-Contraction,1.0,917.5785580417632,47,0,1.0
6,Bottleneck,Full-Contraction,1.0,1679.162326709126,83,0,1.0
6,Bottleneck,Full-Contraction,1.0,1351.4947591165835,70,0,1.0
6,Bottleneck,Full-Contraction,1.0,1230.0937359433938,65,0,1.0
6,Bottleneck,Full-Contraction,1.0,1214.9911741757355,61,0,1.0
6,Bottleneck,Full-Contraction,1.0,1427.518491951594,71,0,1.0
6,Bottleneck,Full-Contraction,1.0,1483.2625831900443,80,0,1.0
6,Bottleneck,Full-Contraction,1.0,1715.2015129537747,98,0,1.0
6,Bottleneck,Full-Contraction,1.0,1377.3587059775405,73,0,1.0
6,Bottleneck,Full-Contraction,1.0,1212.0810285669402,70,0,1.0
6,Bottleneck,Full-Contraction,1.0,1505.3822461911777,80,0,1.0
6,Bottleneck,Full-Contraction,1.0,979.4474544526281,53,0,1.0
6,Bottleneck,Full-Contraction,1.0,959.7140882923691,52,0,1.0
6,Bottleneck,Full-Contraction,1.0,915.4416330863884,50,0,1.0
6,Bottleneck,Full-Contraction,1.0,990.286825969667,58,0,1.0
6,Bottleneck,Full-Contraction,1.0,934.1396736559896,59,0,1.0
6,Bottleneck,Full-Contraction,1.0,1380.4970855243007,76,0,1.0
6,Bottleneck,Full-Contraction,1.0,1406.5698988787635,78,0,1.0
6,Bottleneck,Full-Contraction,1.0,1131.8093328516918,65,0,1.0
6,Bottleneck,Full-Contraction,1.0,1154.5277521750702,64,0,1.0
6,Bottleneck,Full-Contraction,1.0,870.5955880975131,48,0,1.0
6,Bottleneck,Full-Contraction,1.0,1068.2333501851167,57,0,1.0
6,Bottleneck,Full-Contraction,1.0,770.1518755990377,43,0,1.0
6,Bottleneck,Full-Contraction,1.0,1850.5634210662922,95,0,1.0
6,Bottleneck,Full-Contraction,1.0,1880.6496038220048,98,0,1.0
6,Bottleneck,Full-Contraction,1.0,1360.5725407470602,72,0,1.0
6,Bottleneck,Full-Contraction,1.0,1210.8819947695004,64,0,1.0
6,Bottleneck,Full-Contraction,1.0,1578.2084424151758,87,0,1.0
6,Bottleneck,Full-Contraction,1.0,967.3531313690125,53,0,1.0
6,Bottleneck,Full-Contraction,1.0,1523.865923446459,84,0,1.0
6,Bottleneck,Full-Contraction,1.0,1383.9188866492502,74,0,1.0
6,Bottleneck,Full-Contraction,1.0,1278.8518596337924,73,0,1.0
6,Bottleneck,Full-Contraction,1.0,1165.7224015068819,62,0,1.0
6,Bottleneck,Full-Contraction,1.0,1568.5279502476792,88,0,1.0
6,Bottleneck,Full-Contraction,1.0,1828.7777489321406,104,0,1.0
6,Bottleneck,Full-Contraction,1.0,1380.5175277849437,74,0,1.0
6,Bottleneck,Full-Contraction,1.0,1951.128494006744,101,0,1.0
6,Bottleneck,Full-Contraction,1.0,1127.712155966523,70,0,1.0
6,Bottleneck,Full-Contraction,1.0,1139.5331385392144,60,0,1.0
6,Bottleneck,Full-Contraction,1.0,985.0730184265553,52,0,1.0
6,Bottleneck,Full-Contraction,1.0,1935.6173173409375,98,0,1.0
6,Bottleneck,Full-Contraction,1.0,1403.4938086348566,70,0,1.0
6,Bottleneck,Full-Contraction,1.0,1060.3740967930544,55,0,1.0
6,Bottleneck,Full-Contraction,1.0,2048.6723157969614,110,0,1.0
6,Bottleneck,Full-Contraction,1.0,673.5262094690606,35,0,1.0
6,Bottleneck,Full-Contraction,1.0,1529.134304557951,85,0,1.0
6,Bottleneck,Full-Contraction,1.0,1123.3745155563747,57,0,1.0
6,Bottleneck,Full-Contraction,1.0,1056.2178203034207,55,0,1.0
6,Bottleneck,Full-Contraction,1.0,1030.8596981037786,55,0,1.0
6,Bottleneck,Full-Contraction,1.0,995.3751438411894,58,0,1.0
6,Bottleneck,Full-Contraction,1.0,932.371818949937,47,0,1.0
6,Bottleneck,Full-Contraction,1.0,1088.2825566835397,57,0,1.0
6,Bottleneck,Full-Contraction,1.0,1410.8925597319535,70,0,1.0
6,Bottleneck,Full-Contraction,1.0,983.6251125176163,51,0,1.0
6,Bottleneck,Full-Contraction,1.0,1199.278957919436,63,0,1.0
6,Bottleneck,Full-Contraction,1.0,694.3898873229455,37,0,1.0
6,Bottleneck,Full-Contraction,1.0,1379.246937698058,69,0,1.0
6,Bottleneck,Full-Contraction,1.0,1178.3538787368643,59,0,1.0
6,Bottleneck,Full-Contraction,1.0,1544.1320497839538,78,0,1.0
6,Bottleneck,Full-Contraction,1.0,1385.779009589121,71,0,1.0
6,Bottleneck,Full-Contraction,1.0,1093.0368184229492,64,0,1.0
6,Bottleneck,Full-Contraction,1.0,1397.9314434622597,74,0,1.0
6,Bottleneck,Full-Contraction,1.0,619.5845250934274,41,0,1.0
6,Bottleneck,Full-Contraction,1.0,1244.7415136936274,64,0,1.0
6,Bottleneck,Full-Contraction,1.0,1626.1261934879863,81,0,1.0
6,Bottleneck,Full-Contraction,1.0,1755.8574794407864,89,0,1.0
6,Bottleneck,Full-Contraction,1.0,1295.488575500914,73,0,1.0
6,Bottleneck,Full-Contraction,1.0,1766.6016549797027,90,0,1.0
6,Bottleneck,Full-Contraction,1.0,797.7576260447267,48,0,1.0
6,Bottleneck,Full-Contraction,1.0,1340.7750807293248,73,0,1.0
6,Bottleneck,Full-Contraction,1.0,2023.8144051937584,100,0,1.0
6,Bottleneck,Full-Contraction,1.0,1051.1272428994591,62,0,1.0
6,Bottleneck,Full-Contraction,1.0,1519.8886156263243,78,0,1.0
6,Bottleneck,Full-Contraction,1.0,1450.2951653948364,79,0,1.0
6,Bottleneck,Full-Contraction,1.0,1340.0047702779739,69,0,1.0
6,Bottleneck,Full-Contraction,1.0,853.0377859762799,53,0,1.0
6,Bottleneck,Full-Contraction,1.0,1962.797223794807,100,0,1.0
6,Bottleneck,Full-Contraction,1.0,961.5368389196707,58,0,1.0
6,Bottleneck,Full-Contraction,1.0,1058.9559286419665,56,0,1.0
6,Bottleneck,Full-Contraction,1.0,1635.5789504538354,81,0,1.0
6,Bottleneck,Full-Contraction,1.0,862.207377646341,45,0,1.0
6,Bottleneck,Full-Contraction,1.0,1021.7584353882444,54,0,1.0
6,Bottleneck,Full-Contraction,1.0,758.7550325941602,48,0,1.0
6,Bottleneck,Full-Contraction,1.0,868.9328285105853,44,0,1.0
6,Bottleneck,Full-Contraction,1.0,1341.0569017696066,73,0,1.0
6,Bottleneck,Full-Contraction,1.0,768.1726975653297,42,0,1.0
6,Bottleneck,Full-Contraction,1.0,874.3664321635549,45,0,1.0
6,Bottleneck,Full-Contraction,1.0,1702.4372305769257,91,0,1.0
6,Bottleneck,Full-Contraction,1.0,1248.8935113163736,68,0,1.0
6,Bottleneck,Full-Contraction,1.0,1326.1200109681151,71,0,1.0
6,Bottleneck,Full-Contraction,1.0,889.0660428843911,49,0,1.0
6,Bottleneck,Full-Contraction,1.0,967.0572736929264,54,0,1.0
6,Bottleneck,Full-Contraction,1.0,1143.9223258139743,70,0,1.0
6,Bottleneck,Full-Contraction,1.0,1553.7924401429354,77,0,1.0
6,Bottleneck,Full-Contraction,1.0,1448.099473800578,79,0,1.0
6,Bottleneck,Full-Contraction,1.0,667.7982513414457,39,0,1.0
6,Bottleneck,Full-Contraction,1.0,757.103024690567,45,0,1.0
6,Bottleneck,Full-Contraction,1.0,1418.020199931834,77,0,1.0
6,Bottleneck,Full-Contraction,1.0,1525.756918225336,86,0,1.0
6,Bottleneck,Full-Contraction,1.0,1089.4790413718788,58,0,1.0
6,Bottleneck,Full-Contraction,1.0,1037.8807919417104,57,0,1.0
6,Bottleneck,Full-Contraction,1.0,1382.959175662574,75,0,1.0
6,Bottleneck,Full-Contraction,1.0,1485.768086938106,79,0,1.0
6,Bottleneck,Full-Contraction,1.0,1618.0297743514413,85,0,1.0
6,Bottleneck,Full-Contraction,1.0,1230.816907356022,62,0,1.0
6,Bottleneck,Full-Contraction,1.0,953.9694870046897,48,0,1.0
6,Bottleneck,Full-Contraction,1.0,1114.8010341856261,56,0,1.0
6,Bottleneck,Full-Contraction,1.0,1063.4023804636067,54,0,1.0
6,Bottleneck,Full-Contraction,1.0,1032.0763331334,59,0,1.0
6,Bottleneck,Full-Contraction,1.0,1539.2601473819745,85,0,1.0
6,Bottleneck,Full-Contraction,1.0,949.2721022691281,53,0,1.0
6,Bottleneck,Full-Contraction,1.0,1698.4848696641102,84,0,1.0
6,Bottleneck,Full-Contraction,1.0,1362.1219140516116,81,0,1.0
6,Bottleneck,Full-Contraction,1.0,870.7401827282458,44,0,1.0
6,Bottleneck,Full-Contraction,1.0,1436.0344943454807,76,0,1.0
6,Bottleneck,Full-Contraction,1.0,1136.9435694776735,57,0,1.0
6,Bottleneck,Full-Contraction,1.0,838.0707149684691,48,0,1.0
6,Bottleneck,Full-Contraction,1.0,1364.0963025692267,68,0,1.0
6,Bottleneck,Full-Contraction,1.0,633.7935260245841,38,0,1.0
6,Bottleneck,Full-Contraction,1.0,789.6815164326913,48,0,1.0
6,Bottleneck,Full-Contraction,1.0,1401.8081281887999,76,0,1.0
6,Bottleneck,Full-Contraction,1.0,1371.3647518101295,73,0,1.0
6,Bottleneck,Full-Contraction,1.0,935.0777942514254,47,0,1.0
6,Bottleneck,Full-Contraction,1.0,928.6302520824593,53,0,1.0
6,Bottleneck,Full-Contraction,1.0,1388.6596494213816,76,0,1.0
6,Bottleneck,Full-Contraction,1.0,1616.0656039517637,87,0,1.0
6,Bottleneck,Full-Contraction,1.0,1080.371983350673,61,0,1.0
6,Bottleneck,Full-Contraction,1.0,1497.9017078528186,84,0,1.0
6,Bottleneck,Full-Contraction,1.0,924.6503131821107,52,0,1.0
6,Bottleneck,Full-Contraction,1.0,716.7963567665363,38,0,1.0
6,Bottleneck,Full-Contraction,1.0,1823.707657751013,100,0,1.0
6,Bottleneck,Full-Contraction,1.0,1213.7121072796622,62,0,1.0
6,Bottleneck,Full-Contraction,1.0,1385.3483545340778,79,0,1.0
6,Bottleneck,Full-Contraction,1.0,911.6007087798348,47,0,1.0
6,Bottleneck,Full-Contraction,1.0,940.066307018691,49,0,1.0
6,Bottleneck,Full-Contraction,1.0,1192.0281378525303,69,0,1.0
6,Bottleneck,Full-Contraction,1.0,1466.6159434503038,74,0,1.0
6,Bottleneck,Full-Contraction,1.0,1361.3705836775773,74,0,1.0
6,Bottleneck,Full-Contraction,1.0,903.4588515614478,47,0,1.0
6,Bottleneck,Full-Contraction,1.0,810.5791255353201,50,0,1.0
6,Bottleneck,Full-Contraction,1.0,1423.4893842534484,72,0,1.0
6,Bottleneck,Full-Contraction,1.0,1583.9362417047357,84,0,1.0
6,Bottleneck,Full-Contraction,1.0,986.1585727939355,51,0,1.0
6,Bottleneck,Full-Contraction,1.0,1260.351015551449,64,0,1.0
6,Bottleneck,Full-Contraction,1.0,1490.6837551771964,75,0,1.0
6,Bottleneck,Full-Contraction,1.0,1655.2327721710074,83,0,1.0
6,Bottleneck,Full-Contraction,1.0,1712.6315308875382,86,0,1.0
6,Bottleneck,Full-Contraction,1.0,1243.5688321764303,63,0,1.0
6,Bottleneck,Full-Contraction,1.0,1094.0049599632573,56,0,1.0
6,Bottleneck,Full-Contraction,1.0,981.2003655479048,50,0,1.0
6,Bottleneck,Full-Contraction,1.0,1075.2128053267325,55,0,1.0
6,Bottleneck,Full-Contraction,1.0,1166.7529620951798,68,0,1.0
6,Bottleneck,Full-Contraction,1.0,1645.09949306796,90,0,1.0
6,Bottleneck,Full-Contraction,1.0,1037.7821862368623,62,0,1.0
6,Bottleneck,Full-Contraction,1.0,1798.5148144415234,90,0,1.0
6,Bottleneck,Full-Contraction,1.0,1481.1357678971594,75,0,1.0
6,Bottleneck,Full-Contraction,1.0,918.4696233928821,51,0,1.0
6,Bottleneck,Full-Contraction,1.0,1671.8268599411833,86,0,1.0
6,Bottleneck,Full-Contraction,1.0,1148.791187255554,59,0,1.0
6,Bottleneck,Full-Contraction,1.0,1150.5417247194111,59,0,1.0
6,Bottleneck,Full-Contraction,1.0,1459.3948697021674,74,0,1.0
6,Bottleneck,Full-Contraction,1.0,945.1398449132066,49,0,1.0
6,Bottleneck,Full-Contraction,1.0,888.236719677351,46,0,1.0
6,Bottleneck,Full-Contraction,1.0,1556.9131354089839,87,0,1.0
6,Bottleneck,Full-Contraction,1.0,1451.0118467289808,73,0,1.0
6,Bottleneck,Full-Contraction,1.0,769.348046278751,41,0,1.0
6,Bottleneck,Full-Contraction,1.0,1172.6292088483156,60,0,1.0
6,Bottleneck,Full-Contraction,1.0,1239.218845702295,71,0,1.0
6,Bottleneck,Full-Contraction,1.0,1429.9413326748877,80,0,1.0
6,Bottleneck,Full-Contraction,1.0,1112.820043758311,57,0,1.0
6,Bottleneck,Full-Contraction,1.0,921.8695222129617,53,0,1.0
6,Bottleneck,Full-Contraction,1.0,1421.4914999111422,81,0,1.0
6,Bottleneck,Full-Contraction,1.0,1020.2709549719691,53,0,1.0
6,Bottleneck,Full-Contraction,1.0,1886.4294647537379,103,0,1.0
6,Bottleneck,Full-Contraction,1.0,1123.756900413869,57,0,1.0
6,Bottleneck,Full-Contraction,1.0,1454.6913411300725,76,0,1.0
6,Bottleneck,Full-Contraction,1.0,1535.4271755305479,86,0,1.0
6,Bottleneck,Full-Contraction,1.0,1738.0553892417283,86,0,1.0
6,Bottleneck,Full-Contraction,1.0,1813.0325049033631,96,0,1.0
6,Bottleneck,Full-Contraction,1.0,1884.2743038812196,103,0,1.0
6,Bottleneck,Full-Contraction,1.0,1292.1270811724999,69,0,1.0
6,Bottleneck,Full-Contraction,1.0,1329.377594887464,74,0,1.0
6,Bottleneck,Full-Contraction,1.0,2092.5037815811484,103,0,1.0
6,Bottleneck,Full-Contraction,1.0,1827.1546558124378,99,0,1.0
6,Bottleneck,Full-Contraction,1.0,1678.0980216812304,93,0,1.0
6,Bottleneck,Full-Contraction,1.0,1113.6421485080582,66,0,1.0
6,Bottleneck,Full-Contraction,1.0,1673.9482192532282,84,0,1.0
6,Bottleneck,Full-Contraction,1.0,1680.8767866839316,84,0,1.0
6,Bottleneck,Full-Contraction,1.0,1762.8733388113005,93,0,1.0
6,Bottleneck,Full-Contraction,1.0,1324.6725038804243,68,0,1.0
6,Bottleneck,Full-Contraction,1.0,853.4228436098894,46,0,1.0
6,Bottleneck,Full-Contraction,1.0,1748.4115388226626,90,0,1.0
6,Bottleneck,Full-Contraction,1.0,1247.0796687137868,64,0,1.0
6,Bottleneck,Full-Contraction,1.0,1080.587283451012,56,0,1.0
6,Bottleneck,Full-Contraction,1.0,1273.006393394975,65,0,1.0
6,Bottleneck,Full-Contraction,1.0,1322.6460136453634,66,0,1.0
6,Bottleneck,Full-Contraction,1.0,1240.0919892823404,64,0,1.0
6,Bottleneck,Full-Contraction,1.0,2207.565947369352,116,0,1.0
6,Bottleneck,Full-Contraction,1.0,1317.6223396964651,76,0,1.0
6,Bottleneck,Full-Contraction,1.0,700.5846949891842,38,0,1.0
6,Bottleneck,Full-Contraction,1.0,1279.8070617114176,66,0,1.0
6,Bottleneck,Full-Contraction,1.0,1226.251070581337,63,0,1.0
6,Bottleneck,Full-Contraction,1.0,1014.1598183431637,54,0,1.0
6,Bottleneck,Full-Contraction,1.0,1255.4714703697275,66,0,1.0
6,Bottleneck,Full-Contraction,1.0,1442.7771060397217,73,0,1.0
6,Bottleneck,Full-Contraction,1.0,772.5537389053904,40,0,1.0
6,Bottleneck,Full-Contraction,1.0,1634.4659733180995,86,0,1.0
6,Bottleneck,Full-Contraction,1.0,1652.1598790771995,85,0,1.0
6,Bottleneck,Full-Contraction,1.0,1437.323554797461,73,0,1.0
6,Bottleneck,Full-Contraction,1.0,1917.2343347860624,103,0,1.0
6,Bottleneck,Full-Contraction,1.0,2451.681375176633,122,0,1.0
6,Bottleneck,Full-Contraction,1.0,1713.2407663586725,86,0,1.0
6,Bottleneck,Full-Contraction,1.0,1103.2118076939896,56,0,1.0
6,Bottleneck,Full-Contraction,1.0,1495.2118512369634,75,0,1.0
6,Bottleneck,Full-Contraction,1.0,1429.32847844164,79,0,1.0
6,Bottleneck,Full-Contraction,1.0,1105.7321059657486,56,0,1.0
6,Bottleneck,Full-Contraction,1.0,1038.5638776117853,53,0,1.0
6,Bottleneck,Full-Contraction,1.0,1097.5037645585273,63,0,1.0
6,Bottleneck,Full-Contraction,1.0,1281.6538662278213,67,0,1.0
6,Bottleneck,Full-Contraction,1.0,1595.0483713639414,79,0,1.0
6,Bottleneck,Full-Contraction,1.0,1592.989175534302,84,0,1.0
6,Bottleneck,Full-Contraction,1.0,877.2242629553032,45,0,1.0
6,Bottleneck,Full-Contraction,1.0,1108.631002492169,56,0,1.0
6,Bottleneck,Full-Contraction,1.0,1667.3549826683443,83,0,1.0
6,Bottleneck,Full-Contraction,1.0,1660.7927738510741,85,0,1.0
6,Bottleneck,Full-Contraction,1.0,1367.90753391369,69,0,1.0
6,Bottleneck,Full-Contraction,1.0,1002.6908028478377,51,0,1.0
6,Bottleneck,Full-Contraction,1.0,1314.0483951783629,72,0,1.0
6,Bottleneck,Full-Contraction,1.0,1392.870263494061,73,0,1.0
6,Bottleneck,Full-Contraction,1.0,1527.7071548621113,80,0,1.0
6,Bottleneck,Full-Contraction,1.0,920.5921412362801,56,0,1.0
6,Bottleneck,Full-Contraction,1.0,638.8639129482431,34,0,1.0
6,Bottleneck,Full-Contraction,1.0,1284.902466420971,66,0,1.0
6,Bottleneck,Full-Contraction,1.0,832.2217219438174,49,0,1.0
6,Bottleneck,Full-Contraction,1.0,831.661363469877,43,0,1.0
6,Bottleneck,Full-Contraction,1.0,1295.263345182476,72,0,1.0
6,Bottleneck,Full-Contraction,1.0,851.3532576344429,48,0,1.0
6,Bottleneck,Full-Contraction,1.0,1107.6871231622636,71,0,1.0
6,Bottleneck,Full-Contraction,1.0,1707.7660164591684,92,0,1.0
6,Bottleneck,Full-Contraction,1.0,980.7344280881456,56,0,1.0
6,Bottleneck,Full-Contraction,1.0,1047.387016164707,61,0,1.0
6,Bottleneck,Full-Contraction,1.0,1022.6851588279893,52,0,1.0
6,Bottleneck,Full-Contraction,1.0,837.4587211860708,43,0,1.0
6,Bottleneck,Full-Contraction,1.0,1038.0338922328763,56,0,1.0
6,Bottleneck,Full-Contraction,1.0,723.2331135112565,44,0,1.0
6,Bottleneck,Full-Contraction,1.0,1020.9829966715736,52,0,1.0
6,Bottleneck,Full-Contraction,1.0,1149.83213297037,61,0,1.0
6,Bottleneck,Full-Contraction,1.0,1347.6208172249844,70,0,1.0
6,Bottleneck,Full-Contraction,1.0,1184.0947849686531,60,0,1.0
6,Bottleneck,Full-Contraction,1.0,1193.6727061651288,60,0,1.0
6,Bottleneck,Full-Contraction,1.0,1510.9666808947493,82,0,1.0
6,Bottleneck,Full-Contraction,1.0,1974.3519618616185,98,0,1.0
6,Bottleneck,Full-Contraction,1.0,1304.2018918424133,66,0,1.0
6,Bottleneck,Full-Contraction,1.0,1981.5198326590585,101,0,1.0
6,Bottleneck,Full-Contraction,1.0,1008.6139040403106,60,0,1.0
6,Bottleneck,Full-Contraction,1.0,1541.827388074163,80,0,1.0
6,Bottleneck,Full-Contraction,1.0,823.5868854904945,47,0,1.0
6,Bottleneck,Full-Contraction,1.0,916.8889331823988,47,0,1.0
6,Bottleneck,Full-Contraction,1.0,1315.7700259171775,69,0,1.0
6,Bottleneck,Full-Contraction,1.0,1461.0871742618592,73,0,1.0
6,Bottleneck,Full-Contraction,1.0,1453.2849149503786,73,0,1.0
6,Bottleneck,Full-Contraction,1.0,852.1438385374261,48,0,1.0
6,Bottleneck,Full-Contraction,1.0,723.3327869612477,49,0,1.0
6,Bottleneck,Full-Contraction,1.0,1404.151283739432,71,0,1.0
6,Bottleneck,Full-Contraction,1.0,1502.6151046914883,84,0,1.0
6,Bottleneck,Full-Contraction,1.0,893.0623939955983,49,0,1.0
6,Bottleneck,Full-Contraction,1.0,1226.7103104896732,65,0,1.0
6,Bottleneck,Full-Contraction,1.0,1502.171558848696,75,0,1.0
6,Bottleneck,Full-Contraction,1.0,1613.5165889980703,84,0,1.0
6,Bottleneck,Full-Contraction,1.0,1635.8224891142115,86,0,1.0
6,Bottleneck,Full-Contraction,1.0,1265.8412778824768,64,0,1.0
6,Bottleneck,Full-Contraction,1.0,1134.5681088823449,58,0,1.0
6,Bottleneck,Full-Contraction,1.0,949.8709221281838,49,0,1.0
6,Bottleneck,Full-Contraction,1.0,1098.4120051728632,56,0,1.0
6,Bottleneck,Full-Contraction,1.0,1141.9558920213685,70,0,1.0
6,Bottleneck,Full-Contraction,1.0,1692.8432266526897,91,0,1.0
6,Bottleneck,Full-Contraction,1.0,1183.785532548136,63,0,1.0
6,Bottleneck,Full-Contraction,1.0,1834.1980252129529,91,0,1.0
6,Bottleneck,Full-Contraction,1.0,1295.3765611382578,72,0,1.0
6,Bottleneck,Full-Contraction,1.0,921.9946843389514,50,0,1.0
6,Bottleneck,Full-Contraction,1.0,1621.7144572707684,88,0,1.0
6,Bottleneck,Full-Contraction,1.0,1171.4531671916566,59,0,1.0
6,Bottleneck,Full-Contraction,1.0,1094.6376376489038,60,0,1.0
6,Bottleneck,Full-Contraction,1.0,1494.9364863629198,75,0,1.0
6,Bottleneck,Full-Contraction,1.0,824.8960613223239,50,0,1.0
6,Bottleneck,Full-Contraction,1.0,885.2550229040374,46,0,1.0
6,Bottleneck,Full-Contraction,1.0,1638.9401675462486,88,0,1.0
6,Bottleneck,Full-Contraction,1.0,1371.390387956292,73,0,1.0
6,Bottleneck,Full-Contraction,1.0,727.5758836471884,38,0,1.0
6,Bottleneck,Full-Contraction,1.0,963.259419620855,59,0,1.0
6,Bottleneck,Full-Contraction,1.0,1376.4458286703384,69,0,1.0
6,Bottleneck,Full-Contraction,1.0,1302.197426233169,77,0,1.0
6,Bottleneck,Full-Contraction,1.0,1103.2370485880763,56,0,1.0
6,Bottleneck,Full-Contraction,1.0,2237.6221049889114,113,0,1.0
6,Bottleneck,Full-Contraction,1.0,1088.0644176626083,58,0,1.0
6,Bottleneck,Full-Contraction,1.0,1713.1798701811567,87,0,1.0
6,Bottleneck,Full-Contraction,1.0,1709.2014089356153,96,0,1.0
6,Bottleneck,Full-Contraction,1.0,1749.9319907280292,94,0,1.0
6,Bottleneck,Full-Contraction,1.0,1795.1237631497386,98,0,1.0
6,Bottleneck,Full-Contraction,1.0,1874.9161261282966,107,0,1.0
6,Bottleneck,Full-Contraction,1.0,1754.2757616381357,87,0,1.0
6,Bottleneck,Full-Contraction,1.0,1923.991323606658,96,0,1.0
6,Bottleneck,Full-Contraction,1.0,2145.7950668496505,108,0,1.0
6,Bottleneck,Full-Contraction,1.0,2061.274229897602,104,0,1.0
6,Bottleneck,Full-Contraction,1.0,2069.7997779258576,104,0,1.0
6,Bottleneck,Full-Contraction,1.0,1190.3218306055355,71,0,1.0
6,Bottleneck,Full-Contraction,1.0,1647.4070288209195,82,0,1.0
6,Bottleneck,Full-Contraction,1.0,1617.2673490593133,86,0,1.0
6,Bottleneck,Full-Contraction,1.0,1872.705782270654,95,0,1.0
6,Bottleneck,Full-Contraction,1.0,1330.1834495403727,68,0,1.0
6,Bottleneck,Full-Contraction,1.0,1346.971001700927,68,0,1.0
6,Bottleneck,Full-Contraction,1.0,1928.9051315302565,102,0,1.0
6,Bottleneck,Full-Contraction,1.0,1239.5834402308342,68,0,1.0
6,Bottleneck,Full-Contraction,1.0,1188.1288272492548,62,0,1.0
6,Bottleneck,Full-Contraction,1.0,973.318265398176,50,0,1.0
6,Bottleneck,Full-Contraction,1.0,1414.6931922983322,73,0,1.0
6,Bottleneck,Full-Contraction,1.0,965.136988876686,56,0,1.0
6,Bottleneck,Full-Contraction,1.0,2505.3417334727837,125,0,1.0
6,Bottleneck,Full-Contraction,1.0,1771.9862573441299,97,0,1.0
6,Bottleneck,Full-Contraction,1.0,680.2709023429499,43,0,1.0
6,Bottleneck,Full-Contraction,1.0,1393.7723340575883,70,0,1.0
6,Bottleneck,Full-Contraction,1.0,1552.8975568455974,83,0,1.0
6,Bottleneck,Full-Contraction,1.0,1091.579920686188,58,0,1.0
6,Bottleneck,Full-Contraction,1.0,1521.1458224820453,86,0,1.0
6,Bottleneck,Full-Contraction,1.0,1624.9855970337148,88,0,1.0
6,Bottleneck,Full-Contraction,1.0,789.4339500553679,43,0,1.0
6,Bottleneck,Full-Contraction,1.0,1826.4146940463097,93,0,1.0
6,Bottleneck,Full-Contraction,1.0,1939.6295916829986,98,0,1.0
6,Bottleneck,Full-Contraction,1.0,1925.1548219983829,96,0,1.0
6,Bottleneck,Full-Contraction,1.0,1967.649182586128,108,0,1.0
6,Bottleneck,Full-Contraction,1.0,2486.775191850539,131,0,1.0
6,Bottleneck,Full-Contraction,1.0,1686.3786146561663,93,0,1.0
6,Bottleneck,Full-Contraction,1.0,1562.4262969810984,88,0,1.0
6,Bottleneck,Full-Contraction,1.0,1176.5786336361277,59,0,1.0
6,Bottleneck,Full-Contraction,1.0,930.8747320565348,58,0,1.0
6,Bottleneck,Full-Contraction,1.0,1086.846663678809,55,0,1.0
6,Bottleneck,Full-Contraction,1.0,1065.8477878286003,59,0,1.0
6,Bottleneck,Full-Contraction,1.0,885.8019141732827,47,0,1.0
6,Bottleneck,Full-Contraction,1.0,1172.6599923464732,60,0,1.0
6,Bottleneck,Full-Contraction,1.0,1458.6478280841,73,0,1.0
6,Bottleneck,Full-Contraction,1.0,999.8516355015045,52,0,1.0
6,Bottleneck,Full-Contraction,1.0,1200.4295612418316,63,0,1.0
6,Bottleneck,Full-Contraction,1.0,723.7868625074522,40,0,1.0
6,Bottleneck,Full-Contraction,1.0,1405.6010381077501,71,0,1.0
6,Bottleneck,Full-Contraction,1.0,1179.1429882061038,60,0,1.0
6,Bottleneck,Full-Contraction,1.0,1501.4469528328295,80,0,1.0
6,Bottleneck,Full-Contraction,1.0,1393.7525074437674,71,0,1.0
6,Bottleneck,Full-Contraction,1.0,1123.0649389757423,66,0,1.0
6,Bottleneck,Full-Contraction,1.0,1294.6800960732455,77,0,1.0
6,Bottleneck,Full-Contraction,1.0,838.7330306001834,44,0,1.0
6,Bottleneck,Full-Contraction,1.0,1234.6642649625755,67,0,1.0
6,Bottleneck,Full-Contraction,1.0,1403.2865447150716,84,0,1.0
6,Bottleneck,Full-Contraction,1.0,1837.6456191418395,91,0,1.0
6,Bottleneck,Full-Contraction,1.0,1313.7875973036228,76,0,1.0
6,Bottleneck,Full-Contraction,1.0,1849.8116641366933,92,0,1.0
6,Bottleneck,Full-Contraction,1.0,885.0258035171871,45,0,1.0
6,Bottleneck,Full-Contraction,1.0,1386.4204788691443,76,0,1.0
6,Bottleneck,Full-Contraction,1.0,1950.401645099315,103,0,1.0
6,Bottleneck,Full-Contraction,1.0,1196.2294526337605,65,0,1.0
6,Bottleneck,Full-Contraction,1.0,1608.0823447838557,81,0,1.0
6,Bottleneck,Full-Contraction,1.0,1629.5632130274398,81,0,1.0
6,Bottleneck,Full-Contraction,1.0,1428.0009763526907,72,0,1.0
6,Bottleneck,Full-Contraction,1.0,1105.5399975513214,56,0,1.0
6,Bottleneck,Full-Contraction,1.0,1949.6737620313118,103,0,1.0
6,Bottleneck,Full-Contraction,1.0,960.9760861197519,58,0,1.0
6,Bottleneck,Full-Contraction,1.0,1144.3032753640418,59,0,1.0
6,Bottleneck,Full-Contraction,1.0,1685.7981341785908,84,0,1.0
6,Bottleneck,Full-Contraction,1.0,885.3750824781171,46,0,1.0
6,Bottleneck,Full-Contraction,1.0,867.7167923445274,51,0,1.0
6,Bottleneck,Full-Contraction,1.0,966.3869850031681,50,0,1.0
6,Bottleneck,Full-Contraction,1.0,1399.0802951762455,70,0,1.0
6,Bottleneck,Full-Contraction,1.0,1316.9125575126882,71,0,1.0
6,Bottleneck,Full-Contraction,1.0,1212.2155111674729,68,0,1.0
6,Bottleneck,Full-Contraction,1.0,1313.298916727315,73,0,1.0
6,Bottleneck,Full-Contraction,1.0,1485.0971817047262,81,0,1.0
6,Bottleneck,Full-Contraction,1.0,1312.7992502236953,69,0,1.0
6,Bottleneck,Full-Contraction,1.0,1683.7522023103952,84,0,1.0
6,Bottleneck,Full-Contraction,1.0,1377.682641898968,82,0,1.0
6,Bottleneck,Full-Contraction,1.0,1382.4937895039157,78,0,1.0
6,Bottleneck,Full-Contraction,1.0,1501.657765615589,80,0,1.0
6,Bottleneck,Full-Contraction,1.0,783.5450608226961,45,0,1.0
6,Bottleneck,Full-Contraction,1.0,1148.2656270849818,58,0,1.0
6,Bottleneck,Full-Contraction,1.0,1051.2173491292551,60,0,1.0
6,Bottleneck,Full-Contraction,1.0,1288.258172174374,69,0,1.0
6,Bottleneck,Full-Contraction,1.0,815.2444092879671,47,0,1.0
6,Bottleneck,Full-Contraction,1.0,996.0522579058452,60,0,1.0
6,Bottleneck,Full-Contraction,1.0,1408.9515182649689,77,0,1.0
6,Bottleneck,Full-Contraction,1.0,947.3913247140688,49,0,1.0
6,Bottleneck,Full-Contraction,1.0,774.5325144352365,46,0,1.0
6,Bottleneck,Full-Contraction,1.0,753.4442373466636,46,0,1.0
6,Bottleneck,Full-Contraction,1.0,828.2532546347866,47,0,1.0
6,Bottleneck,Full-Contraction,1.0,741.1775667533233,45,0,1.0
6,Bottleneck,Full-Contraction,1.0,1874.1885589651904,99,0,1.0
6,Bottleneck,Full-Contraction,1.0,1553.642229294091,84,0,1.0
6,Bottleneck,Full-Contraction,1.0,960.5654678578554,56,0,1.0
6,Bottleneck,Full-Contraction,1.0,869.944542546667,52,0,1.0
6,Bottleneck,Full-Contraction,1.0,1249.8352132112598,71,0,1.0
6,Bottleneck,Full-Contraction,1.0,545.9692497183136,35,0,1.0
6,Bottleneck,Full-Contraction,1.0,1163.490905610569,70,0,1.0
6,Bottleneck,Full-Contraction,1.0,1138.5595005809512,67,0,1.0
6,Bottleneck,Full-Contraction,1.0,987.1510294568767,57,0,1.0
6,Bottleneck,Full-Contraction,1.0,1162.9242355196707,67,0,1.0
6,Bottleneck,Full-Contraction,1.0,1398.3912573278142,76,0,1.0
6,Bottleneck,Full-Contraction,1.0,1765.0716654198825,88,0,1.0
6,Bottleneck,Full-Contraction,1.0,1556.2562604100606,82,0,1.0
6,Bottleneck,Full-Contraction,1.0,1998.7027755785743,105,0,1.0
6,Bottleneck,Full-Contraction,1.0,1185.4675726620437,66,0,1.0
6,Bottleneck,Full-Contraction,1.0,815.7638532905971,47,0,1.0
6,Bottleneck,Full-Contraction,1.0,1152.3546497460156,67,0,1.0
6,Bottleneck,Full-Contraction,1.0,1342.593589469251,71,0,1.0
6,Bottleneck,Full-Contraction,1.0,1318.6743169706342,72,0,1.0
6,Bottleneck,Full-Contraction,1.0,923.9358627784666,49,0,1.0
6,Bottleneck,Full-Contraction,1.0,1029.4516216658537,61,0,1.0
6,Bottleneck,Full-Contraction,1.0,1293.7063795841007,70,0,1.0
6,Bottleneck,Full-Contraction,1.0,1593.3281524898653,81,0,1.0
6,Bottleneck,Full-Contraction,1.0,955.3394798388148,51,0,1.0
6,Bottleneck,Full-Contraction,1.0,1286.2979198953806,65,0,1.0
6,Bottleneck,Full-Contraction,1.0,1285.666779501139,73,0,1.0
6,Bottleneck,Full-Contraction,1.0,1638.4766635023527,82,0,1.0
6,Bottleneck,Full-Contraction,1.0,1662.9638081575079,83,0,1.0
6,Bottleneck,Full-Contraction,1.0,1204.6441748748646,61,0,1.0
6,Bottleneck,Full-Contraction,1.0,1123.7568015918782,62,0,1.0
6,Bottleneck,Full-Contraction,1.0,912.8160339554895,49,0,1.0
6,Bottleneck,Full-Contraction,1.0,1020.2277669598582,54,0,1.0
6,Bottleneck,Full-Contraction,1.0,1141.81858931202,72,0,1.0
6,Bottleneck,Full-Contraction,1.0,1780.0328189087236,90,0,1.0
6,Bottleneck,Full-Contraction,1.0,1288.0500526606002,65,0,1.0
6,Bottleneck,Full-Contraction,1.0,1779.0659319523243,90,0,1.0
6,Bottleneck,Full-Contraction,1.0,1312.3823835629005,74,0,1.0
6,Bottleneck,Full-Contraction,1.0,1060.2529966667043,61,0,1.0
6,Bottleneck,Full-Contraction,1.0,1617.2885259786287,91,0,1.0
6,Bottleneck,Full-Contraction,1.0,1087.1101099843052,57,0,1.0
6,Bottleneck,Full-Contraction,1.0,1271.0594724539837,66,0,1.0
6,Bottleneck,Full-Contraction,1.0,1440.5200894297932,75,0,1.0
6,Bottleneck,Full-Contraction,1.0,1083.04642330384,57,0,1.0
6,Bottleneck,Full-Contraction,1.0,797.6804495011914,43,0,1.0
6,Bottleneck,Full-Contraction,1.0,1776.5254431000913,91,0,1.0
6,Bottleneck,Full-Contraction,1.0,1398.3008456363575,70,0,1.0
6,Bottleneck,Full-Contraction,1.0,906.5580121390562,47,0,1.0
6,Bottleneck,Full-Contraction,1.0,1407.0948852540698,71,0,1.0
6,Bottleneck,Full-Contraction,1.0,1152.496189989367,68,0,1.0
6,Bottleneck,Full-Contraction,1.0,1564.3486622894302,80,0,1.0
6,Bottleneck,Full-Contraction,1.0,905.5000344175501,54,0,1.0
6,Bottleneck,Full-Contraction,1.0,980.4829714390354,58,0,1.0
6,Bottleneck,Full-Contraction,1.0,1250.9365629767062,64,0,1.0
6,Bottleneck,Full-Contraction,1.0,1184.7408616757418,66,0,1.0
6,Bottleneck,Full-Contraction,1.0,865.1311213215617,45,0,1.0
6,Bottleneck,Full-Contraction,1.0,1314.4076429869915,67,0,1.0
6,Bottleneck,Full-Contraction,1.0,1254.6113143081432,64,0,1.0
6,Bottleneck,Full-Contraction,1.0,1357.6951046235072,73,0,1.0
6,Bottleneck,Full-Contraction,1.0,949.8398924218519,49,0,1.0
6,Bottleneck,Full-Contraction,1.0,1168.0840704982038,59,0,1.0
6,Bottleneck,Full-Contraction,1.0,1256.357438440501,64,0,1.0
6,Bottleneck,Full-Contraction,1.0,1478.807736288807,74,0,1.0
6,Bottleneck,Full-Contraction,1.0,1489.0060127071033,75,0,1.0
6,Bottleneck,Full-Contraction,1.0,1075.1757162381691,55,0,1.0
6,Bottleneck,Full-Contraction,1.0,1167.8059819671325,62,0,1.0
6,Bottleneck,Full-Contraction,1.0,855.5571286216367,46,0,1.0
6,Bottleneck,Full-Contraction,1.0,1017.1314838749021,52,0,1.0
6,Bottleneck,Full-Contraction,1.0,1123.7378216526788,69,0,1.0
6,Bottleneck,Full-Contraction,1.0,1651.718761421367,83,0,1.0
6,Bottleneck,Full-Contraction,1.0,1063.8287872577876,62,0,1.0
6,Bottleneck,Full-Contraction,1.0,1653.813041832862,83,0,1.0
6,Bottleneck,Full-Contraction,1.0,1430.0547538617734,73,0,1.0
6,Bottleneck,Full-Contraction,1.0,1268.837105033892,66,0,1.0
6,Bottleneck,Full-Contraction,1.0,1584.740415166641,88,0,1.0
6,Bottleneck,Full-Contraction,1.0,975.4213975264695,50,0,1.0
6,Bottleneck,Full-Contraction,1.0,1300.553301012249,67,0,1.0
6,Bottleneck,Full-Contraction,1.0,1318.4140785550544,69,0,1.0
6,Bottleneck,Full-Contraction,1.0,1038.896777844328,59,0,1.0
6,Bottleneck,Full-Contraction,1.0,822.7215412473569,43,0,1.0
6,Bottleneck,Full-Contraction,1.0,1732.079692431881,89,0,1.0
6,Bottleneck,Full-Contraction,1.0,1225.2641736127748,62,0,1.0
6,Bottleneck,Full-Contraction,1.0,941.0636862678425,53,0,1.0
6,Bottleneck,Full-Contraction,1.0,1504.8759570161221,76,0,1.0
6,Bottleneck,Full-Contraction,1.0,1089.0201123800455,63,0,1.0
6,Bottleneck,Full-Contraction,1.0,1402.6084106985647,78,0,1.0
6,Bottleneck,Full-Contraction,1.0,915.0386811213077,48,0,1.0
6,Bottleneck,Full-Contraction,1.0,599.3596001478409,38,0,1.0
6,Bottleneck,Full-Contraction,1.0,818.6517067884396,45,0,1.0
6,Bottleneck,Full-Contraction,1.0,1302.5550708606852,65,0,1.0
6,Bottleneck,Full-Contraction,1.0,1752.9500828785053,87,0,1.0
6,Bottleneck,Full-Contraction,1.0,894.3669958582242,46,0,1.0
6,Bottleneck,Full-Contraction,1.0,809.9688412697183,45,0,1.0
6,Bottleneck,Full-Contraction,1.0,1006.9513304933178,55,0,1.0
6,Bottleneck,Full-Contraction,1.0,1022.0056732302198,56,0,1.0
6,Bottleneck,Full-Contraction,1.0,674.1491746531642,37,0,1.0
6,Bottleneck,Full-Contraction,1.0,1057.2838079753224,57,0,1.0
6,Bottleneck,Full-Contraction,1.0,870.0714808261362,48,0,1.0
6,Bottleneck,Full-Contraction,1.0,1031.0684593165624,52,0,1.0
6,Bottleneck,Full-Contraction,1.0,1511.6526293594652,75,0,1.0
6,Bottleneck,Full-Contraction,1.0,950.9721816060447,52,0,1.0
6,Bottleneck,Full-Contraction,1.0,1303.307583322505,65,0,1.0
6,Bottleneck,Full-Contraction,1.0,1377.8348199959569,73,0,1.0
6,Bottleneck,Full-Contraction,1.0,1300.9623713254155,70,0,1.0
6,Bottleneck,Full-Contraction,1.0,1245.1749844244691,66,0,1.0
6,Bottleneck,Full-Contraction,1.0,1320.1663172001847,71,0,1.0
6,Bottleneck,Full-Contraction,1.0,1216.5851516832847,66,0,1.0
6,Bottleneck,Full-Contraction,1.0,1707.3325468230169,85,0,1.0
6,Bottleneck,Full-Contraction,1.0,1739.409705346899,91,0,1.0
6,Bottleneck,Full-Contraction,1.0,1118.6816970135833,60,0,1.0
6,Bottleneck,Full-Contraction,1.0,1551.733720007073,83,0,1.0
6,Bottleneck,Full-Contraction,1.0,1213.9853843379456,64,0,1.0
6,Bottleneck,Full-Contraction,1.0,1432.2207063443052,75,0,1.0
6,Bottleneck,Full-Contraction,1.0,1132.5532570839966,61,0,1.0
6,Bottleneck,Full-Contraction,1.0,1842.7399943481646,92,0,1.0
6,Bottleneck,Full-Contraction,1.0,623.125444902987,35,0,1.0
6,Bottleneck,Full-Contraction,1.0,1280.734717478744,73,0,1.0
6,Bottleneck,Full-Contraction,1.0,1937.2250270987656,96,0,1.0
6,Bottleneck,Full-Contraction,1.0,833.2482084121159,46,0,1.0
6,Bottleneck,Full-Contraction,1.0,1339.0082500483907,72,0,1.0
6,Bottleneck,Full-Contraction,1.0,931.8945193155209,48,0,1.0
6,Bottleneck,Full-Contraction,1.0,760.7596482552301,39,0,1.0
6,Bottleneck,Full-Contraction,1.0,1340.250050887381,69,0,1.0
6,Bottleneck,Full-Contraction,1.0,1738.4821074393494,90,0,1.0
6,Bottleneck,Full-Contraction,1.0,710.9802888441076,41,0,1.0
6,Bottleneck,Full-Contraction,1.0,638.587487103253,37,0,1.0
6,Bottleneck,Full-Contraction,1.0,1104.9484318595698,58,0,1.0
6,Bottleneck,Full-Contraction,1.0,1120.5136413613927,57,0,1.0
6,Bottleneck,Full-Contraction,1.0,658.9282357095566,38,0,1.0
6,Bottleneck,Full-Contraction,1.0,1010.2829059726519,53,0,1.0
6,Bottleneck,Full-Contraction,1.0,780.4619438297898,40,0,1.0
6,Bottleneck,Full-Contraction,1.0,1011.946713472359,55,0,1.0
6,Bottleneck,Full-Contraction,1.0,1491.4748221860134,78,0,1.0
6,Bottleneck,Full-Contraction,1.0,1092.6382617480592,55,0,1.0
6,Bottleneck,Full-Contraction,1.0,1278.3820391133302,68,0,1.0
6,Bottleneck,Full-Contraction,1.0,1493.6956116117553,75,0,1.0
6,Bottleneck,Full-Contraction,1.0,1334.7071719424077,67,0,1.0
6,Bottleneck,Full-Contraction,1.0,1351.9657344989873,68,0,1.0
6,Bottleneck,Full-Contraction,1.0,1358.5956589416598,68,0,1.0
6,Bottleneck,Full-Contraction,1.0,1263.541136039271,63,0,1.0
6,Bottleneck,Full-Contraction,1.0,1782.1421814636212,89,0,1.0
6,Bottleneck,Full-Contraction,1.0,1863.7496594844677,92,0,1.0
6,Bottleneck,Full-Contraction,1.0,1197.9148376737223,62,0,1.0
6,Bottleneck,Full-Contraction,1.0,1692.6522751480675,86,0,1.0
6,Bottleneck,Full-Contraction,1.0,1253.8104167856952,64,0,1.0
6,Bottleneck,Full-Contraction,1.0,1560.7059019392836,78,0,1.0
6,Bottleneck,Full-Contraction,1.0,1273.1522930681751,64,0,1.0
6,Bottleneck,Full-Contraction,1.0,1882.3813327109835,93,0,1.0
6,Bottleneck,Full-Contraction,1.0,534.3793058943841,37,0,1.0
6,Bottleneck,Full-Contraction,1.0,1422.579368356507,76,0,1.0
6,Bottleneck,Full-Contraction,1.0,1923.205528338158,99,0,1.0
6,Bottleneck,Full-Contraction,1.0,817.0938170192442,42,0,1.0
6,Bottleneck,Full-Contraction,1.0,1382.0897058414057,69,0,1.0
6,Bottleneck,Full-Contraction,1.0,907.469947229162,50,0,1.0
6,Bottleneck,Full-Contraction,1.0,1284.8279795575777,69,0,1.0
6,Bottleneck,Full-Contraction,1.0,1690.9438173207693,91,0,1.0
6,Bottleneck,Full-Contraction,1.0,732.3935099353803,39,0,1.0
6,Bottleneck,Full-Contraction,1.0,853.8056957739474,45,0,1.0
6,Bottleneck,Full-Contraction,1.0,1126.9903741550788,58,0,1.0
6,Bottleneck,Full-Contraction,1.0,1252.820206368932,69,0,1.0
6,Bottleneck,Full-Contraction,1.0,852.1181895517984,49,0,1.0
6,Bottleneck,Full-Contraction,1.0,1369.0602177429619,69,0,1.0
6,Bottleneck,Full-Contraction,1.0,999.9738846980433,55,0,1.0
6,Bottleneck,Full-Contraction,1.0,1210.332865998913,64,0,1.0
6,Bottleneck,Full-Contraction,1.0,1629.932303106367,85,0,1.0
6,Bottleneck,Full-Contraction,1.0,1015.1726657271568,58,0,1.0
6,Bottleneck,Full-Contraction,1.0,1499.078759097198,75,0,1.0
6,Bottleneck,Full-Contraction,1.0,1596.2970192844446,86,0,1.0
6,Bottleneck,Full-Contraction,1.0,1576.8982500074947,82,0,1.0
6,Bottleneck,Full-Contraction,1.0,1472.3630757960238,79,0,1.0
6,Bottleneck,Full-Contraction,1.0,1599.043467344765,83,0,1.0
6,Bottleneck,Full-Contraction,1.0,974.9578489594717,53,0,1.0
6,Bottleneck,Full-Contraction,1.0,1646.7072464758069,92,0,1.0
6,Bottleneck,Full-Contraction,1.0,1981.8299622669285,104,0,1.0
6,Bottleneck,Full-Contraction,1.0,1277.0106693115026,71,0,1.0
6,Bottleneck,Full-Contraction,1.0,1814.9258531557914,91,0,1.0
6,Bottleneck,Full-Contraction,1.0,1479.301554847329,78,0,1.0
6,Bottleneck,Full-Contraction,1.0,1567.3633888096979,84,0,1.0
6,Bottleneck,Full-Contraction,1.0,1227.5983062592802,68,0,1.0
6,Bottleneck,Full-Contraction,1.0,2094.4101080841033,105,0,1.0
6,Bottleneck,Full-Contraction,1.0,753.2808527056544,43,0,1.0
6,Bottleneck,Full-Contraction,1.0,1354.736786284599,76,0,1.0
6,Bottleneck,Full-Contraction,1.0,1898.9309370589551,101,0,1.0
6,Bottleneck,Full-Contraction,1.0,686.1898485377201,36,0,1.0
6,Bottleneck,Full-Contraction,1.0,1093.9164664184264,59,0,1.0
6,Bottleneck,Full-Contraction,1.0,881.37945857159,52,0,1.0
6,Bottleneck,Full-Contraction,1.0,962.5464528942231,53,0,1.0
6,Bottleneck,Full-Contraction,1.0,1423.0976626910974,75,0,1.0
6,Bottleneck,Full-Contraction,1.0,1534.6991385468189,83,0,1.0
6,Bottleneck,Full-Contraction,1.0,979.410737439699,57,0,1.0
6,Bottleneck,Full-Contraction,1.0,1085.3687511793398,55,0,1.0
6,Bottleneck,Full-Contraction,1.0,1193.1993999844713,72,0,1.0
6,Bottleneck,Full-Contraction,1.0,1514.4093018914973,76,0,1.0
6,Bottleneck,Full-Contraction,1.0,1636.6925826749173,82,0,1.0
6,Bottleneck,Full-Contraction,1.0,1027.27302136618,58,0,1.0
6,Bottleneck,Full-Contraction,1.0,767.3363801528798,48,0,1.0
6,Bottleneck,Full-Contraction,1.0,1073.373555866687,55,0,1.0
6,Bottleneck,Full-Contraction,1.0,781.8549047001006,50,0,1.0
6,Bottleneck,Full-Contraction,1.0,929.2602431500334,59,0,1.0
6,Bottleneck,Full-Contraction,1.0,1499.6714285810444,82,0,1.0
6,Bottleneck,Full-Contraction,1.0,830.5721781606569,52,0,1.0
6,Bottleneck,Full-Contraction,1.0,1491.9908297920322,82,0,1.0
6,Bottleneck,Full-Contraction,1.0,1426.1742959462624,81,0,1.0
6,Bottleneck,Full-Contraction,1.0,937.0814852453786,51,0,1.0
6,Bottleneck,Full-Contraction,1.0,1311.0022171317337,77,0,1.0
6,Bottleneck,Full-Contraction,1.0,828.9310222869198,54,0,1.0
6,Bottleneck,Full-Contraction,1.0,998.3338941847571,51,0,1.0
6,Bottleneck,Full-Contraction,1.0,1292.9984716423282,66,0,1.0
6,Bottleneck,Full-Contraction,1.0,815.094031145646,42,0,1.0
6,Bottleneck,Full-Contraction,1.0,883.7311441743077,46,0,1.0
6,Bottleneck,Full-Contraction,1.0,1418.8728212794467,78,0,1.0
6,Bottleneck,Full-Contraction,1.0,1390.4280108729208,70,0,1.0
6,Bottleneck,Full-Contraction,1.0,781.2862526499113,48,0,1.0
6,Bottleneck,Full-Contraction,1.0,1125.990397394497,61,0,1.0
6,Bottleneck,Full-Contraction,1.0,1334.047950911085,74,0,1.0
6,Bottleneck,Full-Contraction,1.0,1490.5602940944218,87,0,1.0
6,Bottleneck,Full-Contraction,1.0,1015.881499159751,59,0,1.0
6,Bottleneck,Full-Contraction,1.0,1759.8864566368507,87,0,1.0
6,Bottleneck,Full-Contraction,1.0,1795.6437754640133,97,0,1.0
6,Bottleneck,Full-Contraction,1.0,1316.5349178737383,66,0,1.0
6,Bottleneck,Full-Contraction,1.0,1153.6694153773767,67,0,1.0
6,Bottleneck,Full-Contraction,1.0,1519.729346770147,87,0,1.0
6,Bottleneck,Full-Contraction,1.0,1741.3553607509539,89,0,1.0
6,Bottleneck,Full-Contraction,1.0,1896.852459911482,97,0,1.0
6,Bottleneck,Full-Contraction,1.0,1336.0248301716406,73,0,1.0
6,Bottleneck,Full-Contraction,1.0,1064.1763711973076,57,0,1.0
6,Bottleneck,Full-Contraction,1.0,1256.3898105166363,66,0,1.0
6,Bottleneck,Full-Contraction,1.0,1169.8496025917777,65,0,1.0
6,Bottleneck,Full-Contraction,1.0,1276.4302584383447,64,0,1.0
6,Bottleneck,Full-Contraction,1.0,1662.4511048060117,94,0,1.0
6,Bottleneck,Full-Contraction,1.0,1174.191511991975,61,0,1.0
6,Bottleneck,Full-Contraction,1.0,1648.84794762159,93,0,1.0
6,Bottleneck,Full-Contraction,1.0,1621.91597585508,90,0,1.0
6,Bottleneck,Full-Contraction,1.0,728.2361782695966,38,0,1.0
6,Bottleneck,Full-Contraction,1.0,1391.349929059925,80,0,1.0
6,Bottleneck,Full-Contraction,1.0,1242.8946670704727,69,0,1.0
6,Bottleneck,Full-Contraction,1.0,883.2141647700506,48,0,1.0
6,Bottleneck,Full-Contraction,1.0,1329.1261735474282,78,0,1.0
6,Bottleneck,Full-Contraction,1.0,717.9001406933016,39,0,1.0
6,Bottleneck,Full-Contraction,1.0,1129.500370514159,60,0,1.0
6,Bottleneck,Full-Contraction,1.0,1530.0576971046548,80,0,1.0
6,Bottleneck,Full-Contraction,1.0,1651.799030462754,85,0,1.0
6,Bottleneck,Full-Contraction,1.0,1037.089119161013,55,0,1.0
6,Bottleneck,Full-Contraction,1.0,893.2365007807547,46,0,1.0
6,Bottleneck,Full-Contraction,1.0,1552.3265968435728,86,0,1.0
6,Bottleneck,Full-Contraction,1.0,1907.830026755415,94,0,1.0
6,Bottleneck,Full-Contraction,1.0,1257.2411516995005,72,0,1.0
6,Bottleneck,Full-Contraction,1.0,717.982264629343,38,0,1.0
6,Bottleneck,Full-Contraction,1.0,1045.3382378902834,60,0,1.0
6,Bottleneck,Full-Contraction,1.0,1317.324365096387,67,0,1.0
6,Bottleneck,Full-Contraction,1.0,862.8212386125915,45,0,1.0
6,Bottleneck,Full-Contraction,1.0,1261.3849721965823,64,0,1.0
6,Bottleneck,Full-Contraction,1.0,800.4068332809129,48,0,1.0
6,Bottleneck,Full-Contraction,1.0,1231.2348180779145,62,0,1.0
6,Bottleneck,Full-Contraction,1.0,1710.88589291021,85,0,1.0
6,Bottleneck,Full-Contraction,1.0,1164.7433029223803,59,0,1.0
6,Bottleneck,Full-Contraction,1.0,1513.0932920184575,75,0,1.0
6,Bottleneck,Full-Contraction,1.0,1678.4252765828894,84,0,1.0
6,Bottleneck,Full-Contraction,1.0,1451.0508465423268,77,0,1.0
6,Bottleneck,Full-Contraction,1.0,1532.0751051646257,77,0,1.0
6,Bottleneck,Full-Contraction,1.0,1485.3020242426066,78,0,1.0
6,Bottleneck,Full-Contraction,1.0,1128.996547933021,57,0,1.0
6,Bottleneck,Full-Contraction,1.0,1838.15216617099,93,0,1.0
6,Bottleneck,Full-Contraction,1.0,1980.7394422233249,102,0,1.0
6,Bottleneck,Full-Contraction,1.0,1308.178918850868,70,0,1.0
6,Bottleneck,Full-Contraction,1.0,1804.7613419266343,92,0,1.0
6,Bottleneck,Full-Contraction,1.0,1471.6947714556093,74,0,1.0
6,Bottleneck,Full-Contraction,1.0,1684.3026160984236,84,0,1.0
6,Bottleneck,Full-Contraction,1.0,1373.5198014542755,69,0,1.0
6,Bottleneck,Full-Contraction,1.0,2081.8414144624744,103,0,1.0
6,Bottleneck,Full-Contraction,1.0,650.2811835790429,38,0,1.0
6,Bottleneck,Full-Contraction,1.0,1504.0146348891271,79,0,1.0
6,Bottleneck,Full-Contraction,1.0,2094.492032777527,103,0,1.0
6,Bottleneck,Full-Contraction,1.0,670.6120716981297,37,0,1.0
6,Bottleneck,Full-Contraction,1.0,1244.7024257517471,63,0,1.0
6,Bottleneck,Full-Contraction,1.0,1024.2313513350023,52,0,1.0
6,Bottleneck,Full-Contraction,1.0,1302.7581232954308,67,0,1.0
6,Bottleneck,Full-Contraction,1.0,1416.1361378189122,71,0,1.0
6,Bottleneck,Full-Contraction,1.0,1002.4173832003046,51,0,1.0
6,Bottleneck,Full-Contraction,1.0,1240.6382971743512,64,0,1.0
6,Bottleneck,Full-Contraction,1.0,832.7225315078667,45,0,1.0
6,Bottleneck,Full-Contraction,1.0,1364.8480714293119,68,0,1.0
6,Bottleneck,Full-Contraction,1.0,1806.2218733492896,91,0,1.0
6,Bottleneck,Full-Contraction,1.0,1327.4946505228177,66,0,1.0
6,Bottleneck,Full-Contraction,1.0,1641.3434137680715,82,0,1.0
6,Bottleneck,Full-Contraction,1.0,1792.0010411442308,89,0,1.0
6,Bottleneck,Full-Contraction,1.0,1523.5172086690304,78,0,1.0
6,Bottleneck,Full-Contraction,1.0,1650.284698146077,82,0,1.0
6,Bottleneck,Full-Contraction,1.0,1552.1153876878934,80,0,1.0
6,Bottleneck,Full-Contraction,1.0,1119.2027538391335,59,0,1.0
6,Bottleneck,Full-Contraction,1.0,1946.2728244000407,100,0,1.0
6,Bottleneck,Full-Contraction,1.0,2106.5650491672154,106,0,1.0
6,Bottleneck,Full-Contraction,1.0,1446.311091200901,76,0,1.0
6,Bottleneck,Full-Contraction,1.0,1947.7998440942852,99,0,1.0
6,Bottleneck,Full-Contraction,1.0,1545.6115070127594,77,0,1.0
6,Bottleneck,Full-Contraction,1.0,1836.1397925259735,91,0,1.0
6,Bottleneck,Full-Contraction,1.0,1531.6295796272225,76,0,1.0
6,Bottleneck,Full-Contraction,1.0,2159.011360995275,107,0,1.0
6,Bottleneck,Full-Contraction,1.0,846.6789242665016,45,0,1.0
6,Bottleneck,Full-Contraction,1.0,1666.1088803239386,86,0,1.0
6,Bottleneck,Full-Contraction,1.0,2201.159797571322,110,0,1.0
6,Bottleneck,Full-Contraction,1.0,810.7492491874848,42,0,1.0
6,Bottleneck,Full-Contraction,1.0,1203.136776048643,65,0,1.0
6,Bottleneck,Full-Contraction,1.0,1132.0426151217544,59,0,1.0
6,Bottleneck,Full-Contraction,1.0,1302.3158495319508,65,0,1.0
6,Bottleneck,Full-Contraction,1.0,1238.3974568962192,62,0,1.0
6,Bottleneck,Full-Contraction,1.0,1526.6627907248235,78,0,1.0
6,Bottleneck,Full-Contraction,1.0,1473.6626969359256,73,0,1.0
6,Bottleneck,Full-Contraction,1.0,1095.722636773345,61,0,1.0
6,Bottleneck,Full-Contraction,1.0,1203.73696979295,67,0,1.0
6,Bottleneck,Full-Contraction,1.0,633.4545352976897,33,0,1.0
6,Bottleneck,Full-Contraction,1.0,1083.4034184216407,57,0,1.0
6,Bottleneck,Full-Contraction,1.0,1330.0104907601885,75,0,1.0
6,Bottleneck,Full-Contraction,1.0,1772.8011955349757,88,0,1.0
6,Bottleneck,Full-Contraction,1.0,1157.8167964945083,68,0,1.0
6,Bottleneck,Full-Contraction,1.0,1778.8352331001538,88,0,1.0
6,Bottleneck,Full-Contraction,1.0,1065.0932883271655,54,0,1.0
6,Bottleneck,Full-Contraction,1.0,1156.1139549454008,64,0,1.0
6,Bottleneck,Full-Contraction,1.0,1811.981293629358,94,0,1.0
6,Bottleneck,Full-Contraction,1.0,1012.8913561082775,56,0,1.0
6,Bottleneck,Full-Contraction,1.0,1407.482284328884,70,0,1.0
6,Bottleneck,Full-Contraction,1.0,1454.0763358571871,75,0,1.0
6,Bottleneck,Full-Contraction,1.0,1218.6592318514383,61,0,1.0
6,Bottleneck,Full-Contraction,1.0,840.4807058355485,45,0,1.0
6,Bottleneck,Full-Contraction,1.0,1825.5729077459266,95,0,1.0
6,Bottleneck,Full-Contraction,1.0,1162.9105778823023,60,0,1.0
6,Bottleneck,Full-Contraction,1.0,925.1678964483408,47,0,1.0
6,Bottleneck,Full-Contraction,1.0,1447.5246894426475,72,0,1.0
6,Bottleneck,Full-Contraction,1.0,982.0226828538662,50,0,1.0
6,Bottleneck,Full-Contraction,1.0,1178.12647415616,59,0,1.0
6,Bottleneck,Full-Contraction,1.0,831.4298851896974,44,0,1.0
6,Bottleneck,Full-Contraction,1.0,839.4761048337432,51,0,1.0
6,Bottleneck,Full-Contraction,1.0,983.520514967795,51,0,1.0
6,Bottleneck,Full-Contraction,1.0,1158.352637752333,58,0,1.0
6,Bottleneck,Full-Contraction,1.0,568.7579603099026,35,0,1.0
6,Bottleneck,Full-Contraction,1.0,984.7407076501808,55,0,1.0
6,Bottleneck,Full-Contraction,1.0,1074.1554623147038,60,0,1.0
6,Bottleneck,Full-Contraction,1.0,711.3832337319291,44,0,1.0
6,Bottleneck,Full-Contraction,1.0,970.836455135385,49,0,1.0
6,Bottleneck,Full-Contraction,1.0,1053.818707768448,58,0,1.0
6,Bottleneck,Full-Contraction,1.0,821.7352338223654,42,0,1.0
6,Bottleneck,Full-Contraction,1.0,1053.7615321072462,58,0,1.0
6,Bottleneck,Full-Contraction,1.0,1674.1599686302354,83,0,1.0
6,Bottleneck,Full-Contraction,1.0,1383.587384228792,73,0,1.0
6,Bottleneck,Full-Contraction,1.0,1223.1689518043927,68,0,1.0
6,Bottleneck,Full-Contraction,1.0,717.8324668490518,40,0,1.0
6,Bottleneck,Full-Contraction,1.0,1150.2516139278523,64,0,1.0
6,Bottleneck,Full-Contraction,1.0,866.2640967725854,44,0,1.0
6,Bottleneck,Full-Contraction,1.0,1089.402664152345,59,0,1.0
6,Bottleneck,Full-Contraction,1.0,882.4585659275021,51,0,1.0
6,Bottleneck,Full-Contraction,1.0,1237.3354790999986,68,0,1.0
6,Bottleneck,Full-Contraction,1.0,957.266538677969,51,0,1.0
6,Bottleneck,Full-Contraction,1.0,1106.3071098816574,64,0,1.0
6,Bottleneck,Full-Contraction,1.0,1510.4980081313151,80,0,1.0
6,Bottleneck,Full-Contraction,1.0,1220.7889570474983,67,0,1.0
6,Bottleneck,Full-Contraction,1.0,1707.9805695422247,89,0,1.0
6,Bottleneck,Full-Contraction,1.0,914.0541609914548,51,0,1.0
6,Bottleneck,Full-Contraction,1.0,975.4995514179188,50,0,1.0
6,Bottleneck,Full-Contraction,1.0,708.2568940796596,44,0,1.0
6,Bottleneck,Full-Contraction,1.0,1010.5339821267794,51,0,1.0
6,Bottleneck,Full-Contraction,1.0,1480.4460728884646,74,0,1.0
6,Bottleneck,Full-Contraction,1.0,1098.5129540123626,57,0,1.0
6,Bottleneck,Full-Contraction,1.0,1256.7014864070723,63,0,1.0
6,Bottleneck,Full-Contraction,1.0,1299.833784763321,68,0,1.0
6,Bottleneck,Full-Contraction,1.0,1192.933593415085,62,0,1.0
6,Bottleneck,Full-Contraction,1.0,1167.7955210329826,61,0,1.0
6,Bottleneck,Full-Contraction,1.0,1212.0604834031383,63,0,1.0
6,Bottleneck,Full-Contraction,1.0,1427.082002003841,73,0,1.0
6,Bottleneck,Full-Contraction,1.0,1620.6044211020549,87,0,1.0
6,Bottleneck,Full-Contraction,1.0,1637.3475417960576,85,0,1.0
6,Bottleneck,Full-Contraction,1.0,1111.3600890181272,57,0,1.0
6,Bottleneck,Full-Contraction,1.0,1564.9031117407935,82,0,1.0
6,Bottleneck,Full-Contraction,1.0,1122.9281434135173,57,0,1.0
6,Bottleneck,Full-Contraction,1.0,1462.9054679491967,73,0,1.0
6,Bottleneck,Full-Contraction,1.0,1051.0136084310307,61,0,1.0
6,Bottleneck,Full-Contraction,1.0,1728.0584293313098,86,0,1.0
6,Bottleneck,Full-Contraction,1.0,802.8725055882308,41,0,1.0
6,Bottleneck,Full-Contraction,1.0,1327.0504005234973,75,0,1.0
6,Bottleneck,Full-Contraction,1.0,1952.1215635185235,97,0,1.0
6,Bottleneck,Full-Contraction,1.0,994.4213392765917,53,0,1.0
6,Bottleneck,Full-Contraction,1.0,1549.387569601215,79,0,1.0
6,Bottleneck,Full-Contraction,1.0,801.148712951207,52,0,1.0
6,Bottleneck,Full-Contraction,1.0,877.0186413836245,48,0,1.0
6,Bottleneck,Full-Contraction,1.0,1258.0718598287451,64,0,1.0
6,Bottleneck,Full-Contraction,1.0,1695.911846385753,85,0,1.0
6,Bottleneck,Full-Contraction,1.0,1378.3448584232665,73,0,1.0
6,Bottleneck,Full-Contraction,1.0,1317.935608610381,74,0,1.0
6,Bottleneck,Full-Contraction,1.0,1472.007817041022,74,0,1.0
6,Bottleneck,Full-Contraction,1.0,1176.7058876899534,60,0,1.0
6,Bottleneck,Full-Contraction,1.0,1343.1461458530107,67,0,1.0
6,Bottleneck,Full-Contraction,1.0,1133.8185494594345,60,0,1.0
6,Bottleneck,Full-Contraction,1.0,1671.6931381476966,87,0,1.0
6,Bottleneck,Full-Contraction,1.0,2035.7480699681655,102,0,1.0
6,Bottleneck,Full-Contraction,1.0,1723.8544002353924,88,0,1.0
6,Bottleneck,Full-Contraction,1.0,1367.367225078152,69,0,1.0
6,Bottleneck,Full-Contraction,1.0,1743.7628974429376,94,0,1.0
6,Bottleneck,Full-Contraction,1.0,1137.623166474592,64,0,1.0
6,Bottleneck,Full-Contraction,1.0,1744.1979713560322,88,0,1.0
6,Bottleneck,Full-Contraction,1.0,1487.4967251468775,74,0,1.0
6,Bottleneck,Full-Contraction,1.0,1624.1498897879026,89,0,1.0
6,Bottleneck,Full-Contraction,1.0,1142.4297103611357,58,0,1.0
6,Bottleneck,Full-Contraction,1.0,1663.4841446313737,91,0,1.0
6,Bottleneck,Full-Contraction,1.0,2212.9343401234973,110,0,1.0
6,Bottleneck,Full-Contraction,1.0,1124.4958664539242,65,0,1.0
6,Bottleneck,Full-Contraction,1.0,1625.2265306881504,92,0,1.0
6,Bottleneck,Full-Contraction,1.0,1109.7045710876187,68,0,1.0
6,Bottleneck,Full-Contraction,1.0,1217.0135484781233,65,0,1.0
6,Bottleneck,Full-Contraction,1.0,1691.9922907146138,88,0,1.0
6,Bottleneck,Full-Contraction,1.0,1312.977345925196,66,0,1.0
6,Bottleneck,Full-Contraction,1.0,1470.8980049590386,78,0,1.0
6,Bottleneck,Full-Contraction,1.0,1633.9749623035914,82,0,1.0
6,Bottleneck,Full-Contraction,1.0,1362.1511530466046,69,0,1.0
6,Bottleneck,Full-Contraction,1.0,1500.3989885117721,75,0,1.0
6,Bottleneck,Full-Contraction,1.0,1390.9785705198744,71,0,1.0
6,Bottleneck,Full-Contraction,1.0,1281.7841605137396,71,0,1.0
6,Bottleneck,Full-Contraction,1.0,1861.6827298906746,99,0,1.0
6,Bottleneck,Full-Contraction,1.0,1838.4848849660452,98,0,1.0
6,Bottleneck,Full-Contraction,1.0,1312.8153036541394,71,0,1.0
6,Bottleneck,Full-Contraction,1.0,1841.648056730857,96,0,1.0
6,Bottleneck,Full-Contraction,1.0,1332.8110436362572,71,0,1.0
6,Bottleneck,Full-Contraction,1.0,1756.9133235047602,88,0,1.0
6,Bottleneck,Full-Contraction,1.0,1482.9345655708257,74,0,1.0
6,Bottleneck,Full-Contraction,1.0,1917.9787736246872,99,0,1.0
6,Bottleneck,Full-Contraction,1.0,866.5964296633338,49,0,1.0
6,Bottleneck,Full-Contraction,1.0,1638.3563681328533,87,0,1.0
6,Bottleneck,Full-Contraction,1.0,2086.006485879275,110,0,1.0
6,Bottleneck,Full-Contraction,1.0,915.3901319692246,51,0,1.0
6,Bottleneck,Full-Contraction,1.0,1394.980593177876,77,0,1.0
6,Bottleneck,Full-Contraction,1.0,1138.6544318640526,62,0,1.0
6,Bottleneck,Full-Contraction,1.0,1111.463370457947,56,0,1.0
6,Bottleneck,Full-Contraction,1.0,1084.1175385896302,61,0,1.0
6,Bottleneck,Full-Contraction,1.0,877.5007545696644,45,0,1.0
6,Bottleneck,Full-Contraction,1.0,908.8890120599494,51,0,1.0
6,Bottleneck,Full-Contraction,1.0,1144.044016346799,59,0,1.0
6,Bottleneck,Full-Contraction,1.0,775.4442677994318,44,0,1.0
6,Bottleneck,Full-Contraction,1.0,1144.4015205274636,59,0,1.0
6,Bottleneck,Full-Contraction,1.0,1659.4915624877945,84,0,1.0
6,Bottleneck,Full-Contraction,1.0,1468.1804105320098,74,0,1.0
6,Bottleneck,Full-Contraction,1.0,1260.517756732815,69,0,1.0
6,Bottleneck,Full-Contraction,1.0,796.8676180184937,41,0,1.0
6,Bottleneck,Full-Contraction,1.0,1274.2159116617765,66,0,1.0
6,Bottleneck,Full-Contraction,1.0,807.9155671204342,46,0,1.0
6,Bottleneck,Full-Contraction,1.0,1034.9671535144944,60,0,1.0
6,Bottleneck,Full-Contraction,1.0,895.3977981262885,52,0,1.0
6,Bottleneck,Full-Contraction,1.0,1368.9126517036245,70,0,1.0
6,Bottleneck,Full-Contraction,1.0,945.7039098230589,51,0,1.0
6,Bottleneck,Full-Contraction,1.0,1280.1329567260698,65,0,1.0
6,Bottleneck,Full-Contraction,1.0,1463.9768435873686,82,0,1.0
6,Bottleneck,Full-Contraction,1.0,1206.9537053125428,68,0,1.0
6,Bottleneck,Full-Contraction,1.0,1783.7733094977639,90,0,1.0
6,Bottleneck,Full-Contraction,1.0,989.6249730890828,51,0,1.0
6,Bottleneck,Full-Contraction,1.0,1364.14010616924,69,0,1.0
6,Bottleneck,Full-Contraction,1.0,1005.9970014131975,51,0,1.0
6,Bottleneck,Full-Contraction,1.0,623.0178727749254,43,0,1.0
6,Bottleneck,Full-Contraction,1.0,1394.392334918401,70,0,1.0
6,Bottleneck,Full-Contraction,1.0,959.9825173681704,50,0,1.0
6,Bottleneck,Full-Contraction,1.0,1374.8266524443945,69,0,1.0
6,Bottleneck,Full-Contraction,1.0,1727.550681744932,96,0,1.0
6,Bottleneck,Full-Contraction,1.0,1110.034692005499,57,0,1.0
6,Bottleneck,Full-Contraction,1.0,942.0346019267381,56,0,1.0
6,Bottleneck,Full-Contraction,1.0,883.4036233138447,54,0,1.0
6,Bottleneck,Full-Contraction,1.0,776.7106686182565,43,0,1.0
6,Bottleneck,Full-Contraction,1.0,1070.8319865395338,54,0,1.0
6,Bottleneck,Full-Contraction,1.0,729.3648710361324,45,0,1.0
6,Bottleneck,Full-Contraction,1.0,1093.61875960631,55,0,1.0
6,Bottleneck,Full-Contraction,1.0,1013.6911003541213,56,0,1.0
6,Bottleneck,Full-Contraction,1.0,1438.9777062479006,72,0,1.0
6,Bottleneck,Full-Contraction,1.0,1264.4574977433233,64,0,1.0
6,Bottleneck,Full-Contraction,1.0,1061.6043966095237,59,0,1.0
6,Bottleneck,Full-Contraction,1.0,1560.3072579246473,85,0,1.0
6,Bottleneck,Full-Contraction,1.0,2054.9615999968582,101,0,1.0
6,Bottleneck,Full-Contraction,1.0,1302.5910524567898,69,0,1.0
6,Bottleneck,Full-Contraction,1.0,1105.6984340949025,56,0,1.0
6,Bottleneck,Full-Contraction,1.0,1307.012304651325,74,0,1.0
6,Bottleneck,Full-Contraction,1.0,1765.807914016508,88,0,1.0
6,Bottleneck,Full-Contraction,1.0,1186.6037167520271,67,0,1.0
6,Bottleneck,Full-Contraction,1.0,1770.9435820218619,88,0,1.0
6,Bottleneck,Full-Contraction,1.0,1068.7998062984527,57,0,1.0
6,Bottleneck,Full-Contraction,1.0,1105.9440968701495,63,0,1.0
6,Bottleneck,Full-Contraction,1.0,1747.1806299994455,93,0,1.0
6,Bottleneck,Full-Contraction,1.0,1012.028480471854,55,0,1.0
6,Bottleneck,Full-Contraction,1.0,1381.654803211835,70,0,1.0
6,Bottleneck,Full-Contraction,1.0,1451.1280873055475,75,0,1.0
6,Bottleneck,Full-Contraction,1.0,1015.4940583427742,60,0,1.0
6,Bottleneck,Full-Contraction,1.0,704.3018274915696,44,0,1.0
6,Bottleneck,Full-Contraction,1.0,1849.3811963881885,94,0,1.0
6,Bottleneck,Full-Contraction,1.0,1063.9542779756844,61,0,1.0
6,Bottleneck,Full-Contraction,1.0,913.2665908256647,46,0,1.0
6,Bottleneck,Full-Contraction,1.0,1384.9376537651049,72,0,1.0
6,Bottleneck,Full-Contraction,1.0,977.0776807041274,52,0,1.0
6,Bottleneck,Full-Contraction,1.0,1181.8897489531992,62,0,1.0
6,Bottleneck,Full-Contraction,1.0,865.4341837280168,44,0,1.0
6,Bottleneck,Full-Contraction,1.0,721.1744624642772,49,0,1.0
6,Bottleneck,Full-Contraction,1.0,1159.0392764707422,67,0,1.0
6,Bottleneck,Full-Contraction,1.0,750.0574381178897,41,0,1.0
6,Bottleneck,Full-Contraction,1.0,1322.613355006343,67,0,1.0
6,Bottleneck,Full-Contraction,1.0,1592.0626132752536,88,0,1.0
6,Bottleneck,Full-Contraction,1.0,1347.6154628396682,68,0,1.0
6,Bottleneck,Full-Contraction,1.0,1244.8481559218596,68,0,1.0
6,Bottleneck,Full-Contraction,1.0,831.1620510328726,43,0,1.0
6,Bottleneck,Full-Contraction,1.0,1021.5365256703458,58,0,1.0
6,Bottleneck,Full-Contraction,1.0,985.5776458085676,50,0,1.0
6,Bottleneck,Full-Contraction,1.0,885.2967637290294,54,0,1.0
6,Bottleneck,Full-Contraction,1.0,883.314226893026,49,0,1.0
6,Bottleneck,Full-Contraction,1.0,1267.2592226353904,68,0,1.0
6,Bottleneck,Full-Contraction,1.0,1037.8099736368072,61,0,1.0
6,Bottleneck,Full-Contraction,1.0,1166.0492062416072,59,0,1.0
6,Bottleneck,Full-Contraction,1.0,1293.972539186153,74,0,1.0
6,Bottleneck,Full-Contraction,1.0,1278.0770683194294,75,0,1.0
6,Bottleneck,Full-Contraction,1.0,1897.0099243978639,94,0,1.0
6,Bottleneck,Full-Contraction,1.0,1158.9620410237048,59,0,1.0
6,Bottleneck,Full-Contraction,1.0,1085.2088669169684,62,0,1.0
6,Bottleneck,Full-Contraction,1.0,831.7061412695052,50,0,1.0
6,Bottleneck,Full-Contraction,1.0,1208.235134365886,61,0,1.0
6,Bottleneck,Full-Contraction,1.0,1843.1451640551795,100,0,1.0
6,Bottleneck,Full-Contraction,1.0,1257.9686693613176,72,0,1.0
6,Bottleneck,Full-Contraction,1.0,1016.9770046422391,55,0,1.0
6,Bottleneck,Full-Contraction,1.0,980.1474610395342,50,0,1.0
6,Bottleneck,Full-Contraction,1.0,1023.0228122388363,59,0,1.0
6,Bottleneck,Full-Contraction,1.0,751.2611896360756,46,0,1.0
6,Bottleneck,Full-Contraction,1.0,979.7204161320716,59,0,1.0
6,Bottleneck,Full-Contraction,1.0,1128.478448643966,60,0,1.0
6,Bottleneck,Full-Contraction,1.0,937.6778816463891,56,0,1.0
6,Bottleneck,Full-Contraction,1.0,1275.4227848010344,70,0,1.0
6,Bottleneck,Full-Contraction,1.0,1410.8870321900133,71,0,1.0
6,Bottleneck,Full-Contraction,1.0,1422.845544332703,75,0,1.0
6,Bottleneck,Full-Contraction,1.0,1538.3914923903876,87,0,1.0
6,Bottleneck,Full-Contraction,1.0,2149.3831929514463,106,0,1.0
6,Bottleneck,Full-Contraction,1.0,1396.0989965884005,70,0,1.0
6,Bottleneck,Full-Contraction,1.0,969.2556768900105,56,0,1.0
6,Bottleneck,Full-Contraction,1.0,823.0425518343754,43,0,1.0
6,Bottleneck,Full-Contraction,1.0,2171.508124629201,108,0,1.0
6,Bottleneck,Full-Contraction,1.0,1893.7406473447015,95,0,1.0
6,Bottleneck,Full-Contraction,1.0,1146.3678296313099,58,0,1.0
6,Bottleneck,Full-Contraction,1.0,1057.3171877473574,63,0,1.0
6,Bottleneck,Full-Contraction,1.0,1637.0435905123431,82,0,1.0
6,Bottleneck,Full-Contraction,1.0,861.6291127202051,45,0,1.0
6,Bottleneck,Full-Contraction,1.0,1437.2940237666912,81,0,1.0
6,Bottleneck,Full-Contraction,1.0,1340.919053395195,77,0,1.0
6,Bottleneck,Full-Contraction,1.0,1000.1650577795058,59,0,1.0
6,Bottleneck,Full-Contraction,1.0,1433.5559825741238,75,0,1.0
6,Bottleneck,Full-Contraction,1.0,1715.3429902528396,87,0,1.0
6,Bottleneck,Full-Contraction,1.0,1685.2558652112004,98,0,1.0
6,Bottleneck,Full-Contraction,1.0,1707.8552752765104,89,0,1.0
6,Bottleneck,Full-Contraction,1.0,2295.798687818282,114,0,1.0
6,Bottleneck,Full-Contraction,1.0,1508.9789184003394,76,0,1.0
6,Bottleneck,Full-Contraction,1.0,1215.7019233782767,61,0,1.0
6,Bottleneck,Full-Contraction,1.0,1847.3087466049683,91,0,1.0
6,Bottleneck,Full-Contraction,1.0,1457.9740838467105,73,0,1.0
6,Bottleneck,Full-Contraction,1.0,1242.3630307482676,64,0,1.0
6,Bottleneck,Full-Contraction,1.0,797.0110306909853,41,0,1.0
6,Bottleneck,Full-Contraction,1.0,1006.8767702595878,61,0,1.0
6,Bottleneck,Full-Contraction,1.0,737.4726943451728,45,0,1.0
6,Bottleneck,Full-Contraction,1.0,1026.4025270422947,59,0,1.0
6,Bottleneck,Full-Contraction,1.0,940.0550180407541,55,0,1.0
6,Bottleneck,Full-Contraction,1.0,1255.4751444075446,65,0,1.0
6,Bottleneck,Full-Contraction,1.0,1179.2571898746814,60,0,1.0
6,Bottleneck,Full-Contraction,1.0,1266.418391598902,64,0,1.0
6,Bottleneck,Full-Contraction,1.0,1528.5578500839165,78,0,1.0
6,Bottleneck,Full-Contraction,1.0,1359.0200853614167,77,0,1.0
6,Bottleneck,Full-Contraction,1.0,1828.5930831131272,97,0,1.0
6,Bottleneck,Full-Contraction,1.0,1059.5988170351193,60,0,1.0
6,Bottleneck,Full-Contraction,1.0,2185.0109001300098,108,0,1.0
6,Bottleneck,Full-Contraction,1.0,1727.2328319136382,93,0,1.0
6,Bottleneck,Full-Contraction,1.0,1123.273267371432,57,0,1.0
6,Bottleneck,Full-Contraction,1.0,953.2512290923224,61,0,1.0
6,Bottleneck,Full-Contraction,1.0,1422.062920369623,80,0,1.0
6,Bottleneck,Full-Contraction,1.0,799.3362859829018,43,0,1.0
6,Bottleneck,Full-Contraction,1.0,1447.0520488107618,80,0,1.0
6,Bottleneck,Full-Contraction,1.0,1320.7043811543663,76,0,1.0
6,Bottleneck,Full-Contraction,1.0,1149.2943627893405,59,0,1.0
6,Bottleneck,Full-Contraction,1.0,1412.5517483753435,75,0,1.0
6,Bottleneck,Full-Contraction,1.0,1684.9153875031488,85,0,1.0
6,Bottleneck,Full-Contraction,1.0,1684.8106549318998,96,0,1.0
6,Bottleneck,Full-Contraction,1.0,1693.740059214173,90,0,1.0
6,Bottleneck,Full-Contraction,1.0,2309.4612226248914,114,0,1.0
6,Bottleneck,Full-Contraction,1.0,1488.1062617700086,75,0,1.0
6,Bottleneck,Full-Contraction,1.0,1562.5170791635194,89,0,1.0
6,Bottleneck,Full-Contraction,1.0,2290.558017259906,119,0,1.0
6,Bottleneck,Full-Contraction,1.0,1449.1154178851375,81,0,1.0
6,Bottleneck,Full-Contraction,1.0,1942.8572971703475,97,0,1.0
6,Bottleneck,Full-Contraction,1.0,1841.8209327826878,96,0,1.0
6,Bottleneck,Full-Contraction,1.0,1579.4092574877268,88,0,1.0
6,Bottleneck,Full-Contraction,1.0,1225.0181487830748,71,0,1.0
6,Bottleneck,Full-Contraction,1.0,2235.6833308348896,119,0,1.0
6,Bottleneck,Full-Contraction,1.0,1305.5241033163716,68,0,1.0
6,Bottleneck,Full-Contraction,1.0,1451.9357010054464,73,0,1.0
6,Bottleneck,Full-Contraction,1.0,1743.5924551989333,96,0,1.0
6,Bottleneck,Full-Contraction,1.0,1154.9929304536586,59,0,1.0
6,Bottleneck,Full-Contraction,1.0,743.0907855385533,41,0,1.0
6,Bottleneck,Full-Contraction,1.0,1129.9232873559922,66,0,1.0
6,Bottleneck,Full-Contraction,1.0,1375.8275661500525,78,0,1.0
6,Bottleneck,Full-Contraction,1.0,1389.6192856294228,70,0,1.0
6,Bottleneck,Full-Contraction,1.0,797.6174528368413,45,0,1.0
6,Bottleneck,Full-Contraction,1.0,1558.0596586564232,78,0,1.0
6,Bottleneck,Full-Contraction,1.0,785.1852072361501,41,0,1.0
6,Bottleneck,Full-Contraction,1.0,954.0313014581221,62,0,1.0
6,Bottleneck,Full-Contraction,1.0,1554.7653593491054,78,0,1.0
6,Bottleneck,Full-Contraction,1.0,1658.8432670709767,86,0,1.0
6,Bottleneck,Full-Contraction,1.0,1121.669234258321,57,0,1.0
6,Bottleneck,Full-Contraction,1.0,764.1074224042405,40,0,1.0
6,Bottleneck,Full-Contraction,1.0,1577.435772897127,88,0,1.0
6,Bottleneck,Full-Contraction,1.0,1922.609556305741,96,0,1.0
6,Bottleneck,Full-Contraction,1.0,1283.7846343717877,74,0,1.0
6,Bottleneck,Full-Contraction,1.0,1173.1367110773742,66,0,1.0
6,Bottleneck,Full-Contraction,1.0,1384.2938355097904,71,0,1.0
6,Bottleneck,Full-Contraction,1.0,910.7272834875571,53,0,1.0
6,Bottleneck,Full-Contraction,1.0,1390.9174348954632,74,0,1.0
6,Bottleneck,Full-Contraction,1.0,1550.0190360580782,79,0,1.0
6,Bottleneck,Full-Contraction,1.0,764.9623223078288,39,0,1.0
6,Bottleneck,Full-Contraction,1.0,1764.450668907471,89,0,1.0
6,Bottleneck,Full-Contraction,1.0,1836.9695861767514,91,0,1.0
6,Bottleneck,Full-Contraction,1.0,1550.7441538481503,81,0,1.0
6,Bottleneck,Full-Contraction,1.0,2040.8134958298824,106,0,1.0
6,Bottleneck,Full-Contraction,1.0,2578.378711190075,126,0,1.0
6,Bottleneck,Full-Contraction,1.0,1654.6251012415787,89,0,1.0
6,Bottleneck,Full-Contraction,1.0,1010.2988991438898,61,0,1.0
6,Bottleneck,Full-Contraction,1.0,958.7615074752682,50,0,1.0
6,Bottleneck,Full-Contraction,1.0,941.5231957090654,56,0,1.0
6,Bottleneck,Full-Contraction,1.0,906.213267738985,50,0,1.0
6,Bottleneck,Full-Contraction,1.0,1280.9189285300454,70,0,1.0
6,Bottleneck,Full-Contraction,1.0,1148.6460835068538,58,0,1.0
6,Bottleneck,Full-Contraction,1.0,1161.7026052161932,61,0,1.0
6,Bottleneck,Full-Contraction,1.0,1462.3899938225532,77,0,1.0
6,Bottleneck,Full-Contraction,1.0,1223.325143666423,73,0,1.0
6,Bottleneck,Full-Contraction,1.0,1872.5275816871258,93,0,1.0
6,Bottleneck,Full-Contraction,1.0,1118.6848834256389,57,0,1.0
6,Bottleneck,Full-Contraction,1.0,1424.726469896132,75,0,1.0
6,Bottleneck,Full-Contraction,1.0,858.5399410139404,45,0,1.0
6,Bottleneck,Full-Contraction,1.0,1304.8957738638132,65,0,1.0
6,Bottleneck,Full-Contraction,1.0,1437.7278212634083,72,0,1.0
6,Bottleneck,Full-Contraction,1.0,1772.8289470243476,88,0,1.0
6,Bottleneck,Full-Contraction,1.0,1289.1893748797966,65,0,1.0
6,Bottleneck,Full-Contraction,1.0,722.2323569140264,44,0,1.0
6,Bottleneck,Full-Contraction,1.0,1702.8550634640706,94,0,1.0
6,Bottleneck,Full-Contraction,1.0,1989.8775850028367,104,0,1.0
6,Bottleneck,Full-Contraction,1.0,1550.76070540197,79,0,1.0
6,Bottleneck,Full-Contraction,1.0,1111.8291994348472,65,0,1.0
6,Bottleneck,Full-Contraction,1.0,1051.7061675424147,62,0,1.0
6,Bottleneck,Full-Contraction,1.0,989.4915025099651,52,0,1.0
6,Bottleneck,Full-Contraction,1.0,1251.833107639031,64,0,1.0
6,Bottleneck,Full-Contraction,1.0,1401.3782851773542,71,0,1.0
6,Bottleneck,Full-Contraction,1.0,1588.2148152247225,82,0,1.0
6,Bottleneck,Full-Contraction,1.0,1451.74776005295,80,0,1.0
6,Bottleneck,Full-Contraction,1.0,2068.764452204387,103,0,1.0
6,Bottleneck,Full-Contraction,1.0,1264.8322108005996,64,0,1.0
6,Bottleneck,Full-Contraction,1.0,1019.11047347511,52,0,1.0
6,Bottleneck,Full-Contraction,1.0,1357.7214018415953,72,0,1.0
6,Bottleneck,Full-Contraction,1.0,1514.1353208811533,76,0,1.0
6,Bottleneck,Full-Contraction,1.0,1013.2174359277476,52,0,1.0
6,Bottleneck,Full-Contraction,1.0,868.570753698202,48,0,1.0
6,Bottleneck,Full-Contraction,1.0,1442.6097635608712,80,0,1.0
6,Bottleneck,Full-Contraction,1.0,1826.3349514176352,91,0,1.0
6,Bottleneck,Full-Contraction,1.0,1031.5670680048627,65,0,1.0
6,Bottleneck,Full-Contraction,1.0,1594.7555934536626,83,0,1.0
6,Bottleneck,Full-Contraction,1.0,1204.212978621963,62,0,1.0
6,Bottleneck,Full-Contraction,1.0,747.5410074150684,45,0,1.0
6,Bottleneck,Full-Contraction,1.0,1214.976450503778,68,0,1.0
6,Bottleneck,Full-Contraction,1.0,1155.664219507515,63,0,1.0
6,Bottleneck,Full-Contraction,1.0,1522.7634944457889,77,0,1.0
6,Bottleneck,Full-Contraction,1.0,926.3671755798864,48,0,1.0
6,Bottleneck,Full-Contraction,1.0,1793.7332156932532,92,0,1.0
6,Bottleneck,Full-Contraction,1.0,1894.3263389662666,94,0,1.0
6,Bottleneck,Full-Contraction,1.0,1645.0320794383751,88,0,1.0
6,Bottleneck,Full-Contraction,1.0,1992.3243153482083,108,0,1.0
6,Bottleneck,Full-Contraction,1.0,2622.579465582601,129,0,1.0
6,Bottleneck,Full-Contraction,1.0,1686.8294478907442,92,0,1.0
6,Bottleneck,Full-Contraction,1.0,1375.0005488002955,73,0,1.0
6,Bottleneck,Full-Contraction,1.0,1869.0132858619863,97,0,1.0
6,Bottleneck,Full-Contraction,1.0,770.5143864652426,42,0,1.0
6,Bottleneck,Full-Contraction,1.0,1361.5097904979355,68,0,1.0
6,Bottleneck,Full-Contraction,1.0,926.6451641757931,47,0,1.0
6,Bottleneck,Full-Contraction,1.0,1053.1380296942275,60,0,1.0
6,Bottleneck,Full-Contraction,1.0,1445.1464272247401,73,0,1.0
6,Bottleneck,Full-Contraction,1.0,1417.070183260164,79,0,1.0
6,Bottleneck,Full-Contraction,1.0,1190.1278792335927,60,0,1.0
6,Bottleneck,Full-Contraction,1.0,1749.1785251252568,96,0,1.0
6,Bottleneck,Full-Contraction,1.0,2103.9911023960967,104,0,1.0
6,Bottleneck,Full-Contraction,1.0,1448.6087325467047,81,0,1.0
6,Bottleneck,Full-Contraction,1.0,1093.8561094802733,60,0,1.0
6,Bottleneck,Full-Contraction,1.0,1028.9048759228053,53,0,1.0
6,Bottleneck,Full-Contraction,1.0,1199.3249135909757,69,0,1.0
