15,Min Sum,Full-Contraction,1.0,1548.9116309997617,78,0,1.0
15,Min Sum,Full-Contraction,1.0,1798.3432369509144,104,0,1.0
15,Min Sum,Full-Contraction,1.0,2050.8674235193084,103,0,1.0
15,Min Sum,Full-Contraction,1.0,1145.4590476328021,71,0,1.0
15,Min Sum,Full-Contraction,1.0,2129.251306712392,105,0,1.0
15,Min Sum,Full-Contraction,1.0,1609.3187979807499,95,0,1.0
15,Min Sum,Full-Contraction,1.0,1519.5224499184437,76,0,1.0
15,Min Sum,Full-Contraction,1.0,1298.4707435303212,78,0,1.0
15,Min Sum,Full-Contraction,1.0,1849.893659688173,96,0,1.0
15,Min Sum,Full-Contraction,1.0,1691.6506864789194,84,0,1.0
15,Min Sum,Full-Contraction,1.0,1145.1821262254698,68,0,1.0
15,Min Sum,Full-Contraction,1.0,1538.611167475663,77,0,1.0
15,Min Sum,Full-Contraction,1.0,2142.301416536152,113,0,1.0
15,Min Sum,Full-Contraction,1.0,1675.2823084152767,84,0,1.0
15,Min Sum,Full-Contraction,1.0,1924.1364364674664,99,0,1.0
15,Min Sum,Full-Contraction,1.0,1715.2993505973204,86,0,1.0
15,Min Sum,Full-Contraction,1.0,1640.4829892729176,82,0,1.0
15,Min Sum,Full-Contraction,1.0,1617.2511236189553,98,0,1.0
15,Min Sum,Full-Contraction,1.0,1598.7730770542998,84,0,1.0
15,Min Sum,Full-Contraction,1.0,1447.133117834867,87,0,1.0
15,Min Sum,Full-Contraction,1.0,1420.3169527168934,74,0,1.0
15,Min Sum,Full-Contraction,1.0,1694.4688710400958,85,0,1.0
15,Min Sum,Full-Contraction,1.0,1690.4965723890232,84,0,1.0
15,Min Sum,Full-Contraction,1.0,1523.970938713197,78,0,1.0
15,Min Sum,Full-Contraction,1.0,1883.232914269855,95,0,1.0
15,Min Sum,Full-Contraction,1.0,1772.545048779521,93,0,1.0
15,Min Sum,Full-Contraction,1.0,1212.9621304161676,71,0,1.0
15,Min Sum,Full-Contraction,1.0,1869.0439842565543,101,0,1.0
15,Min Sum,Full-Contraction,1.0,1671.4995660504833,88,0,1.0
15,Min Sum,Full-Contraction,1.0,1421.2929231073504,71,0,1.0
15,Min Sum,Full-Contraction,1.0,1348.929190023817,82,0,1.0
15,Min Sum,Full-Contraction,1.0,1689.2833995517751,84,0,1.0
15,Min Sum,Full-Contraction,1.0,1476.476680329281,83,0,1.0
15,Min Sum,Full-Contraction,1.0,1743.7710253253401,89,0,1.0
15,Min Sum,Full-Contraction,1.0,1660.8279692457486,83,0,1.0
15,Min Sum,Full-Contraction,1.0,1393.1270985730132,81,0,1.0
15,Min Sum,Full-Contraction,1.0,2117.055010772289,105,0,1.0
15,Min Sum,Full-Contraction,1.0,1784.1795414179312,93,0,1.0
15,Min Sum,Full-Contraction,1.0,1856.2611210049422,92,0,1.0
15,Min Sum,Full-Contraction,1.0,1328.6687789517564,69,0,1.0
15,Min Sum,Full-Contraction,1.0,1560.5785138274885,87,0,1.0
15,Min Sum,Full-Contraction,1.0,2242.9325220568026,111,0,1.0
15,Min Sum,Full-Contraction,1.0,1776.7675638533487,93,0,1.0
15,Min Sum,Full-Contraction,1.0,1737.4299515311052,90,0,1.0
15,Min Sum,Full-Contraction,1.0,1844.3782352662656,96,0,1.0
15,Min Sum,Full-Contraction,1.0,1500.963592809629,80,0,1.0
15,Min Sum,Full-Contraction,1.0,1295.261978207052,75,0,1.0
15,Min Sum,Full-Contraction,1.0,2207.1346455772205,115,0,1.0
15,Min Sum,Full-Contraction,1.0,1857.9278338746244,97,0,1.0
15,Min Sum,Full-Contraction,1.0,1204.7810782997396,77,0,1.0
15,Min Sum,Full-Contraction,1.0,1751.55808202238,104,0,1.0
15,Min Sum,Full-Contraction,1.0,2074.9157709177466,104,0,1.0
15,Min Sum,Full-Contraction,1.0,1214.3914690830525,72,0,1.0
15,Min Sum,Full-Contraction,1.0,2032.921286611337,108,0,1.0
15,Min Sum,Full-Contraction,1.0,1562.4919281376083,95,0,1.0
15,Min Sum,Full-Contraction,1.0,1178.6416143614138,77,0,1.0
15,Min Sum,Full-Contraction,1.0,1647.8110031483309,86,0,1.0
15,Min Sum,Full-Contraction,1.0,1642.47063674958,98,0,1.0
15,Min Sum,Full-Contraction,1.0,1337.849624280525,85,0,1.0
15,Min Sum,Full-Contraction,1.0,1191.0130821046243,71,0,1.0
15,Min Sum,Full-Contraction,1.0,1475.5737579666552,78,0,1.0
15,Min Sum,Full-Contraction,1.0,2348.7241730570013,115,0,1.0
15,Min Sum,Full-Contraction,1.0,1751.2829771388492,89,0,1.0
15,Min Sum,Full-Contraction,1.0,2011.5294588761626,99,0,1.0
15,Min Sum,Full-Contraction,1.0,1382.7572024015788,86,0,1.0
15,Min Sum,Full-Contraction,1.0,1287.5517598383167,82,0,1.0
15,Min Sum,Full-Contraction,1.0,2029.350117080629,100,0,1.0
15,Min Sum,Full-Contraction,1.0,1573.7598235765865,88,0,1.0
15,Min Sum,Full-Contraction,1.0,1482.122304724545,91,0,1.0
15,Min Sum,Full-Contraction,1.0,1614.503721986668,80,0,1.0
15,Min Sum,Full-Contraction,1.0,1497.6337959417501,85,0,1.0
15,Min Sum,Full-Contraction,1.0,1541.389421764664,85,0,1.0
15,Min Sum,Full-Contraction,1.0,1586.637257946299,85,0,1.0
15,Min Sum,Full-Contraction,1.0,1749.8758187316187,98,0,1.0
15,Min Sum,Full-Contraction,1.0,1735.7144367061537,94,0,1.0
15,Min Sum,Full-Contraction,1.0,1419.9749408270895,77,0,1.0
15,Min Sum,Full-Contraction,1.0,1923.295360561062,103,0,1.0
15,Min Sum,Full-Contraction,1.0,1749.909594148146,95,0,1.0
15,Min Sum,Full-Contraction,1.0,1525.3063029168916,76,0,1.0
15,Min Sum,Full-Contraction,1.0,1266.6619486271957,83,0,1.0
15,Min Sum,Full-Contraction,1.0,1357.8947079270117,85,0,1.0
15,Min Sum,Full-Contraction,1.0,1627.0408569789017,86,0,1.0
15,Min Sum,Full-Contraction,1.0,1767.3897152108948,90,0,1.0
15,Min Sum,Full-Contraction,1.0,1430.1120617255167,83,0,1.0
15,Min Sum,Full-Contraction,1.0,1344.2869347945561,82,0,1.0
15,Min Sum,Full-Contraction,1.0,1994.4526580634033,107,0,1.0
15,Min Sum,Full-Contraction,1.0,1874.0855721109783,96,0,1.0
15,Min Sum,Full-Contraction,1.0,1901.8273404678962,94,0,1.0
15,Min Sum,Full-Contraction,1.0,1338.043938338626,70,0,1.0
15,Min Sum,Full-Contraction,1.0,1398.2124070879224,87,0,1.0
15,Min Sum,Full-Contraction,1.0,2124.360570677941,113,0,1.0
15,Min Sum,Full-Contraction,1.0,2022.9264916025122,100,0,1.0
15,Min Sum,Full-Contraction,1.0,1641.820544380248,95,0,1.0
15,Min Sum,Full-Contraction,1.0,1716.2504839142975,99,0,1.0
15,Min Sum,Full-Contraction,1.0,1591.4729666478956,82,0,1.0
15,Min Sum,Full-Contraction,1.0,1425.2244066626822,80,0,1.0
15,Min Sum,Full-Contraction,1.0,2276.385599987235,117,0,1.0
15,Min Sum,Full-Contraction,1.0,1968.9517118603549,104,0,1.0
15,Min Sum,Full-Contraction,1.0,1249.9768730251162,85,0,1.0
15,Min Sum,Full-Contraction,1.0,1461.3051889105943,82,0,1.0
15,Min Sum,Full-Contraction,1.0,1539.1603985566344,82,0,1.0
15,Min Sum,Full-Contraction,1.0,1982.8479466947306,103,0,1.0
15,Min Sum,Full-Contraction,1.0,1513.947177471604,78,0,1.0
15,Min Sum,Full-Contraction,1.0,1618.8314595996685,86,0,1.0
15,Min Sum,Full-Contraction,1.0,2057.1896734052257,107,0,1.0
15,Min Sum,Full-Contraction,1.0,1512.1251735491758,88,0,1.0
15,Min Sum,Full-Contraction,1.0,1983.9111622284215,101,0,1.0
15,Min Sum,Full-Contraction,1.0,1856.3182160470426,95,0,1.0
15,Min Sum,Full-Contraction,1.0,1844.976718137235,97,0,1.0
15,Min Sum,Full-Contraction,1.0,1848.7045356318904,104,0,1.0
15,Min Sum,Full-Contraction,1.0,2211.557280158262,112,0,1.0
15,Min Sum,Full-Contraction,1.0,1290.6926367171204,70,0,1.0
15,Min Sum,Full-Contraction,1.0,1634.1896838643077,86,0,1.0
15,Min Sum,Full-Contraction,1.0,1510.8473468522275,81,0,1.0
15,Min Sum,Full-Contraction,1.0,1528.499793723372,88,0,1.0
15,Min Sum,Full-Contraction,1.0,1860.5926572036733,95,0,1.0
15,Min Sum,Full-Contraction,1.0,2214.31314181773,112,0,1.0
15,Min Sum,Full-Contraction,1.0,1827.3344460531132,93,0,1.0
15,Min Sum,Full-Contraction,1.0,1955.0085274227122,99,0,1.0
15,Min Sum,Full-Contraction,1.0,1605.9623340487858,87,0,1.0
15,Min Sum,Full-Contraction,1.0,1703.3079123783953,95,0,1.0
15,Min Sum,Full-Contraction,1.0,1978.348168264958,103,0,1.0
15,Min Sum,Full-Contraction,1.0,1629.1906437743442,86,0,1.0
15,Min Sum,Full-Contraction,1.0,1598.8399136032335,87,0,1.0
15,Min Sum,Full-Contraction,1.0,1680.9424584299786,91,0,1.0
15,Min Sum,Full-Contraction,1.0,2172.3449853996453,112,0,1.0
15,Min Sum,Full-Contraction,1.0,1745.4869180566088,92,0,1.0
15,Min Sum,Full-Contraction,1.0,1490.2098796167325,80,0,1.0
15,Min Sum,Full-Contraction,1.0,1545.4191677587874,80,0,1.0
15,Min Sum,Full-Contraction,1.0,1857.558894937421,97,0,1.0
15,Min Sum,Full-Contraction,1.0,1368.9847912641999,74,0,1.0
15,Min Sum,Full-Contraction,1.0,1274.3813887633219,76,0,1.0
15,Min Sum,Full-Contraction,1.0,1709.605173758176,90,0,1.0
15,Min Sum,Full-Contraction,1.0,1592.95578337831,92,0,1.0
15,Min Sum,Full-Contraction,1.0,1721.245363652628,94,0,1.0
15,Min Sum,Full-Contraction,1.0,1476.6881376085162,79,0,1.0
15,Min Sum,Full-Contraction,1.0,1532.188497346549,84,0,1.0
15,Min Sum,Full-Contraction,1.0,1510.884666209704,80,0,1.0
15,Min Sum,Full-Contraction,1.0,1743.0764239184614,99,0,1.0
15,Min Sum,Full-Contraction,1.0,2248.4110128489847,116,0,1.0
15,Min Sum,Full-Contraction,1.0,1780.2230026748305,101,0,1.0
15,Min Sum,Full-Contraction,1.0,1847.3281517529435,99,0,1.0
15,Min Sum,Full-Contraction,1.0,1711.5795558283185,96,0,1.0
15,Min Sum,Full-Contraction,1.0,1545.0813704772268,87,0,1.0
15,Min Sum,Full-Contraction,1.0,1994.2232614987242,104,0,1.0
15,Min Sum,Full-Contraction,1.0,2469.9859907475475,124,0,1.0
15,Min Sum,Full-Contraction,1.0,2036.5168360818684,106,0,1.0
15,Min Sum,Full-Contraction,1.0,1689.1437852896308,92,0,1.0
15,Min Sum,Full-Contraction,1.0,1240.655551468273,72,0,1.0
15,Min Sum,Full-Contraction,1.0,1635.8614568953567,85,0,1.0
15,Min Sum,Full-Contraction,1.0,1542.4978478151925,77,0,1.0
15,Min Sum,Full-Contraction,1.0,1481.7078265939722,91,0,1.0
15,Min Sum,Full-Contraction,1.0,1312.9090979770856,69,0,1.0
15,Min Sum,Full-Contraction,1.0,2031.0090585075166,100,0,1.0
15,Min Sum,Full-Contraction,1.0,1625.810813008962,89,0,1.0
15,Min Sum,Full-Contraction,1.0,2142.0685488562676,106,0,1.0
15,Min Sum,Full-Contraction,1.0,1298.2637714002578,74,0,1.0
15,Min Sum,Full-Contraction,1.0,1801.8863798996692,98,0,1.0
15,Min Sum,Full-Contraction,1.0,1225.7647759243919,67,0,1.0
15,Min Sum,Full-Contraction,1.0,1458.0604446714422,73,0,1.0
15,Min Sum,Full-Contraction,1.0,1745.9695357423013,87,0,1.0
15,Min Sum,Full-Contraction,1.0,1185.1729245112924,68,0,1.0
15,Min Sum,Full-Contraction,1.0,1562.53342799812,78,0,1.0
15,Min Sum,Full-Contraction,1.0,1766.2689628151006,96,0,1.0
15,Min Sum,Full-Contraction,1.0,1625.6082496968102,81,0,1.0
15,Min Sum,Full-Contraction,1.0,1563.38234481023,81,0,1.0
15,Min Sum,Full-Contraction,1.0,1363.2642652473462,68,0,1.0
15,Min Sum,Full-Contraction,1.0,2101.805559078627,112,0,1.0
15,Min Sum,Full-Contraction,1.0,1332.696208023226,73,0,1.0
15,Min Sum,Full-Contraction,1.0,1221.333657644222,65,0,1.0
15,Min Sum,Full-Contraction,1.0,1986.5912054651637,101,0,1.0
15,Min Sum,Full-Contraction,1.0,1228.4807049964525,69,0,1.0
15,Min Sum,Full-Contraction,1.0,1818.3099689395096,92,0,1.0
15,Min Sum,Full-Contraction,1.0,1801.4588660537356,93,0,1.0
15,Min Sum,Full-Contraction,1.0,1512.9448472970976,75,0,1.0
15,Min Sum,Full-Contraction,1.0,1619.2186251233038,85,0,1.0
15,Min Sum,Full-Contraction,1.0,1378.3792612497928,77,0,1.0
15,Min Sum,Full-Contraction,1.0,1448.4933852461736,80,0,1.0
15,Min Sum,Full-Contraction,1.0,1535.6231763774226,78,0,1.0
15,Min Sum,Full-Contraction,1.0,1461.2164201777116,81,0,1.0
15,Min Sum,Full-Contraction,1.0,1325.33094217591,66,0,1.0
15,Min Sum,Full-Contraction,1.0,1294.2244118041135,73,0,1.0
15,Min Sum,Full-Contraction,1.0,1344.764241329136,75,0,1.0
15,Min Sum,Full-Contraction,1.0,1938.7768592380964,96,0,1.0
15,Min Sum,Full-Contraction,1.0,1521.7357421431673,84,0,1.0
15,Min Sum,Full-Contraction,1.0,1291.5091688188627,74,0,1.0
15,Min Sum,Full-Contraction,1.0,1613.5869983777256,93,0,1.0
15,Min Sum,Full-Contraction,1.0,1493.3678033468873,77,0,1.0
15,Min Sum,Full-Contraction,1.0,1316.3461196952858,75,0,1.0
15,Min Sum,Full-Contraction,1.0,1658.8623065135937,82,0,1.0
15,Min Sum,Full-Contraction,1.0,1998.0718562507789,104,0,1.0
15,Min Sum,Full-Contraction,1.0,1258.7151996909934,74,0,1.0
15,Min Sum,Full-Contraction,1.0,1942.441621554621,104,0,1.0
15,Min Sum,Full-Contraction,1.0,1650.9580180169664,90,0,1.0
15,Min Sum,Full-Contraction,1.0,1860.2787323932505,96,0,1.0
15,Min Sum,Full-Contraction,1.0,1528.5311630463393,76,0,1.0
15,Min Sum,Full-Contraction,1.0,1160.8543267158764,60,0,1.0
15,Min Sum,Full-Contraction,1.0,1519.771420556425,77,0,1.0
15,Min Sum,Full-Contraction,1.0,1626.5594891421945,85,0,1.0
15,Min Sum,Full-Contraction,1.0,1321.2825902174914,67,0,1.0
15,Min Sum,Full-Contraction,1.0,1199.0845433139857,62,0,1.0
15,Min Sum,Full-Contraction,1.0,1284.0786764686718,66,0,1.0
15,Min Sum,Full-Contraction,1.0,1983.0196053393781,102,0,1.0
15,Min Sum,Full-Contraction,1.0,1595.347779689164,81,0,1.0
15,Min Sum,Full-Contraction,1.0,1576.0898517573432,82,0,1.0
15,Min Sum,Full-Contraction,1.0,1243.8972596484743,68,0,1.0
15,Min Sum,Full-Contraction,1.0,1168.4512976948877,65,0,1.0
15,Min Sum,Full-Contraction,1.0,1658.0120944335708,86,0,1.0
15,Min Sum,Full-Contraction,1.0,1484.0970123230122,76,0,1.0
15,Min Sum,Full-Contraction,1.0,1616.6320329166458,82,0,1.0
15,Min Sum,Full-Contraction,1.0,1325.8631973563056,70,0,1.0
15,Min Sum,Full-Contraction,1.0,1408.190646433052,72,0,1.0
15,Min Sum,Full-Contraction,1.0,1342.2703027375999,68,0,1.0
15,Min Sum,Full-Contraction,1.0,1389.0466235897854,71,0,1.0
15,Min Sum,Full-Contraction,1.0,1578.69462519555,87,0,1.0
15,Min Sum,Full-Contraction,1.0,1524.4680393915964,80,0,1.0
15,Min Sum,Full-Contraction,1.0,1187.849272873416,61,0,1.0
15,Min Sum,Full-Contraction,1.0,1723.5078448747984,89,0,1.0
15,Min Sum,Full-Contraction,1.0,1697.8003815735417,86,0,1.0
15,Min Sum,Full-Contraction,1.0,1215.960671363957,65,0,1.0
15,Min Sum,Full-Contraction,1.0,1192.2420097970003,64,0,1.0
15,Min Sum,Full-Contraction,1.0,1224.066534831418,67,0,1.0
15,Min Sum,Full-Contraction,1.0,1443.052301886049,74,0,1.0
15,Min Sum,Full-Contraction,1.0,1414.4435648754588,74,0,1.0
15,Min Sum,Full-Contraction,1.0,1308.6501925686885,65,0,1.0
15,Min Sum,Full-Contraction,1.0,1283.2096961620894,68,0,1.0
15,Min Sum,Full-Contraction,1.0,1785.8367345633642,92,0,1.0
15,Min Sum,Full-Contraction,1.0,1584.8803799030843,83,0,1.0
15,Min Sum,Full-Contraction,1.0,1515.1175081900462,79,0,1.0
15,Min Sum,Full-Contraction,1.0,999.3059288010642,55,0,1.0
15,Min Sum,Full-Contraction,1.0,1377.6717407075055,69,0,1.0
15,Min Sum,Full-Contraction,1.0,1921.299049700514,99,0,1.0
15,Min Sum,Full-Contraction,1.0,1795.3969399013927,90,0,1.0
15,Min Sum,Full-Contraction,1.0,1610.9046259414765,84,0,1.0
15,Min Sum,Full-Contraction,1.0,1677.3965442327446,87,0,1.0
15,Min Sum,Full-Contraction,1.0,1362.5026111805055,70,0,1.0
15,Min Sum,Full-Contraction,1.0,1259.8199917287736,65,0,1.0
15,Min Sum,Full-Contraction,1.0,2006.2699190417113,103,0,1.0
15,Min Sum,Full-Contraction,1.0,1904.5411012229852,96,0,1.0
15,Min Sum,Full-Contraction,1.0,1495.9528824021447,76,0,1.0
15,Min Sum,Full-Contraction,1.0,1825.1945062668365,96,0,1.0
15,Min Sum,Full-Contraction,1.0,1486.8699873716532,82,0,1.0
15,Min Sum,Full-Contraction,1.0,1350.5557135746853,85,0,1.0
15,Min Sum,Full-Contraction,1.0,1666.1294608909648,83,0,1.0
15,Min Sum,Full-Contraction,1.0,1831.419306238389,99,0,1.0
15,Min Sum,Full-Contraction,1.0,1445.8274706895754,86,0,1.0
15,Min Sum,Full-Contraction,1.0,2193.7250177062533,108,0,1.0
15,Min Sum,Full-Contraction,1.0,1421.5095453874342,74,0,1.0
15,Min Sum,Full-Contraction,1.0,1674.506851225841,92,0,1.0
15,Min Sum,Full-Contraction,1.0,1451.7313401649621,78,0,1.0
15,Min Sum,Full-Contraction,1.0,1416.815088303279,84,0,1.0
15,Min Sum,Full-Contraction,1.0,1773.3717444784797,93,0,1.0
15,Min Sum,Full-Contraction,1.0,1534.2282116907004,82,0,1.0
15,Min Sum,Full-Contraction,1.0,1578.708167536367,79,0,1.0
15,Min Sum,Full-Contraction,1.0,1627.4528924575204,89,0,1.0
15,Min Sum,Full-Contraction,1.0,1641.9032594551738,87,0,1.0
15,Min Sum,Full-Contraction,1.0,1312.903199456564,77,0,1.0
15,Min Sum,Full-Contraction,1.0,1381.8276118812414,74,0,1.0
15,Min Sum,Full-Contraction,1.0,2367.111098589852,117,0,1.0
15,Min Sum,Full-Contraction,1.0,1222.6125135116954,65,0,1.0
15,Min Sum,Full-Contraction,1.0,1321.9083853167344,72,0,1.0
15,Min Sum,Full-Contraction,1.0,2099.5341554991373,108,0,1.0
15,Min Sum,Full-Contraction,1.0,1324.0362466814167,70,0,1.0
15,Min Sum,Full-Contraction,1.0,1534.3121328762363,85,0,1.0
15,Min Sum,Full-Contraction,1.0,1948.9878625143892,97,0,1.0
15,Min Sum,Full-Contraction,1.0,1745.9103235759571,87,0,1.0
15,Min Sum,Full-Contraction,1.0,1942.4924710462883,96,0,1.0
15,Min Sum,Full-Contraction,1.0,1294.6214002626211,73,0,1.0
15,Min Sum,Full-Contraction,1.0,1543.075322259224,88,0,1.0
15,Min Sum,Full-Contraction,1.0,1716.6701491031,85,0,1.0
15,Min Sum,Full-Contraction,1.0,1485.6405735081557,78,0,1.0
15,Min Sum,Full-Contraction,1.0,1423.3723638034508,74,0,1.0
15,Min Sum,Full-Contraction,1.0,1434.9023828280465,72,0,1.0
15,Min Sum,Full-Contraction,1.0,1455.5279290457784,81,0,1.0
15,Min Sum,Full-Contraction,1.0,2017.2717004810652,100,0,1.0
15,Min Sum,Full-Contraction,1.0,1649.0415175261096,96,0,1.0
15,Min Sum,Full-Contraction,1.0,1493.6198625633037,75,0,1.0
15,Min Sum,Full-Contraction,1.0,1532.0090296764513,85,0,1.0
15,Min Sum,Full-Contraction,1.0,1662.6146554589711,83,0,1.0
15,Min Sum,Full-Contraction,1.0,1366.96169569659,69,0,1.0
15,Min Sum,Full-Contraction,1.0,1670.3713816770155,83,0,1.0
15,Min Sum,Full-Contraction,1.0,2141.993806884362,111,0,1.0
15,Min Sum,Full-Contraction,1.0,1471.777260987737,76,0,1.0
15,Min Sum,Full-Contraction,1.0,1777.0040929406875,96,0,1.0
15,Min Sum,Full-Contraction,1.0,1733.3808685126187,86,0,1.0
15,Min Sum,Full-Contraction,1.0,1714.3228139590865,85,0,1.0
15,Min Sum,Full-Contraction,1.0,1954.0572392971453,104,0,1.0
15,Min Sum,Full-Contraction,1.0,1678.744637600412,98,0,1.0
15,Min Sum,Full-Contraction,1.0,1883.1477763052671,93,0,1.0
15,Min Sum,Full-Contraction,1.0,1679.4941614169566,89,0,1.0
15,Min Sum,Full-Contraction,1.0,1788.0912391988122,90,0,1.0
15,Min Sum,Full-Contraction,1.0,2030.4232508986158,115,0,1.0
15,Min Sum,Full-Contraction,1.0,2026.5286909241704,108,0,1.0
15,Min Sum,Full-Contraction,1.0,1538.3607358323898,85,0,1.0
15,Min Sum,Full-Contraction,1.0,1742.1922237218682,86,0,1.0
15,Min Sum,Full-Contraction,1.0,1678.6440307591106,83,0,1.0
15,Min Sum,Full-Contraction,1.0,1701.731494241095,99,0,1.0
15,Min Sum,Full-Contraction,1.0,1935.085025293657,96,0,1.0
15,Min Sum,Full-Contraction,1.0,2210.7437611730684,109,0,1.0
15,Min Sum,Full-Contraction,1.0,1907.8179554927588,94,0,1.0
15,Min Sum,Full-Contraction,1.0,1984.7499297280806,98,0,1.0
15,Min Sum,Full-Contraction,1.0,1746.1714490945678,89,0,1.0
15,Min Sum,Full-Contraction,1.0,1719.582752415468,85,0,1.0
15,Min Sum,Full-Contraction,1.0,2191.3567999554916,108,0,1.0
15,Min Sum,Full-Contraction,1.0,1725.5928949540378,91,0,1.0
15,Min Sum,Full-Contraction,1.0,1417.009483201468,77,0,1.0
15,Min Sum,Full-Contraction,1.0,1946.8213242233478,102,0,1.0
15,Min Sum,Full-Contraction,1.0,2103.4935104802944,112,0,1.0
15,Min Sum,Full-Contraction,1.0,1754.9031757225202,87,0,1.0
15,Min Sum,Full-Contraction,1.0,1689.5591213863177,84,0,1.0
15,Min Sum,Full-Contraction,1.0,1528.9333647072688,76,0,1.0
15,Min Sum,Full-Contraction,1.0,1960.2150508857926,97,0,1.0
15,Min Sum,Full-Contraction,1.0,1323.0427034766908,81,0,1.0
15,Min Sum,Full-Contraction,1.0,1437.7135015384029,77,0,1.0
15,Min Sum,Full-Contraction,1.0,1645.0921540891218,86,0,1.0
15,Min Sum,Full-Contraction,1.0,1792.696932497362,103,0,1.0
15,Min Sum,Full-Contraction,1.0,2025.0435177263334,100,0,1.0
15,Min Sum,Full-Contraction,1.0,1519.9199632537582,90,0,1.0
15,Min Sum,Full-Contraction,1.0,1476.655716600318,74,0,1.0
15,Min Sum,Full-Contraction,1.0,1576.4166938937115,78,0,1.0
15,Min Sum,Full-Contraction,1.0,1940.0540084587178,110,0,1.0
15,Min Sum,Full-Contraction,1.0,2359.9183499341884,116,0,1.0
15,Min Sum,Full-Contraction,1.0,2131.433330944597,105,0,1.0
15,Min Sum,Full-Contraction,1.0,1955.8718118101065,104,0,1.0
15,Min Sum,Full-Contraction,1.0,1801.845070150424,95,0,1.0
15,Min Sum,Full-Contraction,1.0,1556.2949135411832,77,0,1.0
15,Min Sum,Full-Contraction,1.0,2144.1749073492106,114,0,1.0
15,Min Sum,Full-Contraction,1.0,2490.9593574655114,122,0,1.0
15,Min Sum,Full-Contraction,1.0,1922.15694099735,103,0,1.0
15,Min Sum,Full-Contraction,1.0,1588.6214994173758,79,0,1.0
15,Min Sum,Full-Contraction,1.0,1275.9832384459673,75,0,1.0
15,Min Sum,Full-Contraction,1.0,1418.7911790826395,78,0,1.0
15,Min Sum,Full-Contraction,1.0,1376.2276514115817,69,0,1.0
15,Min Sum,Full-Contraction,1.0,1466.8564347243214,80,0,1.0
15,Min Sum,Full-Contraction,1.0,1632.8691218017457,92,0,1.0
15,Min Sum,Full-Contraction,1.0,1693.965802669247,84,0,1.0
15,Min Sum,Full-Contraction,1.0,1427.5080250118995,75,0,1.0
15,Min Sum,Full-Contraction,1.0,1196.089631462232,63,0,1.0
15,Min Sum,Full-Contraction,1.0,1093.469762141648,62,0,1.0
15,Min Sum,Full-Contraction,1.0,1307.0239048301805,77,0,1.0
15,Min Sum,Full-Contraction,1.0,1197.6636262690113,69,0,1.0
15,Min Sum,Full-Contraction,1.0,1692.658491380687,84,0,1.0
15,Min Sum,Full-Contraction,1.0,1326.75479077843,67,0,1.0
15,Min Sum,Full-Contraction,1.0,1433.1295201882726,72,0,1.0
15,Min Sum,Full-Contraction,1.0,1177.3770351949545,62,0,1.0
15,Min Sum,Full-Contraction,1.0,1588.9586725242252,86,0,1.0
15,Min Sum,Full-Contraction,1.0,1613.1809467023386,80,0,1.0
15,Min Sum,Full-Contraction,1.0,1217.8163821310218,70,0,1.0
15,Min Sum,Full-Contraction,1.0,1363.534832582149,76,0,1.0
15,Min Sum,Full-Contraction,1.0,1400.854147657852,80,0,1.0
15,Min Sum,Full-Contraction,1.0,1696.557852483247,85,0,1.0
15,Min Sum,Full-Contraction,1.0,1170.3070187081296,68,0,1.0
15,Min Sum,Full-Contraction,1.0,1246.4902571430912,65,0,1.0
15,Min Sum,Full-Contraction,1.0,1194.2000203294608,68,0,1.0
15,Min Sum,Full-Contraction,1.0,1394.2408846183023,70,0,1.0
15,Min Sum,Full-Contraction,1.0,1262.558613192074,66,0,1.0
15,Min Sum,Full-Contraction,1.0,1154.1845915324857,61,0,1.0
15,Min Sum,Full-Contraction,1.0,1259.0639094277826,63,0,1.0
15,Min Sum,Full-Contraction,1.0,1434.7860640038175,83,0,1.0
15,Min Sum,Full-Contraction,1.0,1335.24175922714,74,0,1.0
15,Min Sum,Full-Contraction,1.0,1164.9331250412615,70,0,1.0
15,Min Sum,Full-Contraction,1.0,1259.2622188429377,70,0,1.0
15,Min Sum,Full-Contraction,1.0,1272.9335112026674,68,0,1.0
15,Min Sum,Full-Contraction,1.0,1569.932100901236,89,0,1.0
15,Min Sum,Full-Contraction,1.0,1790.3531937838204,89,0,1.0
15,Min Sum,Full-Contraction,1.0,1551.0773433574113,77,0,1.0
15,Min Sum,Full-Contraction,1.0,1491.1324252225318,79,0,1.0
15,Min Sum,Full-Contraction,1.0,1339.0834358219836,68,0,1.0
15,Min Sum,Full-Contraction,1.0,1451.7988253175067,79,0,1.0
15,Min Sum,Full-Contraction,1.0,1654.9179861124267,93,0,1.0
15,Min Sum,Full-Contraction,1.0,1947.6980263076596,96,0,1.0
15,Min Sum,Full-Contraction,1.0,1568.393091630642,78,0,1.0
15,Min Sum,Full-Contraction,1.0,1701.1414339418156,87,0,1.0
15,Min Sum,Full-Contraction,1.0,1608.7929400612554,83,0,1.0
15,Min Sum,Full-Contraction,1.0,1332.1366551687138,75,0,1.0
15,Min Sum,Full-Contraction,1.0,1473.1969782434828,80,0,1.0
15,Min Sum,Full-Contraction,1.0,1801.4667419584107,92,0,1.0
15,Min Sum,Full-Contraction,1.0,1248.9997054600003,64,0,1.0
15,Min Sum,Full-Contraction,1.0,1771.6879960535828,91,0,1.0
15,Min Sum,Full-Contraction,1.0,1609.3705049106356,83,0,1.0
15,Min Sum,Full-Contraction,1.0,1501.3351920207174,78,0,1.0
15,Min Sum,Full-Contraction,1.0,1642.8610946712033,84,0,1.0
15,Min Sum,Full-Contraction,1.0,1276.5830968253058,70,0,1.0
15,Min Sum,Full-Contraction,1.0,1617.6874787125537,83,0,1.0
15,Min Sum,Full-Contraction,1.0,1105.9525568174658,67,0,1.0
15,Min Sum,Full-Contraction,1.0,1516.4609936530198,78,0,1.0
15,Min Sum,Full-Contraction,1.0,1560.4091544823734,81,0,1.0
15,Min Sum,Full-Contraction,1.0,1714.2053153634358,91,0,1.0
15,Min Sum,Full-Contraction,1.0,1491.5544186844165,77,0,1.0
15,Min Sum,Full-Contraction,1.0,1528.2453668196313,82,0,1.0
15,Min Sum,Full-Contraction,1.0,1607.0910894729827,86,0,1.0
15,Min Sum,Full-Contraction,1.0,1587.753844541082,82,0,1.0
15,Min Sum,Full-Contraction,1.0,1250.3447594082754,63,0,1.0
15,Min Sum,Full-Contraction,1.0,1394.270306158859,76,0,1.0
15,Min Sum,Full-Contraction,1.0,1691.1882337016061,87,0,1.0
15,Min Sum,Full-Contraction,1.0,1644.5002961690616,88,0,1.0
15,Min Sum,Full-Contraction,1.0,1123.3356638725513,66,0,1.0
15,Min Sum,Full-Contraction,1.0,1694.3393320707962,87,0,1.0
15,Min Sum,Full-Contraction,1.0,1549.1898656201101,80,0,1.0
15,Min Sum,Full-Contraction,1.0,1228.3716193820019,67,0,1.0
15,Min Sum,Full-Contraction,1.0,1688.0081413289715,87,0,1.0
15,Min Sum,Full-Contraction,1.0,1376.244905773382,72,0,1.0
15,Min Sum,Full-Contraction,1.0,1362.491071078713,76,0,1.0
15,Min Sum,Full-Contraction,1.0,1348.2378891968342,77,0,1.0
15,Min Sum,Full-Contraction,1.0,1656.746911287929,89,0,1.0
15,Min Sum,Full-Contraction,1.0,1789.030511546949,92,0,1.0
15,Min Sum,Full-Contraction,1.0,1340.882887904821,68,0,1.0
15,Min Sum,Full-Contraction,1.0,1212.4635017823518,67,0,1.0
15,Min Sum,Full-Contraction,1.0,1156.0738366133924,72,0,1.0
15,Min Sum,Full-Contraction,1.0,1242.7359615456448,65,0,1.0
15,Min Sum,Full-Contraction,1.0,1678.6305834873585,90,0,1.0
15,Min Sum,Full-Contraction,1.0,1874.7525097632965,96,0,1.0
15,Min Sum,Full-Contraction,1.0,1483.3032724632892,75,0,1.0
15,Min Sum,Full-Contraction,1.0,1071.7539016474784,60,0,1.0
15,Min Sum,Full-Contraction,1.0,1812.5967686396978,100,0,1.0
15,Min Sum,Full-Contraction,1.0,1473.5524343292684,90,0,1.0
15,Min Sum,Full-Contraction,1.0,1900.363496421438,102,0,1.0
15,Min Sum,Full-Contraction,1.0,1595.599430866202,88,0,1.0
15,Min Sum,Full-Contraction,1.0,1863.1410820557082,102,0,1.0
15,Min Sum,Full-Contraction,1.0,1123.1289682235213,67,0,1.0
15,Min Sum,Full-Contraction,1.0,1162.8673043628355,75,0,1.0
15,Min Sum,Full-Contraction,1.0,1460.8094611403606,81,0,1.0
15,Min Sum,Full-Contraction,1.0,1264.4085138155733,73,0,1.0
15,Min Sum,Full-Contraction,1.0,1444.0897898817134,82,0,1.0
15,Min Sum,Full-Contraction,1.0,1843.3660504142467,102,0,1.0
15,Min Sum,Full-Contraction,1.0,1372.1745999326777,79,0,1.0
15,Min Sum,Full-Contraction,1.0,1551.2472251204292,88,0,1.0
15,Min Sum,Full-Contraction,1.0,1242.26819717116,73,0,1.0
15,Min Sum,Full-Contraction,1.0,1991.7929974744493,107,0,1.0
15,Min Sum,Full-Contraction,1.0,1715.979722337132,86,0,1.0
15,Min Sum,Full-Contraction,1.0,1227.3556733631474,72,0,1.0
15,Min Sum,Full-Contraction,1.0,1750.1874863230883,95,0,1.0
15,Min Sum,Full-Contraction,1.0,1411.6331961384412,75,0,1.0
15,Min Sum,Full-Contraction,1.0,1793.6553721629411,100,0,1.0
15,Min Sum,Full-Contraction,1.0,1634.087522445192,89,0,1.0
15,Min Sum,Full-Contraction,1.0,1245.3546501404946,70,0,1.0
15,Min Sum,Full-Contraction,1.0,1379.4174359622664,78,0,1.0
15,Min Sum,Full-Contraction,1.0,1486.0014932893855,84,0,1.0
15,Min Sum,Full-Contraction,1.0,1317.6510615254053,74,0,1.0
15,Min Sum,Full-Contraction,1.0,1290.543889286895,73,0,1.0
15,Min Sum,Full-Contraction,1.0,1467.9827367672617,84,0,1.0
15,Min Sum,Full-Contraction,1.0,1536.5676680729744,77,0,1.0
15,Min Sum,Full-Contraction,1.0,1456.3534803892198,78,0,1.0
15,Min Sum,Full-Contraction,1.0,1261.9807680772055,71,0,1.0
15,Min Sum,Full-Contraction,1.0,1682.8850088929457,92,0,1.0
15,Min Sum,Full-Contraction,1.0,1312.6450804479077,77,0,1.0
15,Min Sum,Full-Contraction,1.0,1498.7857118127104,84,0,1.0
15,Min Sum,Full-Contraction,1.0,1852.8770603555174,102,0,1.0
15,Min Sum,Full-Contraction,1.0,1492.599055121011,84,0,1.0
15,Min Sum,Full-Contraction,1.0,1635.3760495249107,83,0,1.0
15,Min Sum,Full-Contraction,1.0,1536.6191003309268,85,0,1.0
15,Min Sum,Full-Contraction,1.0,1817.3318627058075,98,0,1.0
15,Min Sum,Full-Contraction,1.0,1746.00415856454,88,0,1.0
15,Min Sum,Full-Contraction,1.0,2057.8402572887444,112,0,1.0
15,Min Sum,Full-Contraction,1.0,1721.727809307122,96,0,1.0
15,Min Sum,Full-Contraction,1.0,1638.7634394953811,87,0,1.0
15,Min Sum,Full-Contraction,1.0,1633.248546553526,90,0,1.0
15,Min Sum,Full-Contraction,1.0,2327.172681714058,123,0,1.0
15,Min Sum,Full-Contraction,1.0,2153.78808510856,107,0,1.0
15,Min Sum,Full-Contraction,1.0,1502.678699653509,100,0,1.0
15,Min Sum,Full-Contraction,1.0,1624.169999388825,87,0,1.0
15,Min Sum,Full-Contraction,1.0,1311.0459213334814,86,0,1.0
15,Min Sum,Full-Contraction,1.0,1998.6725299742045,108,0,1.0
15,Min Sum,Full-Contraction,1.0,1729.607825527861,100,0,1.0
15,Min Sum,Full-Contraction,1.0,2175.6111005178636,108,0,1.0
15,Min Sum,Full-Contraction,1.0,1441.5303487600331,95,0,1.0
15,Min Sum,Full-Contraction,1.0,1797.3641121838227,97,0,1.0
15,Min Sum,Full-Contraction,1.0,1418.568240259755,91,0,1.0
15,Min Sum,Full-Contraction,1.0,1493.7819637553384,90,0,1.0
15,Min Sum,Full-Contraction,1.0,1956.6008555165733,111,0,1.0
15,Min Sum,Full-Contraction,1.0,1835.4304325854087,101,0,1.0
15,Min Sum,Full-Contraction,1.0,1264.1921347911652,79,0,1.0
15,Min Sum,Full-Contraction,1.0,2062.5499100311226,111,0,1.0
15,Min Sum,Full-Contraction,1.0,2253.8059472122886,111,0,1.0
15,Min Sum,Full-Contraction,1.0,1700.0404440309903,89,0,1.0
15,Min Sum,Full-Contraction,1.0,1391.114358050042,87,0,1.0
15,Min Sum,Full-Contraction,1.0,1538.111604967472,86,0,1.0
15,Min Sum,Full-Contraction,1.0,1950.5775654536394,99,0,1.0
15,Min Sum,Full-Contraction,1.0,1589.4039346330935,93,0,1.0
15,Min Sum,Full-Contraction,1.0,1478.0276583442592,85,0,1.0
15,Min Sum,Full-Contraction,1.0,1603.0860516773648,90,0,1.0
15,Min Sum,Full-Contraction,1.0,2115.2770920304156,113,0,1.0
15,Min Sum,Full-Contraction,1.0,1924.6449400792546,105,0,1.0
15,Min Sum,Full-Contraction,1.0,1841.2576587013482,100,0,1.0
15,Min Sum,Full-Contraction,1.0,1352.349725094377,77,0,1.0
15,Min Sum,Full-Contraction,1.0,1444.4805436960478,86,0,1.0
15,Min Sum,Full-Contraction,1.0,2255.629554283134,120,0,1.0
15,Min Sum,Full-Contraction,1.0,2349.79767146646,116,0,1.0
15,Min Sum,Full-Contraction,1.0,1827.0153833718314,108,0,1.0
15,Min Sum,Full-Contraction,1.0,2050.440792500589,110,0,1.0
15,Min Sum,Full-Contraction,1.0,1839.5415061449135,95,0,1.0
15,Min Sum,Full-Contraction,1.0,1422.2310262227325,82,0,1.0
15,Min Sum,Full-Contraction,1.0,2320.958823550438,124,0,1.0
15,Min Sum,Full-Contraction,1.0,2463.077147359718,121,0,1.0
15,Min Sum,Full-Contraction,1.0,2054.9339754201483,102,0,1.0
15,Min Sum,Full-Contraction,1.0,1267.6978745879392,74,0,1.0
15,Min Sum,Full-Contraction,1.0,1726.60881096108,100,0,1.0
15,Min Sum,Full-Contraction,1.0,1490.2858027814923,79,0,1.0
15,Min Sum,Full-Contraction,1.0,1591.8751369262577,86,0,1.0
15,Min Sum,Full-Contraction,1.0,1330.6228808718606,74,0,1.0
15,Min Sum,Full-Contraction,1.0,1255.160740738279,70,0,1.0
15,Min Sum,Full-Contraction,1.0,1402.758868135246,85,0,1.0
15,Min Sum,Full-Contraction,1.0,1342.406526783562,73,0,1.0
15,Min Sum,Full-Contraction,1.0,1583.8089760621574,79,0,1.0
15,Min Sum,Full-Contraction,1.0,1222.3436898089005,66,0,1.0
15,Min Sum,Full-Contraction,1.0,1320.6599534264979,73,0,1.0
15,Min Sum,Full-Contraction,1.0,1441.443959331271,73,0,1.0
15,Min Sum,Full-Contraction,1.0,1448.9803647319313,82,0,1.0
15,Min Sum,Full-Contraction,1.0,1580.6302075875515,83,0,1.0
15,Min Sum,Full-Contraction,1.0,1483.0459923028388,79,0,1.0
15,Min Sum,Full-Contraction,1.0,1219.9805591823529,74,0,1.0
15,Min Sum,Full-Contraction,1.0,1469.594986348685,88,0,1.0
15,Min Sum,Full-Contraction,1.0,1558.2075947300668,82,0,1.0
15,Min Sum,Full-Contraction,1.0,1111.2680766431763,62,0,1.0
15,Min Sum,Full-Contraction,1.0,1465.9630695910728,74,0,1.0
15,Min Sum,Full-Contraction,1.0,1382.0717383619076,73,0,1.0
15,Min Sum,Full-Contraction,1.0,1335.9239312085356,71,0,1.0
15,Min Sum,Full-Contraction,1.0,1508.742022388391,76,0,1.0
15,Min Sum,Full-Contraction,1.0,1284.0543425480826,72,0,1.0
15,Min Sum,Full-Contraction,1.0,1048.2596281936244,68,0,1.0
15,Min Sum,Full-Contraction,1.0,1544.5141255459998,92,0,1.0
15,Min Sum,Full-Contraction,1.0,1309.3919178754259,80,0,1.0
15,Min Sum,Full-Contraction,1.0,1283.0899757456204,79,0,1.0
15,Min Sum,Full-Contraction,1.0,1036.0780062264948,65,0,1.0
15,Min Sum,Full-Contraction,1.0,1444.2929194085984,77,0,1.0
15,Min Sum,Full-Contraction,1.0,1671.6232785336729,98,0,1.0
15,Min Sum,Full-Contraction,1.0,1619.7557882526512,86,0,1.0
15,Min Sum,Full-Contraction,1.0,1419.846213480315,80,0,1.0
15,Min Sum,Full-Contraction,1.0,1470.7304439564246,84,0,1.0
15,Min Sum,Full-Contraction,1.0,1219.1550347645484,67,0,1.0
15,Min Sum,Full-Contraction,1.0,1377.2849455759592,78,0,1.0
15,Min Sum,Full-Contraction,1.0,1757.9351171470228,102,0,1.0
15,Min Sum,Full-Contraction,1.0,1776.257395793226,92,0,1.0
15,Min Sum,Full-Contraction,1.0,1460.6187672720625,73,0,1.0
15,Min Sum,Full-Contraction,1.0,2193.2121518058234,113,0,1.0
15,Min Sum,Full-Contraction,1.0,1639.3123349454386,84,0,1.0
15,Min Sum,Full-Contraction,1.0,2003.8891861557968,106,0,1.0
15,Min Sum,Full-Contraction,1.0,1811.174611837635,94,0,1.0
15,Min Sum,Full-Contraction,1.0,1721.3073734510258,90,0,1.0
15,Min Sum,Full-Contraction,1.0,1977.1291725002743,99,0,1.0
15,Min Sum,Full-Contraction,1.0,1624.477693491559,86,0,1.0
15,Min Sum,Full-Contraction,1.0,1467.1944728299068,96,0,1.0
15,Min Sum,Full-Contraction,1.0,1570.2953537694652,79,0,1.0
15,Min Sum,Full-Contraction,1.0,1660.9748045505098,92,0,1.0
15,Min Sum,Full-Contraction,1.0,1484.652246094718,93,0,1.0
15,Min Sum,Full-Contraction,1.0,1703.05740606991,93,0,1.0
15,Min Sum,Full-Contraction,1.0,1928.507090589128,97,0,1.0
15,Min Sum,Full-Contraction,1.0,1810.7642120336216,95,0,1.0
15,Min Sum,Full-Contraction,1.0,1627.2308308709955,88,0,1.0
15,Min Sum,Full-Contraction,1.0,1780.5186846273582,102,0,1.0
15,Min Sum,Full-Contraction,1.0,1569.6110855383663,83,0,1.0
15,Min Sum,Full-Contraction,1.0,1398.511075343635,80,0,1.0
15,Min Sum,Full-Contraction,1.0,1898.9521748995444,95,0,1.0
15,Min Sum,Full-Contraction,1.0,1771.838242885571,93,0,1.0
15,Min Sum,Full-Contraction,1.0,1378.2132234501482,82,0,1.0
15,Min Sum,Full-Contraction,1.0,1940.8020313867505,97,0,1.0
15,Min Sum,Full-Contraction,1.0,1756.26433841936,92,0,1.0
15,Min Sum,Full-Contraction,1.0,1457.0336113817793,83,0,1.0
15,Min Sum,Full-Contraction,1.0,1688.4638474335134,106,0,1.0
15,Min Sum,Full-Contraction,1.0,1720.1560614820296,93,0,1.0
15,Min Sum,Full-Contraction,1.0,1811.4655682220255,95,0,1.0
15,Min Sum,Full-Contraction,1.0,1249.741306113291,83,0,1.0
15,Min Sum,Full-Contraction,1.0,1777.5243853321267,98,0,1.0
15,Min Sum,Full-Contraction,1.0,2166.8662817289473,112,0,1.0
15,Min Sum,Full-Contraction,1.0,1352.760418249938,88,0,1.0
15,Min Sum,Full-Contraction,1.0,1615.6616748826223,87,0,1.0
15,Min Sum,Full-Contraction,1.0,1483.9398477497502,94,0,1.0
15,Min Sum,Full-Contraction,1.0,1351.881350056738,82,0,1.0
15,Min Sum,Full-Contraction,1.0,1704.4611838643175,91,0,1.0
15,Min Sum,Full-Contraction,1.0,2175.914172070407,116,0,1.0
15,Min Sum,Full-Contraction,1.0,1291.7778428646054,92,0,1.0
15,Min Sum,Full-Contraction,1.0,1284.1792114852153,75,0,1.0
15,Min Sum,Full-Contraction,1.0,1715.3498999330907,94,0,1.0
15,Min Sum,Full-Contraction,1.0,1595.5005593664564,85,0,1.0
15,Min Sum,Full-Contraction,1.0,1836.7955752719697,91,0,1.0
15,Min Sum,Full-Contraction,1.0,2040.574031365225,101,0,1.0
15,Min Sum,Full-Contraction,1.0,1536.1810220873967,88,0,1.0
15,Min Sum,Full-Contraction,1.0,1503.1544266465467,85,0,1.0
15,Min Sum,Full-Contraction,1.0,1626.9823034763574,92,0,1.0
15,Min Sum,Full-Contraction,1.0,1908.4167639933878,95,0,1.0
15,Min Sum,Full-Contraction,1.0,1444.4522515456338,84,0,1.0
15,Min Sum,Full-Contraction,1.0,1596.8852646437804,82,0,1.0
15,Min Sum,Full-Contraction,1.0,2520.5785554815698,124,0,1.0
15,Min Sum,Full-Contraction,1.0,1373.519590687115,69,0,1.0
15,Min Sum,Full-Contraction,1.0,1497.6875709048395,77,0,1.0
15,Min Sum,Full-Contraction,1.0,2258.467934803787,115,0,1.0
15,Min Sum,Full-Contraction,1.0,1300.1052668833017,77,0,1.0
15,Min Sum,Full-Contraction,1.0,1679.5109407173363,88,0,1.0
15,Min Sum,Full-Contraction,1.0,2097.2502682729983,104,0,1.0
15,Min Sum,Full-Contraction,1.0,1905.3064047818891,94,0,1.0
15,Min Sum,Full-Contraction,1.0,2097.158151890905,104,0,1.0
15,Min Sum,Full-Contraction,1.0,1627.5967632804557,81,0,1.0
15,Min Sum,Full-Contraction,1.0,1854.3219734418024,96,0,1.0
15,Min Sum,Full-Contraction,1.0,1877.137047597805,93,0,1.0
15,Min Sum,Full-Contraction,1.0,1643.927029641177,83,0,1.0
15,Min Sum,Full-Contraction,1.0,1630.068337541246,81,0,1.0
15,Min Sum,Full-Contraction,1.0,1575.4316283854691,79,0,1.0
15,Min Sum,Full-Contraction,1.0,1736.8546502097035,88,0,1.0
15,Min Sum,Full-Contraction,1.0,2167.5399650332793,107,0,1.0
15,Min Sum,Full-Contraction,1.0,2086.053700066508,103,0,1.0
15,Min Sum,Full-Contraction,1.0,1556.2055950303502,81,0,1.0
15,Min Sum,Full-Contraction,1.0,1479.0425178706837,84,0,1.0
15,Min Sum,Full-Contraction,1.0,1813.642622409922,90,0,1.0
15,Min Sum,Full-Contraction,1.0,1366.094960499976,76,0,1.0
15,Min Sum,Full-Contraction,1.0,1648.0653316751686,90,0,1.0
15,Min Sum,Full-Contraction,1.0,2409.1174942206353,119,0,1.0
15,Min Sum,Full-Contraction,1.0,1224.7045150489748,72,0,1.0
15,Min Sum,Full-Contraction,1.0,1586.0491670854176,97,0,1.0
15,Min Sum,Full-Contraction,1.0,1646.7702072038257,92,0,1.0
15,Min Sum,Full-Contraction,1.0,1721.0282900691932,96,0,1.0
15,Min Sum,Full-Contraction,1.0,1499.5602254060846,89,0,1.0
15,Min Sum,Full-Contraction,1.0,1449.3078674251701,84,0,1.0
15,Min Sum,Full-Contraction,1.0,1511.6409766922707,90,0,1.0
15,Min Sum,Full-Contraction,1.0,1249.856421937246,76,0,1.0
15,Min Sum,Full-Contraction,1.0,1625.4114051505712,89,0,1.0
15,Min Sum,Full-Contraction,1.0,1239.0176340964103,77,0,1.0
15,Min Sum,Full-Contraction,1.0,1331.275983397941,84,0,1.0
15,Min Sum,Full-Contraction,1.0,1324.8668606776394,86,0,1.0
15,Min Sum,Full-Contraction,1.0,1786.4388224441207,104,0,1.0
15,Min Sum,Full-Contraction,1.0,1372.4781603216811,84,0,1.0
15,Min Sum,Full-Contraction,1.0,1414.8305374878596,87,0,1.0
15,Min Sum,Full-Contraction,1.0,1646.5437496305376,98,0,1.0
15,Min Sum,Full-Contraction,1.0,1449.8288595281115,89,0,1.0
15,Min Sum,Full-Contraction,1.0,1615.5866606165548,81,0,1.0
15,Min Sum,Full-Contraction,1.0,1429.107203321863,84,0,1.0
15,Min Sum,Full-Contraction,1.0,1472.946209802948,93,0,1.0
15,Min Sum,Full-Contraction,1.0,1608.7344707903856,96,0,1.0
15,Min Sum,Full-Contraction,1.0,1300.9310803369708,72,0,1.0
15,Min Sum,Full-Contraction,1.0,1465.5604410993026,93,0,1.0
15,Min Sum,Full-Contraction,1.0,1314.4870538405344,85,0,1.0
15,Min Sum,Full-Contraction,1.0,1270.3835909307736,74,0,1.0
15,Min Sum,Full-Contraction,1.0,1638.5948578084465,94,0,1.0
15,Min Sum,Full-Contraction,1.0,1349.4190188539715,80,0,1.0
15,Min Sum,Full-Contraction,1.0,1289.5993586630748,83,0,1.0
15,Min Sum,Full-Contraction,1.0,1355.191479201771,87,0,1.0
15,Min Sum,Full-Contraction,1.0,1536.264560916204,96,0,1.0
15,Min Sum,Full-Contraction,1.0,1748.5639079213872,99,0,1.0
15,Min Sum,Full-Contraction,1.0,1696.4238409786076,85,0,1.0
15,Min Sum,Full-Contraction,1.0,1304.3147800875938,76,0,1.0
15,Min Sum,Full-Contraction,1.0,1388.9406400954679,82,0,1.0
15,Min Sum,Full-Contraction,1.0,1274.304837713335,71,0,1.0
15,Min Sum,Full-Contraction,1.0,1719.0155922904478,101,0,1.0
15,Min Sum,Full-Contraction,1.0,1739.5816061525334,103,0,1.0
15,Min Sum,Full-Contraction,1.0,1699.2820569730995,92,0,1.0
15,Min Sum,Full-Contraction,1.0,1502.580177466402,75,0,1.0
15,Min Sum,Full-Contraction,1.0,1460.8496752431388,74,0,1.0
15,Min Sum,Full-Contraction,1.0,1452.61105090406,73,0,1.0
15,Min Sum,Full-Contraction,1.0,1282.2768807095908,70,0,1.0
15,Min Sum,Full-Contraction,1.0,1507.6493895327164,82,0,1.0
15,Min Sum,Full-Contraction,1.0,1900.1697980711294,101,0,1.0
15,Min Sum,Full-Contraction,1.0,1445.596943408916,79,0,1.0
15,Min Sum,Full-Contraction,1.0,1614.5600492507717,87,0,1.0
15,Min Sum,Full-Contraction,1.0,1316.8551960912564,73,0,1.0
15,Min Sum,Full-Contraction,1.0,1992.1352767997867,99,0,1.0
15,Min Sum,Full-Contraction,1.0,1607.364872081675,86,0,1.0
15,Min Sum,Full-Contraction,1.0,1297.752343894092,72,0,1.0
15,Min Sum,Full-Contraction,1.0,1540.3316823243727,87,0,1.0
15,Min Sum,Full-Contraction,1.0,1450.5000470211762,73,0,1.0
15,Min Sum,Full-Contraction,1.0,2002.4849040125723,99,0,1.0
15,Min Sum,Full-Contraction,1.0,1537.325449296348,85,0,1.0
15,Min Sum,Full-Contraction,1.0,1338.2683720301743,67,0,1.0
15,Min Sum,Full-Contraction,1.0,1285.7621704745216,71,0,1.0
15,Min Sum,Full-Contraction,1.0,1553.8656171206962,84,0,1.0
15,Min Sum,Full-Contraction,1.0,1212.1246156991917,65,0,1.0
15,Min Sum,Full-Contraction,1.0,1236.4199013194511,66,0,1.0
15,Min Sum,Full-Contraction,1.0,1500.6225969029633,82,0,1.0
15,Min Sum,Full-Contraction,1.0,1369.005866560363,74,0,1.0
15,Min Sum,Full-Contraction,1.0,1535.6256687442801,78,0,1.0
15,Min Sum,Full-Contraction,1.0,1163.1054889184436,64,0,1.0
15,Min Sum,Full-Contraction,1.0,1708.4514913286077,85,0,1.0
15,Min Sum,Full-Contraction,1.0,1385.6474386015118,70,0,1.0
15,Min Sum,Full-Contraction,1.0,1505.8698092217949,81,0,1.0
15,Min Sum,Full-Contraction,1.0,1926.4742290931727,102,0,1.0
15,Min Sum,Full-Contraction,1.0,1560.2952305742538,84,0,1.0
15,Min Sum,Full-Contraction,1.0,1526.3435851585698,83,0,1.0
15,Min Sum,Full-Contraction,1.0,1680.9898764976492,84,0,1.0
15,Min Sum,Full-Contraction,1.0,1792.7900794328577,89,0,1.0
15,Min Sum,Full-Contraction,1.0,1691.3219129814895,86,0,1.0
15,Min Sum,Full-Contraction,1.0,2127.394648257283,112,0,1.0
15,Min Sum,Full-Contraction,1.0,1777.2509327369332,95,0,1.0
15,Min Sum,Full-Contraction,1.0,1165.6255401054136,66,0,1.0
15,Min Sum,Full-Contraction,1.0,1370.9489239657487,80,0,1.0
15,Min Sum,Full-Contraction,1.0,1472.8945669176487,75,0,1.0
15,Min Sum,Full-Contraction,1.0,1789.7110472730096,91,0,1.0
15,Min Sum,Full-Contraction,1.0,1317.8284943708095,73,0,1.0
15,Min Sum,Full-Contraction,1.0,1578.5898465357059,79,0,1.0
15,Min Sum,Full-Contraction,1.0,1281.6822378747531,68,0,1.0
15,Min Sum,Full-Contraction,1.0,1553.5950068309296,91,0,1.0
15,Min Sum,Full-Contraction,1.0,1726.9297904040868,86,0,1.0
15,Min Sum,Full-Contraction,1.0,1246.4318754052997,73,0,1.0
15,Min Sum,Full-Contraction,1.0,1363.2912735970071,80,0,1.0
15,Min Sum,Full-Contraction,1.0,1498.3106621487932,83,0,1.0
15,Min Sum,Full-Contraction,1.0,1851.1715000111308,92,0,1.0
15,Min Sum,Full-Contraction,1.0,1394.36227266664,73,0,1.0
15,Min Sum,Full-Contraction,1.0,1225.1290164930062,66,0,1.0
15,Min Sum,Full-Contraction,1.0,1308.9203087992933,70,0,1.0
15,Min Sum,Full-Contraction,1.0,1473.7855386855906,77,0,1.0
15,Min Sum,Full-Contraction,1.0,1289.765330120158,67,0,1.0
15,Min Sum,Full-Contraction,1.0,1099.28035532548,61,0,1.0
15,Min Sum,Full-Contraction,1.0,1180.5722244269145,71,0,1.0
15,Min Sum,Full-Contraction,1.0,1675.787121771368,86,0,1.0
15,Min Sum,Full-Contraction,1.0,1564.5760631269804,78,0,1.0
15,Min Sum,Full-Contraction,1.0,1196.6508786562636,73,0,1.0
15,Min Sum,Full-Contraction,1.0,1234.862025900596,76,0,1.0
15,Min Sum,Full-Contraction,1.0,1309.6699723750708,70,0,1.0
15,Min Sum,Full-Contraction,1.0,1814.5665187095492,93,0,1.0
15,Min Sum,Full-Contraction,1.0,1930.5320639791798,96,0,1.0
15,Min Sum,Full-Contraction,1.0,1666.9139092232326,83,0,1.0
15,Min Sum,Full-Contraction,1.0,1672.7975968494093,83,0,1.0
15,Min Sum,Full-Contraction,1.0,1347.1280537489924,75,0,1.0
15,Min Sum,Full-Contraction,1.0,1401.4136566276588,84,0,1.0
15,Min Sum,Full-Contraction,1.0,1898.5015894254616,97,0,1.0
15,Min Sum,Full-Contraction,1.0,2093.562438657272,103,0,1.0
15,Min Sum,Full-Contraction,1.0,1665.458030801687,85,0,1.0
15,Min Sum,Full-Contraction,1.0,1516.482776922327,83,0,1.0
15,Min Sum,Full-Contraction,1.0,1317.7090417999202,73,0,1.0
15,Min Sum,Full-Contraction,1.0,1369.5802520659417,86,0,1.0
15,Min Sum,Full-Contraction,1.0,1249.1207070347632,70,0,1.0
15,Min Sum,Full-Contraction,1.0,1340.2725892056283,74,0,1.0
15,Min Sum,Full-Contraction,1.0,1265.1813414436135,68,0,1.0
15,Min Sum,Full-Contraction,1.0,1611.0607682870352,88,0,1.0
15,Min Sum,Full-Contraction,1.0,1403.1410726429972,85,0,1.0
15,Min Sum,Full-Contraction,1.0,1394.8245979805179,76,0,1.0
15,Min Sum,Full-Contraction,1.0,1297.9976386520807,79,0,1.0
15,Min Sum,Full-Contraction,1.0,1598.8486649974266,86,0,1.0
15,Min Sum,Full-Contraction,1.0,1619.7039474016833,88,0,1.0
15,Min Sum,Full-Contraction,1.0,1217.8075675000593,69,0,1.0
15,Min Sum,Full-Contraction,1.0,1230.533647745126,71,0,1.0
15,Min Sum,Full-Contraction,1.0,1285.6211411926367,73,0,1.0
15,Min Sum,Full-Contraction,1.0,1316.328682553667,73,0,1.0
15,Min Sum,Full-Contraction,1.0,1432.595066704565,72,0,1.0
15,Min Sum,Full-Contraction,1.0,1109.1485326050122,67,0,1.0
15,Min Sum,Full-Contraction,1.0,1105.4470116299026,65,0,1.0
15,Min Sum,Full-Contraction,1.0,1513.4474868636282,89,0,1.0
15,Min Sum,Full-Contraction,1.0,1441.3126471034795,79,0,1.0
15,Min Sum,Full-Contraction,1.0,1245.5914182404858,76,0,1.0
15,Min Sum,Full-Contraction,1.0,1292.429575159892,72,0,1.0
15,Min Sum,Full-Contraction,1.0,1445.1372944348136,73,0,1.0
15,Min Sum,Full-Contraction,1.0,1646.4849615795108,95,0,1.0
15,Min Sum,Full-Contraction,1.0,1705.176462637408,92,0,1.0
15,Min Sum,Full-Contraction,1.0,1493.3699835214782,81,0,1.0
15,Min Sum,Full-Contraction,1.0,1538.0308652958197,84,0,1.0
15,Min Sum,Full-Contraction,1.0,1276.6951949066229,71,0,1.0
15,Min Sum,Full-Contraction,1.0,1613.2301897969446,82,0,1.0
15,Min Sum,Full-Contraction,1.0,1820.2772296392118,99,0,1.0
15,Min Sum,Full-Contraction,1.0,1853.4288815925183,99,0,1.0
15,Min Sum,Full-Contraction,1.0,1301.4744631212468,80,0,1.0
15,Min Sum,Full-Contraction,1.0,1470.6429700232457,77,0,1.0
15,Min Sum,Full-Contraction,1.0,1887.5403481393157,97,0,1.0
15,Min Sum,Full-Contraction,1.0,1455.7171583389977,77,0,1.0
15,Min Sum,Full-Contraction,1.0,1495.983785815417,83,0,1.0
15,Min Sum,Full-Contraction,1.0,1198.0933679575605,67,0,1.0
15,Min Sum,Full-Contraction,1.0,2098.5506293228136,108,0,1.0
15,Min Sum,Full-Contraction,1.0,1539.178985721561,77,0,1.0
15,Min Sum,Full-Contraction,1.0,1159.7810537096063,67,0,1.0
15,Min Sum,Full-Contraction,1.0,1927.7963177004376,96,0,1.0
15,Min Sum,Full-Contraction,1.0,1268.4687435707042,70,0,1.0
15,Min Sum,Full-Contraction,1.0,1808.9069126090972,95,0,1.0
15,Min Sum,Full-Contraction,1.0,1731.2986445601562,90,0,1.0
15,Min Sum,Full-Contraction,1.0,1372.211023790729,70,0,1.0
15,Min Sum,Full-Contraction,1.0,1497.828572857909,79,0,1.0
15,Min Sum,Full-Contraction,1.0,1510.9311075874934,79,0,1.0
15,Min Sum,Full-Contraction,1.0,1428.7792255679296,75,0,1.0
15,Min Sum,Full-Contraction,1.0,1412.6228563214809,74,0,1.0
15,Min Sum,Full-Contraction,1.0,1548.666960471611,81,0,1.0
15,Min Sum,Full-Contraction,1.0,1159.650707346631,67,0,1.0
15,Min Sum,Full-Contraction,1.0,1402.3973866496333,74,0,1.0
15,Min Sum,Full-Contraction,1.0,1346.9998114396972,72,0,1.0
15,Min Sum,Full-Contraction,1.0,1783.3672590970725,92,0,1.0
15,Min Sum,Full-Contraction,1.0,1381.093403718685,78,0,1.0
15,Min Sum,Full-Contraction,1.0,1369.056313537786,73,0,1.0
15,Min Sum,Full-Contraction,1.0,1767.835665368094,96,0,1.0
15,Min Sum,Full-Contraction,1.0,1497.0535373227763,75,0,1.0
15,Min Sum,Full-Contraction,1.0,1468.670866015411,77,0,1.0
15,Min Sum,Full-Contraction,1.0,1544.327748841053,81,0,1.0
15,Min Sum,Full-Contraction,1.0,1928.2206653736123,99,0,1.0
15,Min Sum,Full-Contraction,1.0,1401.1355194153525,77,0,1.0
15,Min Sum,Full-Contraction,1.0,1990.5843483710958,107,0,1.0
15,Min Sum,Full-Contraction,1.0,1769.008562856224,92,0,1.0
15,Min Sum,Full-Contraction,1.0,1400.029130872521,78,0,1.0
15,Min Sum,Full-Contraction,1.0,1531.118065749995,77,0,1.0
15,Min Sum,Full-Contraction,1.0,1215.3171125373105,71,0,1.0
15,Min Sum,Full-Contraction,1.0,1428.0448891708165,74,0,1.0
15,Min Sum,Full-Contraction,1.0,2121.9684036046046,105,0,1.0
15,Min Sum,Full-Contraction,1.0,1171.0560659703453,67,0,1.0
15,Min Sum,Full-Contraction,1.0,1449.7080009765066,75,0,1.0
15,Min Sum,Full-Contraction,1.0,1959.302190004813,97,0,1.0
15,Min Sum,Full-Contraction,1.0,1360.9028081577803,72,0,1.0
15,Min Sum,Full-Contraction,1.0,1244.9760626896218,75,0,1.0
15,Min Sum,Full-Contraction,1.0,1691.1818633633447,84,0,1.0
15,Min Sum,Full-Contraction,1.0,1596.2618978089447,85,0,1.0
15,Min Sum,Full-Contraction,1.0,1784.6659154023157,91,0,1.0
15,Min Sum,Full-Contraction,1.0,1285.315401706067,67,0,1.0
15,Min Sum,Full-Contraction,1.0,1580.798106180633,83,0,1.0
15,Min Sum,Full-Contraction,1.0,1545.3341469651054,77,0,1.0
15,Min Sum,Full-Contraction,1.0,1314.926816897495,68,0,1.0
15,Min Sum,Full-Contraction,1.0,1317.1014074126886,76,0,1.0
15,Min Sum,Full-Contraction,1.0,1071.6881433138137,62,0,1.0
15,Min Sum,Full-Contraction,1.0,1438.5600876002618,74,0,1.0
15,Min Sum,Full-Contraction,1.0,1763.9409349909106,88,0,1.0
15,Min Sum,Full-Contraction,1.0,1784.3675054323487,91,0,1.0
15,Min Sum,Full-Contraction,1.0,1425.3272398651136,81,0,1.0
15,Min Sum,Full-Contraction,1.0,1379.7992535837443,77,0,1.0
15,Min Sum,Full-Contraction,1.0,1465.944736865389,74,0,1.0
15,Min Sum,Full-Contraction,1.0,1255.7655248894616,65,0,1.0
15,Min Sum,Full-Contraction,1.0,1270.0811306155688,70,0,1.0
15,Min Sum,Full-Contraction,1.0,2031.8040766401077,101,0,1.0
15,Min Sum,Full-Contraction,1.0,1511.792009355148,85,0,1.0
15,Min Sum,Full-Contraction,1.0,1590.5572951892573,87,0,1.0
15,Min Sum,Full-Contraction,1.0,1440.4586647685253,73,0,1.0
15,Min Sum,Full-Contraction,1.0,1443.830355947005,84,0,1.0
15,Min Sum,Full-Contraction,1.0,1671.715693884613,85,0,1.0
15,Min Sum,Full-Contraction,1.0,1249.5706031587522,87,0,1.0
15,Min Sum,Full-Contraction,1.0,1955.6337513575181,112,0,1.0
15,Min Sum,Full-Contraction,1.0,1525.4076625732546,84,0,1.0
15,Min Sum,Full-Contraction,1.0,1645.8383546742389,89,0,1.0
15,Min Sum,Full-Contraction,1.0,1603.3876093955055,104,0,1.0
15,Min Sum,Full-Contraction,1.0,1551.7657722504923,89,0,1.0
15,Min Sum,Full-Contraction,1.0,1669.9255646345669,86,0,1.0
15,Min Sum,Full-Contraction,1.0,1635.1181132789982,91,0,1.0
15,Min Sum,Full-Contraction,1.0,1846.4315725561535,96,0,1.0
15,Min Sum,Full-Contraction,1.0,2029.9441283384103,100,0,1.0
15,Min Sum,Full-Contraction,1.0,1356.710867953129,76,0,1.0
15,Min Sum,Full-Contraction,1.0,1736.612579680998,95,0,1.0
15,Min Sum,Full-Contraction,1.0,1629.436317045589,87,0,1.0
15,Min Sum,Full-Contraction,1.0,1381.6987747437406,78,0,1.0
15,Min Sum,Full-Contraction,1.0,1635.516759059827,94,0,1.0
15,Min Sum,Full-Contraction,1.0,1465.077637258192,80,0,1.0
15,Min Sum,Full-Contraction,1.0,1395.6306911962672,84,0,1.0
15,Min Sum,Full-Contraction,1.0,1584.8034933358322,94,0,1.0
15,Min Sum,Full-Contraction,1.0,2034.3115776422342,100,0,1.0
15,Min Sum,Full-Contraction,1.0,1613.7768540993648,99,0,1.0
15,Min Sum,Full-Contraction,1.0,1668.898648938315,89,0,1.0
15,Min Sum,Full-Contraction,1.0,1327.7437734373127,82,0,1.0
15,Min Sum,Full-Contraction,1.0,1539.5811707211074,82,0,1.0
15,Min Sum,Full-Contraction,1.0,1428.143884668783,76,0,1.0
15,Min Sum,Full-Contraction,1.0,1587.2910542710433,108,0,1.0
15,Min Sum,Full-Contraction,1.0,1871.8798855397627,103,0,1.0
15,Min Sum,Full-Contraction,1.0,1749.212878624403,98,0,1.0
15,Min Sum,Full-Contraction,1.0,1323.8891746625736,82,0,1.0
15,Min Sum,Full-Contraction,1.0,1241.1020694313916,70,0,1.0
15,Min Sum,Full-Contraction,1.0,1189.9916226623004,71,0,1.0
15,Min Sum,Full-Contraction,1.0,1938.4113241295495,97,0,1.0
15,Min Sum,Full-Contraction,1.0,1184.5806387938928,76,0,1.0
15,Min Sum,Full-Contraction,1.0,1222.6284590726839,73,0,1.0
15,Min Sum,Full-Contraction,1.0,1763.0159455418338,88,0,1.0
15,Min Sum,Full-Contraction,1.0,1265.461015856167,80,0,1.0
15,Min Sum,Full-Contraction,1.0,1501.6044797333534,81,0,1.0
15,Min Sum,Full-Contraction,1.0,1413.5204798118507,76,0,1.0
15,Min Sum,Full-Contraction,1.0,1337.473214472683,79,0,1.0
15,Min Sum,Full-Contraction,1.0,1522.4015514954472,82,0,1.0
15,Min Sum,Full-Contraction,1.0,1176.204392462454,66,0,1.0
15,Min Sum,Full-Contraction,1.0,1380.7954112395664,78,0,1.0
15,Min Sum,Full-Contraction,1.0,1178.3583413154415,71,0,1.0
15,Min Sum,Full-Contraction,1.0,1070.035247846154,63,0,1.0
15,Min Sum,Full-Contraction,1.0,1448.7911082834844,84,0,1.0
15,Min Sum,Full-Contraction,1.0,1126.8646898921315,72,0,1.0
15,Min Sum,Full-Contraction,1.0,1194.7979132728278,72,0,1.0
15,Min Sum,Full-Contraction,1.0,1445.254483723072,80,0,1.0
15,Min Sum,Full-Contraction,1.0,1500.7348968932538,83,0,1.0
15,Min Sum,Full-Contraction,1.0,1468.381379295864,90,0,1.0
15,Min Sum,Full-Contraction,1.0,1582.3337661925566,85,0,1.0
15,Min Sum,Full-Contraction,1.0,1340.0478441603718,73,0,1.0
15,Min Sum,Full-Contraction,1.0,1285.7906037575451,76,0,1.0
15,Min Sum,Full-Contraction,1.0,1259.513975919724,65,0,1.0
15,Min Sum,Full-Contraction,1.0,1665.7438759527163,92,0,1.0
15,Min Sum,Full-Contraction,1.0,1554.9537884225704,94,0,1.0
15,Min Sum,Full-Contraction,1.0,1755.534343726867,93,0,1.0
15,Min Sum,Full-Contraction,1.0,1396.6226876187761,76,0,1.0
15,Min Sum,Full-Contraction,1.0,1311.5910599816514,76,0,1.0
15,Min Sum,Full-Contraction,1.0,1664.3631588693556,97,0,1.0
15,Min Sum,Full-Contraction,1.0,1596.416557825758,81,0,1.0
15,Min Sum,Full-Contraction,1.0,1555.048314313394,78,0,1.0
15,Min Sum,Full-Contraction,1.0,1465.778643824919,89,0,1.0
15,Min Sum,Full-Contraction,1.0,1727.4243415895107,86,0,1.0
15,Min Sum,Full-Contraction,1.0,1510.2266915280857,84,0,1.0
15,Min Sum,Full-Contraction,1.0,1404.191477420083,77,0,1.0
15,Min Sum,Full-Contraction,1.0,1569.876802782839,82,0,1.0
15,Min Sum,Full-Contraction,1.0,1369.1807005565493,84,0,1.0
15,Min Sum,Full-Contraction,1.0,1267.2877804138964,69,0,1.0
15,Min Sum,Full-Contraction,1.0,1570.251915921605,82,0,1.0
15,Min Sum,Full-Contraction,1.0,1433.455489326203,75,0,1.0
15,Min Sum,Full-Contraction,1.0,1306.648580638966,65,0,1.0
15,Min Sum,Full-Contraction,1.0,1807.317017346124,89,0,1.0
15,Min Sum,Full-Contraction,1.0,1322.339187295956,78,0,1.0
15,Min Sum,Full-Contraction,1.0,1552.6793539293262,77,0,1.0
15,Min Sum,Full-Contraction,1.0,1371.225945477272,80,0,1.0
15,Min Sum,Full-Contraction,1.0,1573.911270343955,85,0,1.0
15,Min Sum,Full-Contraction,1.0,1930.3783886993092,95,0,1.0
15,Min Sum,Full-Contraction,1.0,1473.8012845468043,88,0,1.0
15,Min Sum,Full-Contraction,1.0,1248.9653758539737,78,0,1.0
15,Min Sum,Full-Contraction,1.0,1445.090002318179,81,0,1.0
15,Min Sum,Full-Contraction,1.0,1269.2993741130717,68,0,1.0
15,Min Sum,Full-Contraction,1.0,1469.7364381572202,92,0,1.0
15,Min Sum,Full-Contraction,1.0,2016.9571829715587,100,0,1.0
15,Min Sum,Full-Contraction,1.0,1869.409521300678,96,0,1.0
15,Min Sum,Full-Contraction,1.0,1325.1399853575638,78,0,1.0
15,Min Sum,Full-Contraction,1.0,1913.3479424763534,99,0,1.0
15,Min Sum,Full-Contraction,1.0,1369.5030885965868,72,0,1.0
15,Min Sum,Full-Contraction,1.0,1193.878229470898,61,0,1.0
15,Min Sum,Full-Contraction,1.0,1707.2548647109174,89,0,1.0
15,Min Sum,Full-Contraction,1.0,1087.7958960372478,69,0,1.0
15,Min Sum,Full-Contraction,1.0,1606.784010217108,83,0,1.0
15,Min Sum,Full-Contraction,1.0,1384.2054700887977,80,0,1.0
15,Min Sum,Full-Contraction,1.0,1390.2005140575388,70,0,1.0
15,Min Sum,Full-Contraction,1.0,1470.5304047479399,78,0,1.0
15,Min Sum,Full-Contraction,1.0,1289.9292860657474,68,0,1.0
15,Min Sum,Full-Contraction,1.0,1293.4823773064206,69,0,1.0
15,Min Sum,Full-Contraction,1.0,1234.5330630962912,66,0,1.0
15,Min Sum,Full-Contraction,1.0,1119.4641626206462,69,0,1.0
15,Min Sum,Full-Contraction,1.0,1150.583760704656,72,0,1.0
15,Min Sum,Full-Contraction,1.0,1193.589767253584,64,0,1.0
15,Min Sum,Full-Contraction,1.0,1114.1795514482346,63,0,1.0
15,Min Sum,Full-Contraction,1.0,1576.3759578141728,83,0,1.0
15,Min Sum,Full-Contraction,1.0,1464.7093675274466,77,0,1.0
15,Min Sum,Full-Contraction,1.0,1282.653015915721,79,0,1.0
15,Min Sum,Full-Contraction,1.0,1545.6351768683821,86,0,1.0
15,Min Sum,Full-Contraction,1.0,1138.141268918472,69,0,1.0
15,Min Sum,Full-Contraction,1.0,1240.5387608856333,68,0,1.0
15,Min Sum,Full-Contraction,1.0,1304.1288513695167,69,0,1.0
15,Min Sum,Full-Contraction,1.0,1778.1331294763354,92,0,1.0
15,Min Sum,Full-Contraction,1.0,1395.857076060318,83,0,1.0
15,Min Sum,Full-Contraction,1.0,1861.7307757344624,96,0,1.0
15,Min Sum,Full-Contraction,1.0,1529.0544390937584,80,0,1.0
15,Min Sum,Full-Contraction,1.0,2287.800387797751,113,0,1.0
15,Min Sum,Full-Contraction,1.0,2068.713047626236,109,0,1.0
15,Min Sum,Full-Contraction,1.0,1505.392380079123,75,0,1.0
15,Min Sum,Full-Contraction,1.0,2210.8060073161923,118,0,1.0
15,Min Sum,Full-Contraction,1.0,2128.7715861596357,106,0,1.0
15,Min Sum,Full-Contraction,1.0,1674.3996182469064,90,0,1.0
15,Min Sum,Full-Contraction,1.0,1641.2963391812555,90,0,1.0
15,Min Sum,Full-Contraction,1.0,1534.1783983400355,96,0,1.0
15,Min Sum,Full-Contraction,1.0,1880.9575316336288,101,0,1.0
15,Min Sum,Full-Contraction,1.0,1901.4839141469834,103,0,1.0
15,Min Sum,Full-Contraction,1.0,1714.6325569819628,94,0,1.0
15,Min Sum,Full-Contraction,1.0,1624.8593980800879,97,0,1.0
15,Min Sum,Full-Contraction,1.0,2277.5569996352997,121,0,1.0
15,Min Sum,Full-Contraction,1.0,2179.954381399984,111,0,1.0
15,Min Sum,Full-Contraction,1.0,2195.57166731272,108,0,1.0
15,Min Sum,Full-Contraction,1.0,1498.2252196447203,82,0,1.0
15,Min Sum,Full-Contraction,1.0,1601.3663754845952,97,0,1.0
15,Min Sum,Full-Contraction,1.0,2597.395261363694,127,0,1.0
15,Min Sum,Full-Contraction,1.0,2264.664174473153,112,0,1.0
15,Min Sum,Full-Contraction,1.0,2218.9427417799757,109,0,1.0
15,Min Sum,Full-Contraction,1.0,2187.0587637570297,114,0,1.0
15,Min Sum,Full-Contraction,1.0,1721.6855572187083,97,0,1.0
15,Min Sum,Full-Contraction,1.0,1315.8188176887095,82,0,1.0
15,Min Sum,Full-Contraction,1.0,2583.6979405323505,132,0,1.0
15,Min Sum,Full-Contraction,1.0,2189.7578862750875,114,0,1.0
15,Min Sum,Full-Contraction,1.0,1799.6429128978398,94,0,1.0
15,Min Sum,Full-Contraction,1.0,1390.0420289885233,73,0,1.0
15,Min Sum,Full-Contraction,1.0,2131.515196731465,105,0,1.0
15,Min Sum,Full-Contraction,1.0,1357.9557000637383,71,0,1.0
15,Min Sum,Full-Contraction,1.0,1551.0081094620134,77,0,1.0
15,Min Sum,Full-Contraction,1.0,1750.3651059211863,93,0,1.0
15,Min Sum,Full-Contraction,1.0,1758.6841312830204,87,0,1.0
15,Min Sum,Full-Contraction,1.0,1872.4795626284695,96,0,1.0
15,Min Sum,Full-Contraction,1.0,1386.9164459636722,73,0,1.0
15,Min Sum,Full-Contraction,1.0,1637.337785084757,86,0,1.0
15,Min Sum,Full-Contraction,1.0,1691.1957964304152,84,0,1.0
15,Min Sum,Full-Contraction,1.0,1473.7874390107347,74,0,1.0
15,Min Sum,Full-Contraction,1.0,1391.721356336876,73,0,1.0
15,Min Sum,Full-Contraction,1.0,1253.9272914431094,68,0,1.0
15,Min Sum,Full-Contraction,1.0,1514.8590333506309,79,0,1.0
15,Min Sum,Full-Contraction,1.0,1822.5355838527971,96,0,1.0
15,Min Sum,Full-Contraction,1.0,1865.6944585991341,96,0,1.0
15,Min Sum,Full-Contraction,1.0,1227.0252949605529,70,0,1.0
15,Min Sum,Full-Contraction,1.0,1394.0042098222,76,0,1.0
15,Min Sum,Full-Contraction,1.0,1620.5272496789798,81,0,1.0
15,Min Sum,Full-Contraction,1.0,1305.944394532884,69,0,1.0
15,Min Sum,Full-Contraction,1.0,1451.8356311727207,78,0,1.0
15,Min Sum,Full-Contraction,1.0,2203.7693338869485,109,0,1.0
15,Min Sum,Full-Contraction,1.0,1393.868850619196,74,0,1.0
15,Min Sum,Full-Contraction,1.0,1551.98320887723,88,0,1.0
15,Min Sum,Full-Contraction,1.0,1498.9923630362468,81,0,1.0
15,Min Sum,Full-Contraction,1.0,1901.7099668182022,97,0,1.0
15,Min Sum,Full-Contraction,1.0,1162.0154316260682,62,0,1.0
15,Min Sum,Full-Contraction,1.0,1620.5250702289839,85,0,1.0
15,Min Sum,Full-Contraction,1.0,1709.9276459459365,88,0,1.0
15,Min Sum,Full-Contraction,1.0,1475.365242022017,75,0,1.0
15,Min Sum,Full-Contraction,1.0,1623.3338676343355,84,0,1.0
15,Min Sum,Full-Contraction,1.0,1329.2428891180361,70,0,1.0
15,Min Sum,Full-Contraction,1.0,1383.042633492193,77,0,1.0
15,Min Sum,Full-Contraction,1.0,1417.8990165980085,74,0,1.0
15,Min Sum,Full-Contraction,1.0,1420.2992605529357,74,0,1.0
15,Min Sum,Full-Contraction,1.0,1162.684714113206,64,0,1.0
15,Min Sum,Full-Contraction,1.0,1117.052031345072,66,0,1.0
15,Min Sum,Full-Contraction,1.0,1262.968610630634,71,0,1.0
15,Min Sum,Full-Contraction,1.0,1772.0556758558887,91,0,1.0
15,Min Sum,Full-Contraction,1.0,1611.9022833199801,83,0,1.0
15,Min Sum,Full-Contraction,1.0,1225.6971778717877,70,0,1.0
15,Min Sum,Full-Contraction,1.0,1544.0720211752941,86,0,1.0
15,Min Sum,Full-Contraction,1.0,1312.8959766440646,73,0,1.0
15,Min Sum,Full-Contraction,1.0,1151.8558866115682,67,0,1.0
15,Min Sum,Full-Contraction,1.0,1464.908058933318,76,0,1.0
15,Min Sum,Full-Contraction,1.0,1862.1047280364905,101,0,1.0
15,Min Sum,Full-Contraction,1.0,1311.3763878873633,74,0,1.0
15,Min Sum,Full-Contraction,1.0,1894.6475243558702,97,0,1.0
15,Min Sum,Full-Contraction,1.0,1601.4713028999356,83,0,1.0
15,Min Sum,Full-Contraction,1.0,2143.650294829828,106,0,1.0
15,Min Sum,Full-Contraction,1.0,1946.874822234755,97,0,1.0
15,Min Sum,Full-Contraction,1.0,1595.2114819747358,80,0,1.0
15,Min Sum,Full-Contraction,1.0,1414.4068543207911,79,0,1.0
15,Min Sum,Full-Contraction,1.0,1488.5875483599868,83,0,1.0
15,Min Sum,Full-Contraction,1.0,1744.8027109841037,90,0,1.0
15,Min Sum,Full-Contraction,1.0,1816.7121374355402,90,0,1.0
15,Min Sum,Full-Contraction,1.0,1451.6678817671368,80,0,1.0
15,Min Sum,Full-Contraction,1.0,1520.3336932968107,85,0,1.0
15,Min Sum,Full-Contraction,1.0,2206.589394873872,109,0,1.0
15,Min Sum,Full-Contraction,1.0,1999.9844164236897,99,0,1.0
15,Min Sum,Full-Contraction,1.0,1935.716507995775,96,0,1.0
15,Min Sum,Full-Contraction,1.0,1402.4744707286961,70,0,1.0
15,Min Sum,Full-Contraction,1.0,1507.1473397046336,84,0,1.0
15,Min Sum,Full-Contraction,1.0,2341.85670193331,115,0,1.0
15,Min Sum,Full-Contraction,1.0,2053.977322936195,102,0,1.0
15,Min Sum,Full-Contraction,1.0,1990.9087555490096,99,0,1.0
15,Min Sum,Full-Contraction,1.0,2083.1838050810165,103,0,1.0
15,Min Sum,Full-Contraction,1.0,1613.727818586032,86,0,1.0
15,Min Sum,Full-Contraction,1.0,1200.0565136015928,69,0,1.0
15,Min Sum,Full-Contraction,1.0,2426.91341723244,120,0,1.0
15,Min Sum,Full-Contraction,1.0,2122.1442902692784,105,0,1.0
15,Min Sum,Full-Contraction,1.0,1590.715951485911,85,0,1.0
15,Min Sum,Full-Contraction,1.0,1660.8368004072597,84,0,1.0
15,Min Sum,Full-Contraction,1.0,1787.0138956396404,90,0,1.0
15,Min Sum,Full-Contraction,1.0,1523.1266110540819,78,0,1.0
15,Min Sum,Full-Contraction,1.0,1724.47683495083,87,0,1.0
15,Min Sum,Full-Contraction,1.0,1269.3926683454697,69,0,1.0
15,Min Sum,Full-Contraction,1.0,1575.6883164019791,80,0,1.0
15,Min Sum,Full-Contraction,1.0,1512.1464468492134,77,0,1.0
15,Min Sum,Full-Contraction,1.0,1398.6425703044679,75,0,1.0
15,Min Sum,Full-Contraction,1.0,1259.8731612088554,65,0,1.0
15,Min Sum,Full-Contraction,1.0,1302.7622474203324,66,0,1.0
15,Min Sum,Full-Contraction,1.0,1437.1757723758628,73,0,1.0
15,Min Sum,Full-Contraction,1.0,1851.071348852794,93,0,1.0
15,Min Sum,Full-Contraction,1.0,1621.9216042336748,86,0,1.0
15,Min Sum,Full-Contraction,1.0,1233.9914339077045,70,0,1.0
15,Min Sum,Full-Contraction,1.0,1702.8430251043108,85,0,1.0
15,Min Sum,Full-Contraction,1.0,1454.5637754719755,75,0,1.0
15,Min Sum,Full-Contraction,1.0,1322.8131377174418,67,0,1.0
15,Min Sum,Full-Contraction,1.0,1531.5447941789994,78,0,1.0
15,Min Sum,Full-Contraction,1.0,2061.3964824223444,103,0,1.0
15,Min Sum,Full-Contraction,1.0,1459.0610525172406,74,0,1.0
15,Min Sum,Full-Contraction,1.0,1936.2575270336401,96,0,1.0
15,Min Sum,Full-Contraction,1.0,1651.8535181356124,83,0,1.0
15,Min Sum,Full-Contraction,1.0,1839.3381666329979,91,0,1.0
15,Min Sum,Full-Contraction,1.0,2069.0213007353304,102,0,1.0
15,Min Sum,Full-Contraction,1.0,2094.3475333470633,103,0,1.0
15,Min Sum,Full-Contraction,1.0,1481.969430839673,80,0,1.0
15,Min Sum,Full-Contraction,1.0,2065.0466812034097,102,0,1.0
15,Min Sum,Full-Contraction,1.0,1747.999285479617,95,0,1.0
15,Min Sum,Full-Contraction,1.0,1652.9591911004181,82,0,1.0
15,Min Sum,Full-Contraction,1.0,1810.4823755763923,96,0,1.0
15,Min Sum,Full-Contraction,1.0,1335.773626534947,79,0,1.0
15,Min Sum,Full-Contraction,1.0,1808.4867467252984,90,0,1.0
15,Min Sum,Full-Contraction,1.0,1722.110668320211,92,0,1.0
15,Min Sum,Full-Contraction,1.0,2107.602534420661,104,0,1.0
15,Min Sum,Full-Contraction,1.0,1893.2837477859039,100,0,1.0
15,Min Sum,Full-Contraction,1.0,1357.5884185179452,68,0,1.0
15,Min Sum,Full-Contraction,1.0,1490.7568443988025,82,0,1.0
15,Min Sum,Full-Contraction,1.0,1670.657203146478,83,0,1.0
15,Min Sum,Full-Contraction,1.0,1353.1842070210455,78,0,1.0
15,Min Sum,Full-Contraction,1.0,2081.966621893007,103,0,1.0
15,Min Sum,Full-Contraction,1.0,1976.2066475121314,104,0,1.0
15,Min Sum,Full-Contraction,1.0,1536.8079415459292,77,0,1.0
15,Min Sum,Full-Contraction,1.0,1438.1666507397804,74,0,1.0
15,Min Sum,Full-Contraction,1.0,1805.811872983501,90,0,1.0
15,Min Sum,Full-Contraction,1.0,1631.3297287959977,90,0,1.0
15,Min Sum,Full-Contraction,1.0,1585.4517619285853,83,0,1.0
15,Min Sum,Full-Contraction,1.0,1872.3773925671599,93,0,1.0
15,Min Sum,Full-Contraction,1.0,1626.407192936166,89,0,1.0
15,Min Sum,Full-Contraction,1.0,1634.5529552199264,83,0,1.0
15,Min Sum,Full-Contraction,1.0,2131.0111941468194,107,0,1.0
15,Min Sum,Full-Contraction,1.0,1736.313907699272,94,0,1.0
15,Min Sum,Full-Contraction,1.0,1880.9856739326012,95,0,1.0
15,Min Sum,Full-Contraction,1.0,1382.8895572383585,77,0,1.0
15,Min Sum,Full-Contraction,1.0,1893.4711410533223,94,0,1.0
15,Min Sum,Full-Contraction,1.0,2248.565069869882,113,0,1.0
15,Min Sum,Full-Contraction,1.0,1745.453429989153,89,0,1.0
15,Min Sum,Full-Contraction,1.0,1741.0092532348292,88,0,1.0
15,Min Sum,Full-Contraction,1.0,1895.048756543548,96,0,1.0
15,Min Sum,Full-Contraction,1.0,1595.5611163157087,81,0,1.0
15,Min Sum,Full-Contraction,1.0,1395.7307792581819,80,0,1.0
15,Min Sum,Full-Contraction,1.0,2335.27690873442,117,0,1.0
15,Min Sum,Full-Contraction,1.0,1657.1362889087482,91,0,1.0
15,Min Sum,Full-Contraction,1.0,1449.264305629396,74,0,1.0
15,Min Sum,Full-Contraction,1.0,1193.6736579528158,68,0,1.0
15,Min Sum,Full-Contraction,1.0,1460.7387257677997,77,0,1.0
15,Min Sum,Full-Contraction,1.0,1049.903121813777,62,0,1.0
15,Min Sum,Full-Contraction,1.0,1099.883321449321,58,0,1.0
15,Min Sum,Full-Contraction,1.0,1276.6769260253845,72,0,1.0
15,Min Sum,Full-Contraction,1.0,1395.5706653409918,81,0,1.0
15,Min Sum,Full-Contraction,1.0,1460.2514015160612,75,0,1.0
15,Min Sum,Full-Contraction,1.0,1015.93900680274,68,0,1.0
15,Min Sum,Full-Contraction,1.0,1453.9460988347314,77,0,1.0
15,Min Sum,Full-Contraction,1.0,1345.9115293405632,68,0,1.0
15,Min Sum,Full-Contraction,1.0,1512.616015584263,88,0,1.0
15,Min Sum,Full-Contraction,1.0,1875.4620902444253,95,0,1.0
15,Min Sum,Full-Contraction,1.0,1576.4122687843171,81,0,1.0
15,Min Sum,Full-Contraction,1.0,1557.2138880714347,80,0,1.0
15,Min Sum,Full-Contraction,1.0,1407.1787932902228,75,0,1.0
15,Min Sum,Full-Contraction,1.0,1626.103046390448,84,0,1.0
15,Min Sum,Full-Contraction,1.0,1756.0664200855822,92,0,1.0
15,Min Sum,Full-Contraction,1.0,1939.3827404931817,104,0,1.0
15,Min Sum,Full-Contraction,1.0,1572.2500976625793,86,0,1.0
15,Min Sum,Full-Contraction,1.0,1820.1410039340317,91,0,1.0
15,Min Sum,Full-Contraction,1.0,1335.6421332023974,73,0,1.0
15,Min Sum,Full-Contraction,1.0,1304.625234873868,69,0,1.0
15,Min Sum,Full-Contraction,1.0,1510.7129858082853,82,0,1.0
15,Min Sum,Full-Contraction,1.0,1641.0084742520062,95,0,1.0
15,Min Sum,Full-Contraction,1.0,1650.024038395697,91,0,1.0
15,Min Sum,Full-Contraction,1.0,1367.121396563888,82,0,1.0
15,Min Sum,Full-Contraction,1.0,1413.672520311885,78,0,1.0
15,Min Sum,Full-Contraction,1.0,1453.1127031896287,73,0,1.0
15,Min Sum,Full-Contraction,1.0,1787.2895307667945,102,0,1.0
15,Min Sum,Full-Contraction,1.0,2152.9236008417374,110,0,1.0
15,Min Sum,Full-Contraction,1.0,1949.4859507646302,97,0,1.0
15,Min Sum,Full-Contraction,1.0,1880.0770731157045,96,0,1.0
15,Min Sum,Full-Contraction,1.0,1687.9351730503697,89,0,1.0
15,Min Sum,Full-Contraction,1.0,1416.4672630665195,81,0,1.0
15,Min Sum,Full-Contraction,1.0,1967.3201169125362,106,0,1.0
15,Min Sum,Full-Contraction,1.0,2369.422001817698,117,0,1.0
15,Min Sum,Full-Contraction,1.0,1796.0884052375943,98,0,1.0
15,Min Sum,Full-Contraction,1.0,1495.4401918538463,76,0,1.0
15,Min Sum,Full-Contraction,1.0,1278.981486025017,70,0,1.0
15,Min Sum,Full-Contraction,1.0,1222.469816241445,62,0,1.0
15,Min Sum,Full-Contraction,1.0,1352.1395061836406,75,0,1.0
15,Min Sum,Full-Contraction,1.0,1062.9057209597017,62,0,1.0
15,Min Sum,Full-Contraction,1.0,1224.7194245316432,66,0,1.0
15,Min Sum,Full-Contraction,1.0,1480.5416265824442,81,0,1.0
15,Min Sum,Full-Contraction,1.0,1646.6712882294764,83,0,1.0
15,Min Sum,Full-Contraction,1.0,1469.845353706829,81,0,1.0
15,Min Sum,Full-Contraction,1.0,1564.4812882374795,78,0,1.0
15,Min Sum,Full-Contraction,1.0,1269.9391366493992,66,0,1.0
15,Min Sum,Full-Contraction,1.0,1166.0263537330386,66,0,1.0
15,Min Sum,Full-Contraction,1.0,1213.5850356320157,65,0,1.0
15,Min Sum,Full-Contraction,1.0,1717.3525185573706,93,0,1.0
15,Min Sum,Full-Contraction,1.0,1556.5584600381449,85,0,1.0
15,Min Sum,Full-Contraction,1.0,1761.155683106771,87,0,1.0
15,Min Sum,Full-Contraction,1.0,1382.7050162231908,72,0,1.0
15,Min Sum,Full-Contraction,1.0,1164.5296620006475,63,0,1.0
15,Min Sum,Full-Contraction,1.0,1483.1395061199214,78,0,1.0
15,Min Sum,Full-Contraction,1.0,1715.972952324892,85,0,1.0
15,Min Sum,Full-Contraction,1.0,1582.7110278477649,82,0,1.0
15,Min Sum,Full-Contraction,1.0,1342.5189556427272,72,0,1.0
15,Min Sum,Full-Contraction,1.0,1383.3782866144184,78,0,1.0
15,Min Sum,Full-Contraction,1.0,1264.9985888263732,67,0,1.0
15,Min Sum,Full-Contraction,1.0,1861.885520480162,92,0,1.0
15,Min Sum,Full-Contraction,1.0,2004.5068675751452,103,0,1.0
15,Min Sum,Full-Contraction,1.0,1705.2799152402508,88,0,1.0
15,Min Sum,Full-Contraction,1.0,1743.0285964618733,87,0,1.0
15,Min Sum,Full-Contraction,1.0,1491.1102397414156,83,0,1.0
15,Min Sum,Full-Contraction,1.0,1539.5558532836294,82,0,1.0
15,Min Sum,Full-Contraction,1.0,1922.4510806716517,96,0,1.0
15,Min Sum,Full-Contraction,1.0,2172.849109063608,111,0,1.0
15,Min Sum,Full-Contraction,1.0,1797.2135064889465,93,0,1.0
15,Min Sum,Full-Contraction,1.0,1219.537235755579,66,0,1.0
15,Min Sum,Full-Contraction,1.0,1541.1750119606113,78,0,1.0
15,Min Sum,Full-Contraction,1.0,1407.5770500700028,72,0,1.0
15,Min Sum,Full-Contraction,1.0,1267.0602910823893,65,0,1.0
15,Min Sum,Full-Contraction,1.0,1373.9069072372404,70,0,1.0
15,Min Sum,Full-Contraction,1.0,1046.8700259986674,61,0,1.0
15,Min Sum,Full-Contraction,1.0,1682.1240602484158,85,0,1.0
15,Min Sum,Full-Contraction,1.0,1802.0946666532855,91,0,1.0
15,Min Sum,Full-Contraction,1.0,1516.8256552739226,77,0,1.0
15,Min Sum,Full-Contraction,1.0,1509.7079431683628,77,0,1.0
15,Min Sum,Full-Contraction,1.0,1382.2369100484793,70,0,1.0
15,Min Sum,Full-Contraction,1.0,1436.9942630220878,77,0,1.0
15,Min Sum,Full-Contraction,1.0,1765.2213944268337,89,0,1.0
15,Min Sum,Full-Contraction,1.0,1968.2088509175906,99,0,1.0
15,Min Sum,Full-Contraction,1.0,1593.4331041190178,81,0,1.0
15,Min Sum,Full-Contraction,1.0,1537.4343135774036,78,0,1.0
15,Min Sum,Full-Contraction,1.0,1207.6362811682898,66,0,1.0
15,Min Sum,Full-Contraction,1.0,1227.4799349402479,66,0,1.0
15,Min Sum,Full-Contraction,1.0,1341.9723012155541,74,0,1.0
15,Min Sum,Full-Contraction,1.0,1482.4313312826207,79,0,1.0
15,Min Sum,Full-Contraction,1.0,1656.7295652353398,84,0,1.0
15,Min Sum,Full-Contraction,1.0,1291.8049980256594,77,0,1.0
15,Min Sum,Full-Contraction,1.0,1182.0000955894661,66,0,1.0
15,Min Sum,Full-Contraction,1.0,1345.8182680473863,69,0,1.0
15,Min Sum,Full-Contraction,1.0,1115.1246865474454,57,0,1.0
15,Min Sum,Full-Contraction,1.0,1739.8119373826905,87,0,1.0
15,Min Sum,Full-Contraction,1.0,1743.4295818845542,88,0,1.0
15,Min Sum,Full-Contraction,1.0,1701.0409307435575,85,0,1.0
15,Min Sum,Full-Contraction,1.0,1343.8415950426315,68,0,1.0
15,Min Sum,Full-Contraction,1.0,1298.0466623659927,74,0,1.0
15,Min Sum,Full-Contraction,1.0,1323.229334150645,75,0,1.0
15,Min Sum,Full-Contraction,1.0,1752.2490176072702,95,0,1.0
15,Min Sum,Full-Contraction,1.0,1454.9376683215207,85,0,1.0
15,Min Sum,Full-Contraction,1.0,1221.5691395775175,79,0,1.0
15,Min Sum,Full-Contraction,1.0,1820.3718565195218,96,0,1.0
15,Min Sum,Full-Contraction,1.0,1406.7371394004938,77,0,1.0
15,Min Sum,Full-Contraction,1.0,1374.8454578452615,77,0,1.0
15,Min Sum,Full-Contraction,1.0,1474.12522243908,82,0,1.0
15,Min Sum,Full-Contraction,1.0,1929.055992044679,104,0,1.0
15,Min Sum,Full-Contraction,1.0,1609.466944955518,83,0,1.0
15,Min Sum,Full-Contraction,1.0,2041.1814635591554,106,0,1.0
15,Min Sum,Full-Contraction,1.0,1566.703522152301,91,0,1.0
15,Min Sum,Full-Contraction,1.0,1436.922780693923,75,0,1.0
15,Min Sum,Full-Contraction,1.0,1801.2913197653615,89,0,1.0
15,Min Sum,Full-Contraction,1.0,1861.6700718681286,92,0,1.0
15,Min Sum,Full-Contraction,1.0,1408.066530875383,75,0,1.0
15,Min Sum,Full-Contraction,1.0,1206.1911093900544,72,0,1.0
15,Min Sum,Full-Contraction,1.0,1510.5134118765045,75,0,1.0
15,Min Sum,Full-Contraction,1.0,1178.926011894529,66,0,1.0
15,Min Sum,Full-Contraction,1.0,1420.2098915837523,71,0,1.0
15,Min Sum,Full-Contraction,1.0,2075.583105783852,102,0,1.0
15,Min Sum,Full-Contraction,1.0,1493.7939790160347,79,0,1.0
15,Min Sum,Full-Contraction,1.0,1534.5361217353009,83,0,1.0
15,Min Sum,Full-Contraction,1.0,1478.2806451938802,74,0,1.0
15,Min Sum,Full-Contraction,1.0,1504.8375374290074,82,0,1.0
15,Min Sum,Full-Contraction,1.0,1235.3607631165569,75,0,1.0
15,Min Sum,Full-Contraction,1.0,1776.6285350648866,88,0,1.0
15,Min Sum,Full-Contraction,1.0,1486.5768784799316,95,0,1.0
15,Min Sum,Full-Contraction,1.0,1470.5266152339216,80,0,1.0
15,Min Sum,Full-Contraction,1.0,1590.8033237453747,79,0,1.0
15,Min Sum,Full-Contraction,1.0,1270.3989663018701,75,0,1.0
15,Min Sum,Full-Contraction,1.0,1679.4702821663504,90,0,1.0
15,Min Sum,Full-Contraction,1.0,1799.1708592332982,92,0,1.0
15,Min Sum,Full-Contraction,1.0,1669.3795742294233,103,0,1.0
15,Min Sum,Full-Contraction,1.0,1368.8139227569602,86,0,1.0
15,Min Sum,Full-Contraction,1.0,1387.027816263444,74,0,1.0
15,Min Sum,Full-Contraction,1.0,1986.1159399187923,102,0,1.0
15,Min Sum,Full-Contraction,1.0,1770.4299663388383,92,0,1.0
15,Min Sum,Full-Contraction,1.0,1664.7773294998024,86,0,1.0
15,Min Sum,Full-Contraction,1.0,1738.768522872982,90,0,1.0
15,Min Sum,Full-Contraction,1.0,1363.4198906924635,73,0,1.0
15,Min Sum,Full-Contraction,1.0,1224.553492929889,70,0,1.0
15,Min Sum,Full-Contraction,1.0,2080.859653518202,106,0,1.0
15,Min Sum,Full-Contraction,1.0,1748.013769457527,98,0,1.0
15,Min Sum,Full-Contraction,1.0,1354.0278300937161,78,0,1.0
15,Min Sum,Full-Contraction,1.0,1972.8720062243392,104,0,1.0
15,Min Sum,Full-Contraction,1.0,2191.281723911189,111,0,1.0
15,Min Sum,Full-Contraction,1.0,1996.7869560461145,99,0,1.0
15,Min Sum,Full-Contraction,1.0,1929.139173805399,98,0,1.0
15,Min Sum,Full-Contraction,1.0,1822.8396183848554,90,0,1.0
15,Min Sum,Full-Contraction,1.0,1419.6520285912334,81,0,1.0
15,Min Sum,Full-Contraction,1.0,2035.3160421808907,108,0,1.0
15,Min Sum,Full-Contraction,1.0,2397.525418088836,118,0,1.0
15,Min Sum,Full-Contraction,1.0,2005.338135038718,99,0,1.0
15,Min Sum,Full-Contraction,1.0,1473.196462653138,91,0,1.0
15,Min Sum,Full-Contraction,1.0,1678.7430130149587,85,0,1.0
15,Min Sum,Full-Contraction,1.0,1297.2665628553746,73,0,1.0
15,Min Sum,Full-Contraction,1.0,1522.7139408573767,86,0,1.0
15,Min Sum,Full-Contraction,1.0,2121.074104059315,113,0,1.0
15,Min Sum,Full-Contraction,1.0,1511.6337671786523,81,0,1.0
15,Min Sum,Full-Contraction,1.0,1973.6272900947981,102,0,1.0
15,Min Sum,Full-Contraction,1.0,1788.7770723398417,89,0,1.0
15,Min Sum,Full-Contraction,1.0,1541.1501343489006,81,0,1.0
15,Min Sum,Full-Contraction,1.0,1580.4020104957785,79,0,1.0
15,Min Sum,Full-Contraction,1.0,1410.5457189320118,71,0,1.0
15,Min Sum,Full-Contraction,1.0,2102.2459240838093,104,0,1.0
15,Min Sum,Full-Contraction,1.0,1839.8740667279362,95,0,1.0
15,Min Sum,Full-Contraction,1.0,1459.4309831924209,73,0,1.0
15,Min Sum,Full-Contraction,1.0,1460.549425282159,73,0,1.0
15,Min Sum,Full-Contraction,1.0,1338.5857469868256,73,0,1.0
15,Min Sum,Full-Contraction,1.0,1300.9045344897581,67,0,1.0
15,Min Sum,Full-Contraction,1.0,1731.7729616541487,98,0,1.0
15,Min Sum,Full-Contraction,1.0,1731.8088002066988,94,0,1.0
15,Min Sum,Full-Contraction,1.0,1472.9466538339013,90,0,1.0
15,Min Sum,Full-Contraction,1.0,1391.4999538013863,73,0,1.0
15,Min Sum,Full-Contraction,1.0,1288.39892201299,74,0,1.0
15,Min Sum,Full-Contraction,1.0,2119.660471289526,105,0,1.0
15,Min Sum,Full-Contraction,1.0,1586.6720136099593,84,0,1.0
15,Min Sum,Full-Contraction,1.0,1574.9708579320409,88,0,1.0
15,Min Sum,Full-Contraction,1.0,1287.148697679142,76,0,1.0
15,Min Sum,Full-Contraction,1.0,1915.1372627405221,95,0,1.0
15,Min Sum,Full-Contraction,1.0,1605.3140144393926,90,0,1.0
15,Min Sum,Full-Contraction,1.0,1451.321183878666,82,0,1.0
15,Min Sum,Full-Contraction,1.0,1300.8050369096309,65,0,1.0
15,Min Sum,Full-Contraction,1.0,2484.1612973936008,122,0,1.0
15,Min Sum,Full-Contraction,1.0,1953.2812555917756,112,0,1.0
15,Min Sum,Full-Contraction,1.0,1535.6085057418745,92,0,1.0
15,Min Sum,Full-Contraction,1.0,2054.18690387873,103,0,1.0
15,Min Sum,Full-Contraction,1.0,1953.8148638917894,97,0,1.0
15,Min Sum,Full-Contraction,1.0,1469.4377129852628,76,0,1.0
